user,listened,total,percentage,hits,status
arubaes,302,306,98.69281045751634,233,ok
sasagon,301,306,98.36601307189542,198,ok
smsuna,298,306,97.38562091503267,131,ok
xiaoyuan1974,291,306,95.09803921568627,121,ok
mkohka,290,306,94.77124183006535,116,ok
Mr_Tonmon,289,306,94.44444444444444,124,ok
bdp_izumikonata,288,306,94.11764705882352,179,ok
ulkeiji,288,306,94.11764705882352,147,ok
isaya,284,306,92.81045751633987,134,ok
D632511_ken,284,306,92.81045751633987,95,ok
thesparu,274,306,89.54248366013073,149,ok
tag_naka,274,306,89.54248366013073,140,ok
acyl,274,306,89.54248366013073,105,ok
js81364300,272,306,88.88888888888889,114,ok
0723Topload,268,306,87.58169934640523,120,ok
zzwataruzz,266,306,86.9281045751634,132,ok
M_saru_R,265,306,86.60130718954248,123,ok
dangoworld,264,306,86.27450980392157,155,ok
zahato_55,264,306,86.27450980392157,76,ok
256,263,306,85.94771241830065,136,ok
HABORYM_,263,306,85.94771241830065,123,ok
scar_bullet,262,306,85.62091503267973,98,ok
s2_engine,261,306,85.29411764705883,67,ok
Bdo509JY1eDGtPv,260,306,84.9673202614379,107,ok
pio_pio_111,259,306,84.640522875817,149,ok
Jaao_glass,259,306,84.640522875817,140,ok
Yakitori_nine,258,306,84.31372549019608,148,ok
matchaice,258,306,84.31372549019608,106,ok
xyzalsk,257,306,83.98692810457517,80,ok
tattsu17003,256,306,83.66013071895425,73,ok
onceingen,255,306,83.33333333333334,123,ok
tomoaki_0120,255,306,83.33333333333334,120,ok
nagi_emon,255,306,83.33333333333334,113,ok
Anime_Love616,255,306,83.33333333333334,89,ok
taktak,255,306,83.33333333333334,76,ok
hiro_furihiro,254,306,83.00653594771242,124,ok
pure_qian,254,306,83.00653594771242,106,ok
fuji_mon,254,306,83.00653594771242,70,ok
AKN_enju,253,306,82.6797385620915,112,ok
orangesan31,252,306,82.35294117647058,135,ok
dokurowin,251,306,82.02614379084967,108,ok
tattsu_17003,251,306,82.02614379084967,67,ok
Hakuro_0207,250,306,81.69934640522875,82,ok
kura_0823,250,306,81.69934640522875,66,ok
Lion_Morbid,249,306,81.37254901960785,109,ok
doorist,249,306,81.37254901960785,89,ok
cerveza_no13,249,306,81.37254901960785,88,ok
Chelsealily,247,306,80.71895424836602,97,ok
yodared,246,306,80.3921568627451,144,ok
ephemerum,246,306,80.3921568627451,101,ok
nyoronyoron,245,306,80.06535947712419,117,ok
ninneko77,245,306,80.06535947712419,73,ok
chiiiba_gel,244,306,79.73856209150327,123,ok
masao_do228,243,306,79.41176470588235,84,ok
gumix777,243,306,79.41176470588235,73,ok
zhtsoso,242,306,79.08496732026144,66,ok
acrabace,241,306,78.75816993464052,106,ok
circlekimitan,241,306,78.75816993464052,76,ok
_ktomoya,240,306,78.43137254901961,93,ok
ayaya3510,240,306,78.43137254901961,75,ok
Eaker_765P,239,306,78.10457516339869,85,ok
u_chi_tks,239,306,78.10457516339869,67,ok
Lise_seizon_,238,306,77.77777777777779,102,ok
CiRCLING,236,306,77.12418300653596,81,ok
ginchan_reborn,235,306,76.79738562091504,97,ok
NTsubasa,235,306,76.79738562091504,77,ok
funkyapple_6767,235,306,76.79738562091504,72,ok
mossari_peke,235,306,76.79738562091504,54,ok
soul1994,234,306,76.47058823529412,77,ok
TOMORINA,234,306,76.47058823529412,45,ok
hislet,233,306,76.1437908496732,75,ok
AW_www,232,306,75.81699346405229,157,ok
kazu2002,232,306,75.81699346405229,60,ok
hkdszokend,232,306,75.81699346405229,52,ok
dannbanngoukai,231,306,75.49019607843137,120,ok
kuronekomkii,230,306,75.16339869281046,103,ok
revolversix,230,306,75.16339869281046,91,ok
tkfortis,230,306,75.16339869281046,58,ok
rukaruka966,229,306,74.83660130718954,56,ok
ririth4147,229,306,74.83660130718954,49,ok
purikuma,228,306,74.50980392156863,103,ok
JASMINEMAN_,228,306,74.50980392156863,92,ok
sika418,228,306,74.50980392156863,89,ok
Enix373773,228,306,74.50980392156863,79,ok
norito_kun,227,306,74.18300653594771,91,ok
xvrCnSz8Bxki0PH,227,306,74.18300653594771,59,ok
trNMd,226,306,73.8562091503268,117,ok
kide_ws,226,306,73.8562091503268,91,ok
Nori99999999,226,306,73.8562091503268,68,ok
hpunei,226,306,73.8562091503268,55,ok
slym4321,224,306,73.20261437908496,101,ok
nymphy_tw,224,306,73.20261437908496,76,ok
suterusumomo,224,306,73.20261437908496,70,ok
woao,224,306,73.20261437908496,68,ok
nora25nora25,224,306,73.20261437908496,62,ok
Gao_Ora,223,306,72.87581699346404,71,ok
akahara0904,223,306,72.87581699346404,58,ok
kanami_iidx_qma,222,306,72.54901960784314,110,ok
Louis20,222,306,72.54901960784314,77,ok
KEICHAN8891,222,306,72.54901960784314,52,ok
Aprntc_evntrnt,221,306,72.22222222222221,44,ok
DeepMilk_Burst,220,306,71.89542483660131,67,ok
kkkeep43,219,306,71.56862745098039,84,ok
hatsune0626,219,306,71.56862745098039,71,ok
musi_in_stomach,219,306,71.56862745098039,71,ok
yukill1,219,306,71.56862745098039,64,ok
berserkr019,218,306,71.24183006535948,113,ok
potao0213,218,306,71.24183006535948,96,ok
Saaayo_0925,218,306,71.24183006535948,77,ok
taruto_Aimi,218,306,71.24183006535948,72,ok
carpybara_89,217,306,70.91503267973856,90,ok
YOICHIRO_UDON,217,306,70.91503267973856,78,ok
Ayase,217,306,70.91503267973856,64,ok
104aki1106,216,306,70.58823529411765,84,ok
Takemi_0705,216,306,70.58823529411765,65,ok
anime_taro,215,306,70.26143790849673,126,ok
poop66035618,215,306,70.26143790849673,70,ok
DDyf,215,306,70.26143790849673,58,ok
Cinnamon18,215,306,70.26143790849673,45,ok
leafenia,214,306,69.93464052287581,77,ok
biglove_uika,214,306,69.93464052287581,70,ok
karei_nituke,214,306,69.93464052287581,69,ok
hrn_arp,214,306,69.93464052287581,55,ok
Char_717,214,306,69.93464052287581,54,ok
crom__,213,306,69.6078431372549,124,ok
yukino_,213,306,69.6078431372549,71,ok
ajump120,213,306,69.6078431372549,68,ok
GawiJyu,213,306,69.6078431372549,48,ok
07_sanma,212,306,69.28104575163398,82,ok
matsumotohiko,212,306,69.28104575163398,50,ok
john_DD,211,306,68.95424836601308,67,ok
HimegawaCypher,211,306,68.95424836601308,46,ok
takaya0612,210,306,68.62745098039215,100,ok
XIVA_holycity,210,306,68.62745098039215,88,ok
Goli_sen,210,306,68.62745098039215,81,ok
maegamisoyorin,210,306,68.62745098039215,61,ok
Magnus,210,306,68.62745098039215,50,ok
masiro46x,210,306,68.62745098039215,48,ok
oredayo1256,209,306,68.30065359477125,82,ok
xiluo_shiro,209,306,68.30065359477125,53,ok
kako00,208,306,67.97385620915033,82,ok
trinitywaldere2,208,306,67.97385620915033,70,ok
kabuo_1512wh,208,306,67.97385620915033,68,ok
likeLiSA0701,208,306,67.97385620915033,63,ok
chrono,208,306,67.97385620915033,28,ok
hokuhoku9810091,207,306,67.64705882352942,101,ok
7KoWa,207,306,67.64705882352942,74,ok
minato_kageaki,207,306,67.64705882352942,64,ok
KyleArtas1011,207,306,67.64705882352942,48,ok
nyanhase,207,306,67.64705882352942,46,ok
chelsea__lily,206,306,67.3202614379085,69,ok
C_Suprem,206,306,67.3202614379085,60,ok
JAPAN_RED,206,306,67.3202614379085,59,ok
pe__eee,206,306,67.3202614379085,53,ok
uniii,206,306,67.3202614379085,37,ok
lolikenji36,206,306,67.3202614379085,30,ok
sakurasora7,205,306,66.99346405228758,102,ok
khaos_enumaelis,205,306,66.99346405228758,77,ok
yama_inoriSide,205,306,66.99346405228758,49,ok
ofurobot,205,306,66.99346405228758,48,ok
r4mun3,205,306,66.99346405228758,42,ok
yutan0507,204,306,66.66666666666666,103,ok
CHLee_69,204,306,66.66666666666666,68,ok
Aile_strike,204,306,66.66666666666666,57,ok
SproutsTO,204,306,66.66666666666666,53,ok
Yuki_saechigo,204,306,66.66666666666666,45,ok
kana9999,203,306,66.33986928104575,59,ok
aru5rhythm,203,306,66.33986928104575,52,ok
A380,203,306,66.33986928104575,36,ok
kame_bazu,202,306,66.01307189542483,69,ok
ItStrikews,202,306,66.01307189542483,46,ok
k_ibis,202,306,66.01307189542483,43,ok
JagerBang,202,306,66.01307189542483,30,ok
Andes_stars,201,306,65.68627450980392,73,ok
sisisisiso,201,306,65.68627450980392,65,ok
Cre_croquette33,201,306,65.68627450980392,60,ok
8787tomato,201,306,65.68627450980392,59,ok
qq915713557,201,306,65.68627450980392,52,ok
sute_00,201,306,65.68627450980392,44,ok
tedder,200,306,65.359477124183,42,ok
RyuseiX,200,306,65.359477124183,41,ok
rosenkreuzrosec,199,306,65.0326797385621,67,ok
wolf66689_ab,199,306,65.0326797385621,67,ok
aguriangry,199,306,65.0326797385621,62,ok
Mukuchi_yng,199,306,65.0326797385621,60,ok
purato_4241,199,306,65.0326797385621,50,ok
Amipoli,199,306,65.0326797385621,46,ok
taeshizu_oxygen,199,306,65.0326797385621,46,ok
HARUOAO,199,306,65.0326797385621,42,ok
toaru_mimo,198,306,64.70588235294117,81,ok
mochineco315,198,306,64.70588235294117,67,ok
Ronny62,198,306,64.70588235294117,57,ok
Niji_dou,198,306,64.70588235294117,50,ok
murasame_aminos,198,306,64.70588235294117,49,ok
Rei_43817,198,306,64.70588235294117,49,ok
tarozesmarken,198,306,64.70588235294117,37,ok
cleve14nd2430,198,306,64.70588235294117,34,ok
mizuProducer,198,306,64.70588235294117,32,ok
UN,197,306,64.37908496732027,66,ok
nana7mi,197,306,64.37908496732027,59,ok
TangXiu,197,306,64.37908496732027,46,ok
youalphajanjan,197,306,64.37908496732027,44,ok
ann_2B2B,197,306,64.37908496732027,39,ok
kussogaki,196,306,64.05228758169935,31,ok
exvs2yumenokake,195,306,63.725490196078425,55,ok
y537bby,195,306,63.725490196078425,48,ok
ww,195,306,63.725490196078425,28,ok
yohiro_,194,306,63.39869281045751,77,ok
eseiker,194,306,63.39869281045751,48,ok
chennuo411,194,306,63.39869281045751,45,ok
izusa,194,306,63.39869281045751,38,ok
vvTuner,194,306,63.39869281045751,38,ok
homuhomu409,193,306,63.0718954248366,83,ok
migiwax,193,306,63.0718954248366,58,ok
nanokin00,193,306,63.0718954248366,43,ok
noritama_81,192,306,62.745098039215684,56,ok
a0,192,306,62.745098039215684,36,ok
ryafurafu,192,306,62.745098039215684,35,ok
JakeNonsuke,192,306,62.745098039215684,34,ok
creepig0519,192,306,62.745098039215684,31,ok
winter_rck,191,306,62.41830065359477,66,ok
ceass20xx_v2,191,306,62.41830065359477,53,ok
Hiroyuton,191,306,62.41830065359477,53,ok
chrono283,191,306,62.41830065359477,50,ok
snowolf132,191,306,62.41830065359477,44,ok
una_gentildonna,191,306,62.41830065359477,33,ok
halkas,190,306,62.091503267973856,108,ok
eb0g0000,190,306,62.091503267973856,91,ok
kingdish,190,306,62.091503267973856,74,ok
sddav124,190,306,62.091503267973856,68,ok
hiro_senritu,190,306,62.091503267973856,64,ok
Tantanize,190,306,62.091503267973856,61,ok
music7080803,190,306,62.091503267973856,59,ok
eterbless,190,306,62.091503267973856,58,ok
yamizokuseina,190,306,62.091503267973856,58,ok
masa_gktbs,189,306,61.76470588235294,91,ok
P0LK4M4N14,189,306,61.76470588235294,56,ok
l_ckclover,189,306,61.76470588235294,55,ok
T0Ran,189,306,61.76470588235294,47,ok
Fe3O4,189,306,61.76470588235294,45,ok
satonoya,188,306,61.43790849673203,70,ok
hinaduki,188,306,61.43790849673203,68,ok
Re_Tboyaki,188,306,61.43790849673203,43,ok
E_philia,187,306,61.111111111111114,67,ok
yggdrasill_norn,187,306,61.111111111111114,54,ok
potadou,187,306,61.111111111111114,52,ok
giftcard,187,306,61.111111111111114,35,ok
Rockwell3575,186,306,60.78431372549019,108,ok
minmin_ev,186,306,60.78431372549019,77,ok
KPA_1953,186,306,60.78431372549019,54,ok
feindeath,186,306,60.78431372549019,52,ok
Katsu_Rey,186,306,60.78431372549019,47,ok
q22481067,186,306,60.78431372549019,41,ok
evergreen_ttd,185,306,60.45751633986928,62,ok
barkhorn0331,185,306,60.45751633986928,61,ok
Rainbow_240_,185,306,60.45751633986928,51,ok
sphere0806,185,306,60.45751633986928,50,ok
peer4321,185,306,60.45751633986928,48,ok
Nago_RoseMas,185,306,60.45751633986928,45,ok
saki750086,185,306,60.45751633986928,44,ok
oscar865,184,306,60.130718954248366,42,ok
maximumdr1203,184,306,60.130718954248366,40,ok
YGX,184,306,60.130718954248366,30,ok
jovivoid,184,306,60.130718954248366,27,ok
Mette_Jeong,183,306,59.80392156862745,44,ok
whb,183,306,59.80392156862745,34,ok
yossy_014,183,306,59.80392156862745,33,ok
amoxicillin,182,306,59.47712418300654,70,ok
dxgzssk,182,306,59.47712418300654,67,ok
enya_r,182,306,59.47712418300654,64,ok
NY_haruka0403,182,306,59.47712418300654,51,ok
maedayousuke,182,306,59.47712418300654,48,ok
keynnx,182,306,59.47712418300654,42,ok
reiki99088,182,306,59.47712418300654,42,ok
417_72ki,182,306,59.47712418300654,41,ok
naito_LI944,182,306,59.47712418300654,38,ok
RedWhile_0505,181,306,59.150326797385624,63,ok
titanloong1219,181,306,59.150326797385624,58,ok
0jiyama,181,306,59.150326797385624,44,ok
HEART_OF_SWORD,181,306,59.150326797385624,39,ok
anatatorico,181,306,59.150326797385624,36,ok
hiunlink,181,306,59.150326797385624,31,ok
dokusheen,181,306,59.150326797385624,27,ok
Silvia773,181,306,59.150326797385624,27,ok
gammaraptor,180,306,58.82352941176471,72,ok
FeiY,180,306,58.82352941176471,36,ok
rana_honoi,180,306,58.82352941176471,34,ok
ARIA_Audi32,180,306,58.82352941176471,28,ok
step_ng0048,179,306,58.496732026143796,64,ok
2_shiki168,179,306,58.496732026143796,63,ok
yuubon_24Oyu,179,306,58.496732026143796,55,ok
pie_rre3112,179,306,58.496732026143796,50,ok
Suzume_san,179,306,58.496732026143796,46,ok
yasumumi,179,306,58.496732026143796,42,ok
RyoZuc,179,306,58.496732026143796,35,ok
PrideOfJeju,179,306,58.496732026143796,22,ok
kocha_mofu,178,306,58.16993464052288,90,ok
Aaa,178,306,58.16993464052288,76,ok
Teteshi666,178,306,58.16993464052288,70,ok
Fuji,178,306,58.16993464052288,66,ok
Rollei_35,178,306,58.16993464052288,54,ok
kazulock7,178,306,58.16993464052288,37,ok
ncnotnc,178,306,58.16993464052288,37,ok
sebalef10121,178,306,58.16993464052288,37,ok
tommygary4118,178,306,58.16993464052288,34,ok
Loey,178,306,58.16993464052288,31,ok
BaffyRana,178,306,58.16993464052288,22,ok
koba_81_open,177,306,57.84313725490197,65,ok
nepcom7,177,306,57.84313725490197,58,ok
PROG,177,306,57.84313725490197,57,ok
NonR,177,306,57.84313725490197,40,ok
tolove182128,177,306,57.84313725490197,40,ok
flosuire33,177,306,57.84313725490197,38,ok
zozozoe,177,306,57.84313725490197,35,ok
lyliutwo,177,306,57.84313725490197,34,ok
Ashita_torico,177,306,57.84313725490197,33,ok
optimisticmemet,177,306,57.84313725490197,30,ok
masa_FLARE1729,177,306,57.84313725490197,29,ok
MilkyAround,177,306,57.84313725490197,29,ok
shil_dream,176,306,57.51633986928104,93,ok
KayaSpica,176,306,57.51633986928104,62,ok
okamizu_kyawawa,176,306,57.51633986928104,60,ok
tenten570,176,306,57.51633986928104,48,ok
yutty5252,176,306,57.51633986928104,31,ok
Islalfa,176,306,57.51633986928104,28,ok
Effect,176,306,57.51633986928104,24,ok
double_lung,176,306,57.51633986928104,23,ok
jgw0087,175,306,57.18954248366013,87,ok
X_1111,175,306,57.18954248366013,53,ok
Kagyo_Alice,175,306,57.18954248366013,49,ok
GoldenAchan,175,306,57.18954248366013,37,ok
Lisa825Sayo320,175,306,57.18954248366013,34,ok
littleclean86,175,306,57.18954248366013,30,ok
VsjKexjBNFkbiZ6,175,306,57.18954248366013,27,ok
Astral,175,306,57.18954248366013,26,ok
kaorietoile,175,306,57.18954248366013,21,ok
ader1077731,175,306,57.18954248366013,18,ok
tatsuki1986,174,306,56.86274509803921,79,ok
Jun_GRB,174,306,56.86274509803921,71,ok
MEMORiA,174,306,56.86274509803921,59,ok
wonder_land51,174,306,56.86274509803921,53,ok
daisy_sora,174,306,56.86274509803921,52,ok
UoxoU_Dr_M,174,306,56.86274509803921,48,ok
Mathematics496,174,306,56.86274509803921,42,ok
cn_msay,174,306,56.86274509803921,41,ok
icchiy3,174,306,56.86274509803921,40,ok
yukikaze616,174,306,56.86274509803921,31,ok
illusionMeng,174,306,56.86274509803921,30,ok
yak991224_1,174,306,56.86274509803921,28,ok
misuzu_bd,173,306,56.5359477124183,73,ok
su_3stars,173,306,56.5359477124183,61,ok
kazuhikh_sound,173,306,56.5359477124183,59,ok
cozasaifa,173,306,56.5359477124183,40,ok
Scottt123,173,306,56.5359477124183,38,ok
pomodoki,173,306,56.5359477124183,34,ok
oYa4um1_,173,306,56.5359477124183,23,ok
Salty_Ring,173,306,56.5359477124183,20,ok
tktkhim,172,306,56.209150326797385,60,ok
lostdeviant589,172,306,56.209150326797385,50,ok
Passion,172,306,56.209150326797385,46,ok
hitsdu_wh,172,306,56.209150326797385,28,ok
beruze_irutoa,172,306,56.209150326797385,24,ok
shamuru,171,306,55.88235294117647,84,ok
donber7,171,306,55.88235294117647,74,ok
Y_N_fSLL,171,306,55.88235294117647,44,ok
settemare_m,171,306,55.88235294117647,43,ok
rai_3710ykn,171,306,55.88235294117647,40,ok
badpenalutiy404,171,306,55.88235294117647,35,ok
SUFE_IDOL,171,306,55.88235294117647,35,ok
szerenne,171,306,55.88235294117647,34,ok
guazi,171,306,55.88235294117647,29,ok
snowfish,171,306,55.88235294117647,26,ok
juniti747,171,306,55.88235294117647,24,ok
liusu119_1,171,306,55.88235294117647,19,ok
RYUSAIKOU,170,306,55.55555555555556,71,ok
shindenj7,170,306,55.55555555555556,64,ok
Cr_9661015,170,306,55.55555555555556,53,ok
AfyAfyAfyAfyAfy,170,306,55.55555555555556,50,ok
wakaba628,170,306,55.55555555555556,40,ok
9KRA3,170,306,55.55555555555556,34,ok
kuroXshiro,170,306,55.55555555555556,29,ok
_rollingworld,169,306,55.22875816993464,48,ok
anime__shu,169,306,55.22875816993464,36,ok
luis246,169,306,55.22875816993464,35,ok
Sandman_0405,169,306,55.22875816993464,31,ok
a1021909626,169,306,55.22875816993464,29,ok
slaineqaq,169,306,55.22875816993464,20,ok
ElainaLilith,169,306,55.22875816993464,18,ok
flandre0915,168,306,54.90196078431373,51,ok
mt05304022,168,306,54.90196078431373,40,ok
green_ghost,168,306,54.90196078431373,34,ok
ino_pi_,168,306,54.90196078431373,23,ok
hiron_r_,167,306,54.57516339869281,61,ok
hanekoda,167,306,54.57516339869281,51,ok
pochi,167,306,54.57516339869281,51,ok
iom110223,167,306,54.57516339869281,43,ok
azuki_iRis,167,306,54.57516339869281,42,ok
bj6676,167,306,54.57516339869281,35,ok
Dreamers_1225,167,306,54.57516339869281,35,ok
mikato8634,167,306,54.57516339869281,30,ok
fzj,166,306,54.248366013071895,45,ok
Straylight_00,166,306,54.248366013071895,40,ok
munoourevival,166,306,54.248366013071895,30,ok
bujiabao028,166,306,54.248366013071895,27,ok
tantakatan17,166,306,54.248366013071895,27,ok
masao,165,306,53.92156862745098,63,ok
ClariSdaisuki,165,306,53.92156862745098,53,ok
Minna_suki,165,306,53.92156862745098,46,ok
yuuuuuuuri_0225,165,306,53.92156862745098,41,ok
pagu9689,165,306,53.92156862745098,40,ok
solt_0000,165,306,53.92156862745098,39,ok
flying_Bonito,165,306,53.92156862745098,36,ok
hepl0122,165,306,53.92156862745098,20,ok
moshelly_ttt,164,306,53.59477124183007,64,ok
tak178mat,164,306,53.59477124183007,63,ok
OwenT,164,306,53.59477124183007,52,ok
suzuk4ze_,164,306,53.59477124183007,44,ok
Lyiel,164,306,53.59477124183007,36,ok
domino_856,164,306,53.59477124183007,35,ok
aim120a,164,306,53.59477124183007,31,ok
JanWang,164,306,53.59477124183007,25,ok
yokan,164,306,53.59477124183007,25,ok
blood3821,163,306,53.26797385620915,52,ok
haruhito_99,163,306,53.26797385620915,48,ok
aoixvi,163,306,53.26797385620915,47,ok
c_p_d_eulb,163,306,53.26797385620915,37,ok
WickedLaser505,163,306,53.26797385620915,34,ok
B77889999,163,306,53.26797385620915,30,ok
karamisaurus,163,306,53.26797385620915,23,ok
yu_jin1145,163,306,53.26797385620915,23,ok
occhan_garupa,162,306,52.94117647058824,56,ok
s4k4k,162,306,52.94117647058824,50,ok
Panda_Paste,162,306,52.94117647058824,39,ok
kain_the_shine,162,306,52.94117647058824,38,ok
futosuto,162,306,52.94117647058824,30,ok
Admiral_Nagumo,162,306,52.94117647058824,28,ok
yuri_lilly72,162,306,52.94117647058824,28,ok
chonpskcamg,162,306,52.94117647058824,24,ok
deathtrowa,162,306,52.94117647058824,23,ok
wedison,162,306,52.94117647058824,21,ok
Zz3h_,162,306,52.94117647058824,19,ok
rinrin_anthem26,161,306,52.614379084967325,72,ok
Jack_R_00,161,306,52.614379084967325,65,ok
fhiroluna,161,306,52.614379084967325,44,ok
yusana_itto,161,306,52.614379084967325,40,ok
Syuka0819,161,306,52.614379084967325,38,ok
capilanohs,161,306,52.614379084967325,25,ok
XavierRiceKevin,161,306,52.614379084967325,25,ok
liangericrenxin0319,161,306,52.614379084967325,24,ok
Simpleis,161,306,52.614379084967325,23,ok
a4pa4p,161,306,52.614379084967325,22,ok
aika_tie,161,306,52.614379084967325,21,ok
mou_att,160,306,52.28758169934641,55,ok
kappumen12,160,306,52.28758169934641,54,ok
joeeee2480,160,306,52.28758169934641,53,ok
mrskotake,160,306,52.28758169934641,50,ok
t_nami73,160,306,52.28758169934641,49,ok
mee801_S,160,306,52.28758169934641,29,ok
zzy4987,160,306,52.28758169934641,29,ok
Arno912,160,306,52.28758169934641,21,ok
gans_09,159,306,51.9607843137255,55,ok
sugapuredd,159,306,51.9607843137255,52,ok
anime_ok17,159,306,51.9607843137255,40,ok
j_jirou,159,306,51.9607843137255,38,ok
washio_yuna,159,306,51.9607843137255,38,ok
ramenn114514,159,306,51.9607843137255,36,ok
Chad,159,306,51.9607843137255,31,ok
Paper36,159,306,51.9607843137255,26,ok
Setsuna_LLENN,159,306,51.9607843137255,25,ok
wataru.yamato,159,306,51.9607843137255,24,ok
kim_jong_un,159,306,51.9607843137255,23,ok
starlight,159,306,51.9607843137255,17,ok
honnhu12345,158,306,51.633986928104584,74,ok
chikuo25,158,306,51.633986928104584,72,ok
hkl0502,158,306,51.633986928104584,54,ok
mazin001,158,306,51.633986928104584,52,ok
yamajin4,158,306,51.633986928104584,46,ok
RK,158,306,51.633986928104584,45,ok
Cakey,158,306,51.633986928104584,37,ok
muno,158,306,51.633986928104584,33,ok
m1n4to,158,306,51.633986928104584,24,ok
Koyo,158,306,51.633986928104584,18,ok
Shang_hai_mura,157,306,51.307189542483655,54,ok
XiaoZ,157,306,51.307189542483655,43,ok
re_yuichi13,157,306,51.307189542483655,41,ok
rt6954,157,306,51.307189542483655,40,ok
KahoJacky,157,306,51.307189542483655,37,ok
chateau5588,157,306,51.307189542483655,36,ok
ac7a_2,157,306,51.307189542483655,33,ok
semyon_uri29,157,306,51.307189542483655,30,ok
cool0crow,157,306,51.307189542483655,26,ok
lgdxuezha,157,306,51.307189542483655,13,ok
hisagi,156,306,50.98039215686274,50,ok
jsjfs005,156,306,50.98039215686274,48,ok
yujiionm,156,306,50.98039215686274,48,ok
kuroyaba,156,306,50.98039215686274,47,ok
bitcoin,156,306,50.98039215686274,27,ok
huya,156,306,50.98039215686274,23,ok
Ari27_ppon,156,306,50.98039215686274,18,ok
yagi_yui,155,306,50.65359477124183,78,ok
otousannokodomo,155,306,50.65359477124183,46,ok
Pokonyan,155,306,50.65359477124183,39,ok
kanzaki007p,155,306,50.65359477124183,35,ok
einheil,155,306,50.65359477124183,32,ok
ogrism_3417,155,306,50.65359477124183,29,ok
smallsmallso1999,155,306,50.65359477124183,29,ok
sanagi01,155,306,50.65359477124183,26,ok
Kitanam0816,155,306,50.65359477124183,23,ok
ongr_hmds_,155,306,50.65359477124183,21,ok
camera,155,306,50.65359477124183,16,ok
ene_rocket,154,306,50.326797385620914,64,ok
kurata_305,154,306,50.326797385620914,55,ok
aa68nri,154,306,50.326797385620914,47,ok
alice_mbe_p,154,306,50.326797385620914,41,ok
yodo_P_yayoi,154,306,50.326797385620914,41,ok
yositune_game,154,306,50.326797385620914,41,ok
kakeru_otaku,154,306,50.326797385620914,35,ok
SujaP,154,306,50.326797385620914,35,ok
terutsuki39,154,306,50.326797385620914,34,ok
e6866851,154,306,50.326797385620914,28,ok
Chihaya,154,306,50.326797385620914,24,ok
mooham,153,306,50.0,60,ok
makimura_123,153,306,50.0,58,ok
saitou1038,153,306,50.0,51,ok
canshi,153,306,50.0,50,ok
wdw,153,306,50.0,17,ok
yammer1492,152,306,49.673202614379086,54,ok
TB91_KZ,152,306,49.673202614379086,29,ok
harmonialeo,152,306,49.673202614379086,24,ok
TonariJ,152,306,49.673202614379086,21,ok
yatama,152,306,49.673202614379086,20,ok
Ari27_popo,152,306,49.673202614379086,17,ok
quartus145,152,306,49.673202614379086,17,ok
aa,151,306,49.34640522875817,58,ok
m_sakurakage,151,306,49.34640522875817,57,ok
bajyura7,151,306,49.34640522875817,44,ok
13tonton17,151,306,49.34640522875817,43,ok
Utamaru_anime,151,306,49.34640522875817,37,ok
Qingdaobanana,151,306,49.34640522875817,36,ok
ccweiwei,151,306,49.34640522875817,34,ok
shin0424,151,306,49.34640522875817,34,ok
Mozalic,151,306,49.34640522875817,33,ok
zwqGn0GLwk0E2Z7,151,306,49.34640522875817,26,ok
yuri_ohsaka,151,306,49.34640522875817,23,ok
hibiki_lv,151,306,49.34640522875817,22,ok
tori_555,150,306,49.01960784313725,55,ok
hgskt0928,150,306,49.01960784313725,37,ok
mrts430,150,306,49.01960784313725,32,ok
mekong,150,306,49.01960784313725,31,ok
kosetaki,150,306,49.01960784313725,28,ok
eddiemyst,150,306,49.01960784313725,27,ok
bw0612,150,306,49.01960784313725,26,ok
shtiga,150,306,49.01960784313725,25,ok
qianqianz156,150,306,49.01960784313725,20,ok
sgtfuzzy92,150,306,49.01960784313725,20,ok
at314,150,306,49.01960784313725,19,ok
qwer61583,150,306,49.01960784313725,19,ok
liyucheng0825,150,306,49.01960784313725,18,ok
kzsk_urara,149,306,48.69281045751634,92,ok
YukiOcO,149,306,48.69281045751634,51,ok
hogeokun,149,306,48.69281045751634,46,ok
mtmrrni,149,306,48.69281045751634,45,ok
tkm7s,149,306,48.69281045751634,32,ok
Bruce,149,306,48.69281045751634,30,ok
wataraiger,149,306,48.69281045751634,23,ok
Yuanyuan83,149,306,48.69281045751634,21,ok
cleftobsidian,149,306,48.69281045751634,20,ok
Thyras_T,149,306,48.69281045751634,20,ok
Tokui0306,149,306,48.69281045751634,18,ok
kue,149,306,48.69281045751634,17,ok
mei_RiCCa,149,306,48.69281045751634,17,ok
r_baiccio,149,306,48.69281045751634,16,ok
yuki6_15,148,306,48.36601307189542,76,ok
Kyma113,148,306,48.36601307189542,53,ok
AllmostDead_ism,148,306,48.36601307189542,40,ok
sironess1866,148,306,48.36601307189542,31,ok
Copper_Nickel,148,306,48.36601307189542,27,ok
Mag33699,148,306,48.36601307189542,23,ok
REIRION1228,148,306,48.36601307189542,21,ok
rellic,148,306,48.36601307189542,19,ok
yuki9800,148,306,48.36601307189542,16,ok
aDfc5MgWaF6uTFx,147,306,48.03921568627451,51,ok
maxi_5656,147,306,48.03921568627451,47,ok
seisynbiginner,147,306,48.03921568627451,46,ok
nekomimilky,147,306,48.03921568627451,39,ok
SzkSmith,147,306,48.03921568627451,36,ok
Fadekyun,147,306,48.03921568627451,34,ok
j_obwind,147,306,48.03921568627451,33,ok
harunoyuki,147,306,48.03921568627451,30,ok
kumotante,147,306,48.03921568627451,26,ok
Hyashi_3,147,306,48.03921568627451,23,ok
kaku31,147,306,48.03921568627451,22,ok
solowpooppy,147,306,48.03921568627451,21,ok
Ex_c2y2c,147,306,48.03921568627451,20,ok
Masakakun,147,306,48.03921568627451,17,ok
mu__nix,146,306,47.712418300653596,61,ok
GaTTY4782,146,306,47.712418300653596,46,ok
TENORI0303r,146,306,47.712418300653596,45,ok
tsukinohime,146,306,47.712418300653596,41,ok
wawww12345,146,306,47.712418300653596,36,ok
Yuri_Paisen,146,306,47.712418300653596,34,ok
saku_17__,146,306,47.712418300653596,26,ok
huoba,146,306,47.712418300653596,23,ok
Luo,146,306,47.712418300653596,22,ok
omochi0122,146,306,47.712418300653596,21,ok
simon,146,306,47.712418300653596,21,ok
Frankenadrixias,146,306,47.712418300653596,19,ok
naedondabdr,146,306,47.712418300653596,17,ok
sjl,145,306,47.385620915032675,62,ok
KONMIO34,145,306,47.385620915032675,56,ok
yunp_maru,145,306,47.385620915032675,43,ok
tako3,145,306,47.385620915032675,42,ok
shika0814,145,306,47.385620915032675,40,ok
hk8man,145,306,47.385620915032675,38,ok
La_LaMelticStAr,145,306,47.385620915032675,37,ok
Tsukasa,145,306,47.385620915032675,32,ok
nozomi_nsmt,145,306,47.385620915032675,27,ok
karuma,145,306,47.385620915032675,26,ok
IZIRI,145,306,47.385620915032675,24,ok
Yuki_maverick,145,306,47.385620915032675,20,ok
0516Shionnnnn,145,306,47.385620915032675,19,ok
zawacharat,145,306,47.385620915032675,16,ok
Take11,145,306,47.385620915032675,14,ok
kariaget,144,306,47.05882352941176,57,ok
shunrikako1088,144,306,47.05882352941176,45,ok
RYUKIE2002,144,306,47.05882352941176,33,ok
Zwephu,144,306,47.05882352941176,31,ok
fukayohakyan7,144,306,47.05882352941176,24,ok
shijianshijians,144,306,47.05882352941176,21,ok
1021909626,144,306,47.05882352941176,16,ok
OE41595538,143,306,46.73202614379085,65,ok
riva,143,306,46.73202614379085,65,ok
v1046rm,143,306,46.73202614379085,58,ok
motsu_mono,143,306,46.73202614379085,54,ok
chuang_419,143,306,46.73202614379085,53,ok
makkuro,143,306,46.73202614379085,44,ok
shooter_dreamer,143,306,46.73202614379085,44,ok
Tsubame_S,143,306,46.73202614379085,40,ok
artemisia,143,306,46.73202614379085,25,ok
man_ga_nese,143,306,46.73202614379085,25,ok
pinky_nm7,143,306,46.73202614379085,24,ok
harukomugi,143,306,46.73202614379085,22,ok
Tangzx114514,143,306,46.73202614379085,20,ok
mindh1997,143,306,46.73202614379085,11,ok
gorendaHK,142,306,46.40522875816993,47,ok
kano_nana_1778,142,306,46.40522875816993,45,ok
aka_boze,142,306,46.40522875816993,37,ok
aqours_SiULY,142,306,46.40522875816993,34,ok
hgs1234,142,306,46.40522875816993,26,ok
saruyes3,141,306,46.07843137254902,59,ok
Rubyscope,141,306,46.07843137254902,52,ok
Ryo10121218,141,306,46.07843137254902,49,ok
IDOLA2525,141,306,46.07843137254902,43,ok
najan_kps,141,306,46.07843137254902,42,ok
llas_ktp,141,306,46.07843137254902,41,ok
kamenpight,141,306,46.07843137254902,39,ok
kei_gan_007,141,306,46.07843137254902,39,ok
Ryu_W,141,306,46.07843137254902,37,ok
_konitan_,141,306,46.07843137254902,35,ok
Lithium7th,141,306,46.07843137254902,35,ok
HRKZ_riding,141,306,46.07843137254902,33,ok
roruru,141,306,46.07843137254902,25,ok
PARASITE_BD,141,306,46.07843137254902,22,ok
em4n0n67,141,306,46.07843137254902,20,ok
sheepy_mygo,141,306,46.07843137254902,20,ok
tksqhddnfl5,141,306,46.07843137254902,20,ok
Encore,141,306,46.07843137254902,19,ok
visionfreeze,141,306,46.07843137254902,18,ok
yamage86,140,306,45.751633986928105,53,ok
Sutuca,140,306,45.751633986928105,51,ok
kami_hina,140,306,45.751633986928105,48,ok
popn.wildcat,140,306,45.751633986928105,48,ok
ulotti,140,306,45.751633986928105,45,ok
Breezinnnnn,140,306,45.751633986928105,43,ok
hisui_sui02,140,306,45.751633986928105,39,ok
ZtoZen_,140,306,45.751633986928105,39,ok
Nagasaki,140,306,45.751633986928105,33,ok
u_nagi_,140,306,45.751633986928105,31,ok
Dialga_850,140,306,45.751633986928105,30,ok
catnontan,140,306,45.751633986928105,29,ok
nayu_exvs,140,306,45.751633986928105,29,ok
dddddlno,140,306,45.751633986928105,27,ok
tzyysang,140,306,45.751633986928105,26,ok
syupon_yukky,140,306,45.751633986928105,25,ok
Kanzaki_1216,140,306,45.751633986928105,22,ok
realistic_noob,140,306,45.751633986928105,21,ok
Ryo_25_51,140,306,45.751633986928105,21,ok
hashimotorin,140,306,45.751633986928105,18,ok
harutya_meno5,140,306,45.751633986928105,17,ok
Poon,140,306,45.751633986928105,16,ok
fth_28,139,306,45.42483660130719,63,ok
se_a87874,139,306,45.42483660130719,59,ok
bang_totempole,139,306,45.42483660130719,51,ok
oshanagi,139,306,45.42483660130719,47,ok
hegohegotin,139,306,45.42483660130719,44,ok
wachugonado__,139,306,45.42483660130719,44,ok
KanzakiRiriy,139,306,45.42483660130719,42,ok
Okhotsk1583,139,306,45.42483660130719,42,ok
RoseliASuiren,139,306,45.42483660130719,41,ok
nanalevi,139,306,45.42483660130719,34,ok
sakuto_ray,139,306,45.42483660130719,33,ok
puria_selen,139,306,45.42483660130719,32,ok
XJD218,139,306,45.42483660130719,29,ok
br1an_hs,139,306,45.42483660130719,21,ok
poisonsnake7322,139,306,45.42483660130719,21,ok
motoori1000,139,306,45.42483660130719,20,ok
hongsamean,139,306,45.42483660130719,19,ok
ayachinene520,139,306,45.42483660130719,17,ok
xmk041211,139,306,45.42483660130719,17,ok
kezlizersorame,139,306,45.42483660130719,16,ok
AsuNight,139,306,45.42483660130719,14,ok
othinus_gremlin,139,306,45.42483660130719,14,ok
wxy112300,139,306,45.42483660130719,14,ok
settsun,138,306,45.09803921568628,49,ok
kokuyou,138,306,45.09803921568628,39,ok
TyphoonTonpee,138,306,45.09803921568628,36,ok
seraph_bessy,138,306,45.09803921568628,33,ok
AskMeyou,138,306,45.09803921568628,32,ok
Exterminate0628,138,306,45.09803921568628,31,ok
1057774026cwd,138,306,45.09803921568628,24,ok
tokoro,138,306,45.09803921568628,20,ok
daicho,138,306,45.09803921568628,16,ok
kadenz,138,306,45.09803921568628,16,ok
yskylark,138,306,45.09803921568628,15,ok
izzelaliz,138,306,45.09803921568628,11,ok
susa_game,137,306,44.771241830065364,45,ok
tetentehen,137,306,44.771241830065364,43,ok
lifarscinon,137,306,44.771241830065364,40,ok
kokococo,137,306,44.771241830065364,34,ok
Kou_chan_BARC,137,306,44.771241830065364,34,ok
tappu0311,137,306,44.771241830065364,28,ok
simonmxm0467,137,306,44.771241830065364,26,ok
nyoro_03,137,306,44.771241830065364,25,ok
Higa_gankyuuuu,137,306,44.771241830065364,19,ok
lifeover_cont,137,306,44.771241830065364,19,ok
steventu,137,306,44.771241830065364,19,ok
tn_panchan,137,306,44.771241830065364,19,ok
BBamboo,137,306,44.771241830065364,15,ok
kuro_mince,136,306,44.44444444444444,46,ok
kagisan,136,306,44.44444444444444,44,ok
aero_shooter,136,306,44.44444444444444,39,ok
chisuu7,136,306,44.44444444444444,30,ok
hosinokabii2,136,306,44.44444444444444,28,ok
UneedS,136,306,44.44444444444444,24,ok
claudius_sin,136,306,44.44444444444444,23,ok
Eternith,136,306,44.44444444444444,20,ok
www,136,306,44.44444444444444,18,ok
x_gg,136,306,44.44444444444444,15,ok
fateyjz_1,136,306,44.44444444444444,13,ok
econzhenyuluo,136,306,44.44444444444444,11,ok
now_full,135,306,44.11764705882353,54,ok
hadesuarrogant,135,306,44.11764705882353,53,ok
kirikirishi,135,306,44.11764705882353,46,ok
262626OK,135,306,44.11764705882353,38,ok
miyabi8021,135,306,44.11764705882353,38,ok
rei9999_,135,306,44.11764705882353,33,ok
tekkii776,135,306,44.11764705882353,33,ok
yghhw,135,306,44.11764705882353,32,ok
MNKS,135,306,44.11764705882353,22,ok
str_maigo,135,306,44.11764705882353,19,ok
yujiewang0821,135,306,44.11764705882353,18,ok
mw070291,135,306,44.11764705882353,16,ok
NanagamiRin,135,306,44.11764705882353,16,ok
Night1301,134,306,43.790849673202615,47,ok
yuckey_nm7,134,306,43.790849673202615,37,ok
NKRS104,134,306,43.790849673202615,34,ok
vcx,134,306,43.790849673202615,23,ok
hakuu,134,306,43.790849673202615,22,ok
igami3,134,306,43.790849673202615,22,ok
aimineru919497,134,306,43.790849673202615,20,ok
CheezyAtStake,134,306,43.790849673202615,20,ok
hashizuku5148,134,306,43.790849673202615,17,ok
ToutetsuTW,134,306,43.790849673202615,17,ok
double_rainbow,134,306,43.790849673202615,15,ok
beginsc2,134,306,43.790849673202615,14,ok
carl098761,134,306,43.790849673202615,14,ok
oscar20000506,134,306,43.790849673202615,13,ok
ufoufo314314,134,306,43.790849673202615,13,ok
shingetter04,133,306,43.4640522875817,37,ok
kotorin6197,133,306,43.4640522875817,29,ok
mictori999,133,306,43.4640522875817,21,ok
N1on,133,306,43.4640522875817,20,ok
tydikyskkukyua,133,306,43.4640522875817,20,ok
ogukei_,133,306,43.4640522875817,18,ok
ymnssk_x,133,306,43.4640522875817,14,ok
good987456123,133,306,43.4640522875817,12,ok
SJMiku39,133,306,43.4640522875817,11,ok
latte39,132,306,43.13725490196079,56,ok
noriro0425,132,306,43.13725490196079,47,ok
Fly_with__You,132,306,43.13725490196079,44,ok
kb_aerogel,132,306,43.13725490196079,39,ok
yoboyobo,132,306,43.13725490196079,37,ok
at_u_do_stick,132,306,43.13725490196079,31,ok
geass0903,132,306,43.13725490196079,26,ok
Wing94Ng,132,306,43.13725490196079,26,ok
kiri_shima_,132,306,43.13725490196079,25,ok
evansu24,132,306,43.13725490196079,24,ok
zzj,132,306,43.13725490196079,23,ok
mashiro,132,306,43.13725490196079,22,ok
youwuchang,132,306,43.13725490196079,22,ok
Moi,132,306,43.13725490196079,20,ok
kouji,132,306,43.13725490196079,16,ok
anthonyc_1122,132,306,43.13725490196079,15,ok
Minato3,132,306,43.13725490196079,15,ok
skyblack02,132,306,43.13725490196079,15,ok
ao_tomy,131,306,42.810457516339866,55,ok
kousakin,131,306,42.810457516339866,54,ok
candle0329,131,306,42.810457516339866,35,ok
revast,131,306,42.810457516339866,17,ok
SakanaC,131,306,42.810457516339866,15,ok
msaxmtlotus,131,306,42.810457516339866,11,ok
quizentou,130,306,42.48366013071895,47,ok
PEACE_PHANTA,130,306,42.48366013071895,46,ok
nissantu31,130,306,42.48366013071895,43,ok
ryuya2027,130,306,42.48366013071895,39,ok
sukosusuko,130,306,42.48366013071895,34,ok
eririamireux,130,306,42.48366013071895,33,ok
karen_bee_ogre,130,306,42.48366013071895,31,ok
kon_pana_510,130,306,42.48366013071895,30,ok
nuko_rarara,130,306,42.48366013071895,29,ok
Aya_Channel586,130,306,42.48366013071895,26,ok
hatinaiaka_222,130,306,42.48366013071895,25,ok
NatsuYu233,130,306,42.48366013071895,24,ok
nekokuma,130,306,42.48366013071895,24,ok
lance04,130,306,42.48366013071895,23,ok
ransu_ngo_sg61,130,306,42.48366013071895,23,ok
wkjslmlspj,130,306,42.48366013071895,23,ok
junjie,130,306,42.48366013071895,21,ok
Gumo,130,306,42.48366013071895,20,ok
kwe715,130,306,42.48366013071895,20,ok
OAA,130,306,42.48366013071895,20,ok
yujin1145,130,306,42.48366013071895,17,ok
1132013525,130,306,42.48366013071895,16,ok
VKZZZ,130,306,42.48366013071895,12,ok
am,130,306,42.48366013071895,11,ok
takahatt1,129,306,42.15686274509804,61,ok
Tukasa_Yu,129,306,42.15686274509804,57,ok
bora_torao,129,306,42.15686274509804,45,ok
LIELLA,129,306,42.15686274509804,39,ok
bob_227,129,306,42.15686274509804,32,ok
hoshi0911,129,306,42.15686274509804,32,ok
rksam,129,306,42.15686274509804,26,ok
k3bluesky,129,306,42.15686274509804,23,ok
kari0hki,129,306,42.15686274509804,20,ok
Kohihaku,129,306,42.15686274509804,18,ok
alger,129,306,42.15686274509804,16,ok
gcobs130275,129,306,42.15686274509804,16,ok
HomeB,129,306,42.15686274509804,14,ok
SailChen6,129,306,42.15686274509804,14,ok
miminotamedagya,128,306,41.830065359477125,40,ok
nagisa_52,128,306,41.830065359477125,38,ok
miyaogaku,128,306,41.830065359477125,36,ok
wanwan_wandahoi,128,306,41.830065359477125,35,ok
Hotate_MAyO,128,306,41.830065359477125,33,ok
soksns2110,128,306,41.830065359477125,32,ok
Lovely_Vistor_,128,306,41.830065359477125,31,ok
KSkun,128,306,41.830065359477125,24,ok
Lily,128,306,41.830065359477125,24,ok
1972605960,128,306,41.830065359477125,15,ok
YumemiHoshino,128,306,41.830065359477125,15,ok
shinshin_ykst,127,306,41.50326797385621,42,ok
EndoMoka,127,306,41.50326797385621,38,ok
yurutaso_s,127,306,41.50326797385621,38,ok
Skuld9029,127,306,41.50326797385621,36,ok
StarTrip,127,306,41.50326797385621,33,ok
momoha_himmel,127,306,41.50326797385621,28,ok
muse_honogod,127,306,41.50326797385621,26,ok
sapnd,127,306,41.50326797385621,24,ok
YuzukiGreen,127,306,41.50326797385621,22,ok
idolsandanime,127,306,41.50326797385621,21,ok
sasakamaboko,127,306,41.50326797385621,20,ok
Uika_sakiko,127,306,41.50326797385621,20,ok
white_umi,127,306,41.50326797385621,20,ok
Defender5794652,127,306,41.50326797385621,18,ok
koopw2013,127,306,41.50326797385621,18,ok
glorioussunset203,127,306,41.50326797385621,16,ok
mykkmk730,127,306,41.50326797385621,15,ok
Zhuo_bao,127,306,41.50326797385621,12,ok
mon_kanade417,126,306,41.17647058823529,43,ok
pripri3_2525,126,306,41.17647058823529,37,ok
starry_sky_222,126,306,41.17647058823529,32,ok
mikan_bonk,126,306,41.17647058823529,25,ok
moriccc_2,126,306,41.17647058823529,24,ok
realHiromi,126,306,41.17647058823529,23,ok
sirkit,126,306,41.17647058823529,23,ok
suger_fusion,126,306,41.17647058823529,22,ok
kuro2024,126,306,41.17647058823529,21,ok
comet_around,126,306,41.17647058823529,18,ok
0taku,126,306,41.17647058823529,17,ok
purezypzyp,126,306,41.17647058823529,15,ok
hanegai,126,306,41.17647058823529,14,ok
Kuroba_530,126,306,41.17647058823529,11,ok
mariatamu_reply,125,306,40.849673202614376,51,ok
10010001,125,306,40.849673202614376,47,ok
Tetsuya_Ryusei,125,306,40.849673202614376,37,ok
LIELLA_1101,125,306,40.849673202614376,35,ok
MomoiKagura,125,306,40.849673202614376,32,ok
kull_curemuscle,125,306,40.849673202614376,31,ok
syo_toku,125,306,40.849673202614376,27,ok
song_marinlove,125,306,40.849673202614376,17,ok
sf,125,306,40.849673202614376,16,ok
elementana,125,306,40.849673202614376,11,ok
masaru,125,306,40.849673202614376,10,ok
parsmp,124,306,40.52287581699346,48,ok
hhhhhako,124,306,40.52287581699346,42,ok
kayn63,124,306,40.52287581699346,39,ok
eisyun_k,124,306,40.52287581699346,38,ok
xiamimi,124,306,40.52287581699346,35,ok
bwk_chan,124,306,40.52287581699346,33,ok
kinopinothr,124,306,40.52287581699346,31,ok
chiiiiii1714,124,306,40.52287581699346,30,ok
KrmV5,124,306,40.52287581699346,30,ok
nabecchi_2ch,124,306,40.52287581699346,30,ok
rinfujichan,124,306,40.52287581699346,29,ok
niconyante513,124,306,40.52287581699346,26,ok
appu0325,124,306,40.52287581699346,24,ok
huangqianjiumeizi7,124,306,40.52287581699346,19,ok
jiaozi,124,306,40.52287581699346,19,ok
CR400AF_2001,124,306,40.52287581699346,18,ok
3n_1135,124,306,40.52287581699346,16,ok
henrywang0310201,124,306,40.52287581699346,15,ok
wangeric_0222,124,306,40.52287581699346,15,ok
eric930406,124,306,40.52287581699346,12,ok
9saka,124,306,40.52287581699346,11,ok
sonhy02,124,306,40.52287581699346,11,ok
TheBBBin233,124,306,40.52287581699346,9,ok
hahori5001,123,306,40.19607843137255,45,ok
yurimaple,123,306,40.19607843137255,45,ok
mosh_pit_310,123,306,40.19607843137255,38,ok
kureha_d4dj,123,306,40.19607843137255,34,ok
Shaw0313_,123,306,40.19607843137255,34,ok
hellostar,123,306,40.19607843137255,32,ok
930_Minasail,123,306,40.19607843137255,30,ok
T38mo,123,306,40.19607843137255,30,ok
jackkao0602,123,306,40.19607843137255,27,ok
oojy4020,123,306,40.19607843137255,22,ok
Jenni_Haru,123,306,40.19607843137255,21,ok
yonet74723483,123,306,40.19607843137255,21,ok
Daimai,123,306,40.19607843137255,20,ok
fpdqwq,123,306,40.19607843137255,20,ok
Frustratad,123,306,40.19607843137255,20,ok
zuosilonghhh,123,306,40.19607843137255,19,ok
yolo,123,306,40.19607843137255,18,ok
___Rabits_0427,123,306,40.19607843137255,17,ok
maybelapis,123,306,40.19607843137255,17,ok
UNIQUEWASTED,123,306,40.19607843137255,14,ok
loveaimin,123,306,40.19607843137255,12,ok
moon_viktor,123,306,40.19607843137255,11,ok
Chris57,123,306,40.19607843137255,10,ok
naruce,122,306,39.869281045751634,47,ok
key_0608,122,306,39.869281045751634,43,ok
LYSD2496103,122,306,39.869281045751634,43,ok
BeachIshii,122,306,39.869281045751634,41,ok
nao_h_84,122,306,39.869281045751634,40,ok
JEMINAP,122,306,39.869281045751634,38,ok
Sho_1117,122,306,39.869281045751634,37,ok
lancelo0707,122,306,39.869281045751634,36,ok
Uttz00yk,122,306,39.869281045751634,32,ok
alvissreimu,122,306,39.869281045751634,29,ok
sfxhyr41,122,306,39.869281045751634,19,ok
TR5_RMTM,122,306,39.869281045751634,18,ok
caorae,122,306,39.869281045751634,17,ok
ianliu0216,122,306,39.869281045751634,17,ok
nightmaresec,122,306,39.869281045751634,16,ok
steeto,122,306,39.869281045751634,16,ok
zwx86137192,122,306,39.869281045751634,15,ok
hybrid_center,122,306,39.869281045751634,14,ok
Aoshiro,122,306,39.869281045751634,13,ok
gunununoyozora,121,306,39.54248366013072,57,ok
NULLPO_375,121,306,39.54248366013072,51,ok
kenji_akira,121,306,39.54248366013072,41,ok
uhyo27x,121,306,39.54248366013072,34,ok
LiRi7777777777,121,306,39.54248366013072,31,ok
tesl,121,306,39.54248366013072,29,ok
jun_yaharin0110,121,306,39.54248366013072,28,ok
tak_kun_dayo,121,306,39.54248366013072,22,ok
anne,121,306,39.54248366013072,20,ok
flash,121,306,39.54248366013072,19,ok
hidehal,121,306,39.54248366013072,18,ok
oblivionis_5,121,306,39.54248366013072,16,ok
erichikareece,121,306,39.54248366013072,14,ok
Misaka114514,121,306,39.54248366013072,12,ok
KKKay1224,121,306,39.54248366013072,11,ok
wilson40219,121,306,39.54248366013072,11,ok
criminals__not,120,306,39.21568627450981,41,ok
yayugu,120,306,39.21568627450981,36,ok
kyow_unlimited,120,306,39.21568627450981,35,ok
fum,120,306,39.21568627450981,28,ok
kuukai_99,120,306,39.21568627450981,25,ok
lativoir381,120,306,39.21568627450981,25,ok
SHINOHA0408,120,306,39.21568627450981,23,ok
chihayanon_0908,120,306,39.21568627450981,22,ok
mosaicwave97182,120,306,39.21568627450981,20,ok
copydd,120,306,39.21568627450981,19,ok
cYemb6dHgSktjCN,120,306,39.21568627450981,16,ok
393939kuku,120,306,39.21568627450981,15,ok
KyansLuka,120,306,39.21568627450981,14,ok
sumire7332,120,306,39.21568627450981,13,ok
TyNira,120,306,39.21568627450981,13,ok
mioyu2000,120,306,39.21568627450981,12,ok
Feelsog46907080,120,306,39.21568627450981,10,ok
rintama122,119,306,38.88888888888889,43,ok
FrisScarlet,119,306,38.88888888888889,41,ok
irodoriplace,119,306,38.88888888888889,41,ok
cierrawa,119,306,38.88888888888889,40,ok
_satsunyan,119,306,38.88888888888889,35,ok
kotep_,119,306,38.88888888888889,34,ok
chomamatan,119,306,38.88888888888889,29,ok
banthekai,119,306,38.88888888888889,27,ok
Kann_9527,119,306,38.88888888888889,27,ok
Rei410,119,306,38.88888888888889,25,ok
SKY121312,119,306,38.88888888888889,24,ok
yae528,119,306,38.88888888888889,24,ok
marurinma1117,119,306,38.88888888888889,23,ok
Schway,119,306,38.88888888888889,21,ok
2606036051,119,306,38.88888888888889,20,ok
nisokunowarabi,119,306,38.88888888888889,20,ok
miku_pukurin,119,306,38.88888888888889,17,ok
zwz1036408561,119,306,38.88888888888889,17,ok
pc,119,306,38.88888888888889,13,ok
704500154xg213,119,306,38.88888888888889,11,ok
wangzhe_fd,119,306,38.88888888888889,10,ok
yuruyukito,118,306,38.56209150326798,42,ok
0216_major,118,306,38.56209150326798,35,ok
hiroki_87jp,118,306,38.56209150326798,32,ok
Mathematics8128,118,306,38.56209150326798,28,ok
hinyagikupopipa,118,306,38.56209150326798,25,ok
lavandulacat,118,306,38.56209150326798,25,ok
Ora8JUVVpFX32T1,118,306,38.56209150326798,23,ok
787setsuna,118,306,38.56209150326798,22,ok
zenomofu76371,118,306,38.56209150326798,22,ok
NoirEclat96,118,306,38.56209150326798,20,ok
spuukibuugi,118,306,38.56209150326798,20,ok
kurousa3983,118,306,38.56209150326798,19,ok
ottothefrog,118,306,38.56209150326798,16,ok
Daren235,118,306,38.56209150326798,15,ok
Hato_1110b,118,306,38.56209150326798,15,ok
Kyou,118,306,38.56209150326798,14,ok
harmine,118,306,38.56209150326798,13,ok
uzuto18,118,306,38.56209150326798,13,ok
werikna,118,306,38.56209150326798,12,ok
lojoo0708,118,306,38.56209150326798,10,ok
yukinamika1004,118,306,38.56209150326798,8,ok
clue,117,306,38.23529411764706,54,ok
ROPPONGI_VICE,117,306,38.23529411764706,43,ok
leo594224,117,306,38.23529411764706,34,ok
sono3891,117,306,38.23529411764706,31,ok
tani_anigelive,117,306,38.23529411764706,30,ok
Voyagerel,117,306,38.23529411764706,30,ok
n0hm,117,306,38.23529411764706,28,ok
lace_0fficial,117,306,38.23529411764706,25,ok
mokan_rwr,117,306,38.23529411764706,21,ok
vasli3127,117,306,38.23529411764706,19,ok
gari,117,306,38.23529411764706,18,ok
wahoo_k,117,306,38.23529411764706,17,ok
nerotom20170430,117,306,38.23529411764706,14,ok
ajeff40606,117,306,38.23529411764706,13,ok
YANG,117,306,38.23529411764706,12,ok
07210d00,117,306,38.23529411764706,9,ok
aoitori,117,306,38.23529411764706,9,ok
zhangzhilin515,117,306,38.23529411764706,8,ok
jajujo_sheimi,116,306,37.908496732026144,65,ok
me_norin,116,306,37.908496732026144,42,ok
Riji1207,116,306,37.908496732026144,42,ok
myb2150,116,306,37.908496732026144,41,ok
nya_harinezumi,116,306,37.908496732026144,38,ok
leopon07,116,306,37.908496732026144,34,ok
Ein_Wald,116,306,37.908496732026144,31,ok
maru_uraguti,116,306,37.908496732026144,31,ok
Reiqu1003,116,306,37.908496732026144,30,ok
enutun_WUG,116,306,37.908496732026144,28,ok
Hi_HONDA4127,116,306,37.908496732026144,27,ok
Imyda_7011,116,306,37.908496732026144,27,ok
taipachi_no,116,306,37.908496732026144,27,ok
arai9,116,306,37.908496732026144,26,ok
12345nosora_,116,306,37.908496732026144,25,ok
ginga,116,306,37.908496732026144,23,ok
xyan_skrn,116,306,37.908496732026144,23,ok
Span_Ishisaka,116,306,37.908496732026144,22,ok
shinymari,116,306,37.908496732026144,21,ok
115010080,116,306,37.908496732026144,18,ok
chocolate36501,116,306,37.908496732026144,18,ok
yukina_arisa_,116,306,37.908496732026144,17,ok
217217,116,306,37.908496732026144,16,ok
silve_jp2,116,306,37.908496732026144,16,ok
enuwai_san,116,306,37.908496732026144,15,ok
jer036963,116,306,37.908496732026144,11,ok
hiba___ni___,115,306,37.58169934640523,56,ok
BanG_Bety,115,306,37.58169934640523,37,ok
GIN_1217,115,306,37.58169934640523,34,ok
NANA_sora305,115,306,37.58169934640523,34,ok
VAM_NERD,115,306,37.58169934640523,31,ok
aksn,115,306,37.58169934640523,30,ok
NOCHORION,115,306,37.58169934640523,30,ok
minn_0522,115,306,37.58169934640523,28,ok
chinco45,115,306,37.58169934640523,27,ok
yumesora24,115,306,37.58169934640523,23,ok
blueberrystream,115,306,37.58169934640523,22,ok
Konnbann_8810,115,306,37.58169934640523,22,ok
plusseed,115,306,37.58169934640523,22,ok
siyof662zplrs16,115,306,37.58169934640523,21,ok
tainyan,115,306,37.58169934640523,21,ok
E123,115,306,37.58169934640523,19,ok
Mynameisnate4,115,306,37.58169934640523,19,ok
yeh98074632,115,306,37.58169934640523,19,ok
Sayuri_Date_GOD,115,306,37.58169934640523,17,ok
mygo,115,306,37.58169934640523,15,ok
kinoe_mori,115,306,37.58169934640523,14,ok
Chim27776182,115,306,37.58169934640523,10,ok
epi_sode_25,114,306,37.254901960784316,46,ok
padd,114,306,37.254901960784316,43,ok
kenny_desu,114,306,37.254901960784316,31,ok
finalblood777,114,306,37.254901960784316,29,ok
hbin48627,114,306,37.254901960784316,24,ok
02ON,114,306,37.254901960784316,20,ok
sylvia1na,114,306,37.254901960784316,15,ok
1004201313h,114,306,37.254901960784316,14,ok
zwq129,114,306,37.254901960784316,13,ok
Dicklessman,114,306,37.254901960784316,11,ok
1471072943,114,306,37.254901960784316,10,ok
2671846200,114,306,37.254901960784316,10,ok
Qtx0627a_1,114,306,37.254901960784316,8,ok
emuoca,113,306,36.9281045751634,44,ok
kazuya3jo,113,306,36.9281045751634,38,ok
free_kmkm,113,306,36.9281045751634,33,ok
parisseven777,113,306,36.9281045751634,30,ok
37sawa,113,306,36.9281045751634,29,ok
taltalryota,113,306,36.9281045751634,29,ok
y1a2b2u9h1r0,113,306,36.9281045751634,28,ok
_hiro_dev,113,306,36.9281045751634,26,ok
taikishimanchu,113,306,36.9281045751634,26,ok
Leesan2000,113,306,36.9281045751634,25,ok
marucod,113,306,36.9281045751634,24,ok
spr_shn_aaa,113,306,36.9281045751634,23,ok
kanakana0405,113,306,36.9281045751634,22,ok
R_dollchestra,113,306,36.9281045751634,20,ok
TentonTim,113,306,36.9281045751634,19,ok
oriesta,113,306,36.9281045751634,16,ok
502bg_,113,306,36.9281045751634,15,ok
sadagaki669,113,306,36.9281045751634,15,ok
Kei_Sekisho,113,306,36.9281045751634,14,ok
KAAAsS,113,306,36.9281045751634,12,ok
miley870101,113,306,36.9281045751634,10,ok
nozomi08,113,306,36.9281045751634,10,ok
thiago10xxx,113,306,36.9281045751634,9,ok
DNMAfd7RKPPiq0l,112,306,36.60130718954248,40,ok
nekotou,112,306,36.60130718954248,40,ok
yu,112,306,36.60130718954248,38,ok
ma2jp,112,306,36.60130718954248,37,ok
KOTORI082,112,306,36.60130718954248,36,ok
vagrant,112,306,36.60130718954248,35,ok
sp9.vocal.04,112,306,36.60130718954248,34,ok
3310__samo,112,306,36.60130718954248,28,ok
penta60,112,306,36.60130718954248,27,ok
nyoki_lovelive,112,306,36.60130718954248,24,ok
gotosoup,112,306,36.60130718954248,15,ok
JoeLai1994,112,306,36.60130718954248,15,ok
mc963741,112,306,36.60130718954248,14,ok
britannia2333,112,306,36.60130718954248,13,ok
speedycatfish,112,306,36.60130718954248,11,ok
Sneck,112,306,36.60130718954248,8,ok
Susan_disney,111,306,36.27450980392157,37,ok
kacchan__n,111,306,36.27450980392157,36,ok
fujikoji2,111,306,36.27450980392157,35,ok
sao_shilika,111,306,36.27450980392157,34,ok
oyakata1988,111,306,36.27450980392157,32,ok
yuruwari1993,111,306,36.27450980392157,31,ok
Youmaru,111,306,36.27450980392157,27,ok
GJO_Ling,111,306,36.27450980392157,26,ok
iketani348,111,306,36.27450980392157,26,ok
youte123,111,306,36.27450980392157,26,ok
khisaka_twt,111,306,36.27450980392157,24,ok
miharu66,111,306,36.27450980392157,24,ok
marsh12359,111,306,36.27450980392157,22,ok
central_dogma,111,306,36.27450980392157,20,ok
hyuga_kiniro,111,306,36.27450980392157,20,ok
piguzamu,111,306,36.27450980392157,19,ok
ronron_roncha,111,306,36.27450980392157,18,ok
DonToGin,111,306,36.27450980392157,16,ok
YOWAI,111,306,36.27450980392157,15,ok
tea_heart_416,111,306,36.27450980392157,12,ok
YoumiyaHinasuki,111,306,36.27450980392157,12,ok
ottothefrog321,111,306,36.27450980392157,10,ok
dddd,111,306,36.27450980392157,9,ok
konbu,111,306,36.27450980392157,9,ok
YamaP_desu,111,306,36.27450980392157,8,ok
acceleratorlocker,111,306,36.27450980392157,7,ok
yumemiter,110,306,35.947712418300654,83,ok
takane0981_1,110,306,35.947712418300654,41,ok
momo_xily,110,306,35.947712418300654,36,ok
f_yasunari,110,306,35.947712418300654,33,ok
mokusyun,110,306,35.947712418300654,33,ok
suzaking_loveli,110,306,35.947712418300654,26,ok
totemotired,110,306,35.947712418300654,26,ok
uumt10141,110,306,35.947712418300654,26,ok
kimo_ota4096,110,306,35.947712418300654,25,ok
uns,110,306,35.947712418300654,25,ok
misaka417,110,306,35.947712418300654,22,ok
hi_2y,110,306,35.947712418300654,21,ok
karapoira28,110,306,35.947712418300654,18,ok
alanull,110,306,35.947712418300654,16,ok
_2ni_,110,306,35.947712418300654,15,ok
Minalinsky_o,110,306,35.947712418300654,13,ok
mistooooon,110,306,35.947712418300654,13,ok
a0976221861,110,306,35.947712418300654,11,ok
Ameaya_IZUMIKun,110,306,35.947712418300654,11,ok
pooploser24688,110,306,35.947712418300654,11,ok
Vechi,110,306,35.947712418300654,11,ok
Aoi_315_,110,306,35.947712418300654,10,ok
kuregumo,110,306,35.947712418300654,10,ok
jermey76266,110,306,35.947712418300654,9,ok
T4kesh1,110,306,35.947712418300654,8,ok
Kajyu_Sora,109,306,35.62091503267974,45,ok
leolu_sunshine,109,306,35.62091503267974,37,ok
hatena113,109,306,35.62091503267974,28,ok
kaitoazure,109,306,35.62091503267974,27,ok
Matsumo09,109,306,35.62091503267974,27,ok
ganmeme0813,109,306,35.62091503267974,26,ok
setuna15,109,306,35.62091503267974,26,ok
02tnk164,109,306,35.62091503267974,25,ok
Ambition,109,306,35.62091503267974,25,ok
DcPiont,109,306,35.62091503267974,23,ok
pjq026230,109,306,35.62091503267974,23,ok
shanba_5,109,306,35.62091503267974,22,ok
koubou_furenzu,109,306,35.62091503267974,21,ok
ame9807,109,306,35.62091503267974,18,ok
liupei02808,109,306,35.62091503267974,16,ok
mayatetsuto,109,306,35.62091503267974,14,ok
Akito,109,306,35.62091503267974,12,ok
MENGXIAOSHI,109,306,35.62091503267974,12,ok
mxs20050120,109,306,35.62091503267974,12,ok
sallyn,109,306,35.62091503267974,11,ok
DriizzlE,109,306,35.62091503267974,10,ok
sealion_p,109,306,35.62091503267974,10,ok
zhmhit0631,109,306,35.62091503267974,10,ok
QTE,109,306,35.62091503267974,8,ok
cos644jj,109,306,35.62091503267974,7,ok
liao12261226,109,306,35.62091503267974,7,ok
YuMIiiIIii,109,306,35.62091503267974,7,ok
synchrogazer51,108,306,35.294117647058826,47,ok
yui_kpk,108,306,35.294117647058826,37,ok
tsukisitamikan,108,306,35.294117647058826,28,ok
kiria_0,108,306,35.294117647058826,26,ok
saokiriasu1,108,306,35.294117647058826,26,ok
breakindex,108,306,35.294117647058826,25,ok
nihil_mygo,108,306,35.294117647058826,25,ok
il_re_di_roma,108,306,35.294117647058826,24,ok
tokoro011,108,306,35.294117647058826,23,ok
Shimopi0529,108,306,35.294117647058826,21,ok
maok_1101,108,306,35.294117647058826,18,ok
type_ult,108,306,35.294117647058826,18,ok
1120840192,108,306,35.294117647058826,16,ok
wangjunyao0226,108,306,35.294117647058826,13,ok
wildwallker,108,306,35.294117647058826,13,ok
xiao_yi23146,108,306,35.294117647058826,13,ok
hanzouno,108,306,35.294117647058826,11,ok
a215203520520,108,306,35.294117647058826,9,ok
1chibo_,107,306,34.967320261437905,38,ok
KOREKARA,107,306,34.967320261437905,35,ok
Mabraygas,107,306,34.967320261437905,35,ok
katsura_1028,107,306,34.967320261437905,33,ok
4CLDK18,107,306,34.967320261437905,32,ok
hina0326,107,306,34.967320261437905,32,ok
warachia961,107,306,34.967320261437905,31,ok
enetama,107,306,34.967320261437905,27,ok
phosphorusXX,107,306,34.967320261437905,24,ok
blue_wind421,107,306,34.967320261437905,22,ok
wasuigetu,107,306,34.967320261437905,22,ok
MRiputan,107,306,34.967320261437905,21,ok
tanidon_,107,306,34.967320261437905,21,ok
TranNKLinh1608,107,306,34.967320261437905,21,ok
do_re_si_,107,306,34.967320261437905,19,ok
p874252l,107,306,34.967320261437905,19,ok
lovelive13141117,107,306,34.967320261437905,18,ok
KsauceH,107,306,34.967320261437905,16,ok
nisekoi_yomeiri,107,306,34.967320261437905,14,ok
rrllxcc,107,306,34.967320261437905,14,ok
pokikipo,107,306,34.967320261437905,13,ok
baicai,107,306,34.967320261437905,12,ok
sicer,107,306,34.967320261437905,12,ok
A9Mion,107,306,34.967320261437905,11,ok
kicktheblueour,107,306,34.967320261437905,11,ok
Leo,107,306,34.967320261437905,11,ok
Misaka_ZeroTwo,107,306,34.967320261437905,11,ok
nakasuga,107,306,34.967320261437905,11,ok
absoluteheartbeat,107,306,34.967320261437905,10,ok
y2703937,107,306,34.967320261437905,10,ok
kusairo,107,306,34.967320261437905,9,ok
nanaqi47,107,306,34.967320261437905,9,ok
ruanbihui99,107,306,34.967320261437905,9,ok
TomyEvoIV,107,306,34.967320261437905,8,ok
toyo_153b,107,306,34.967320261437905,7,ok
moru_paradise,106,306,34.64052287581699,36,ok
gunsosu,106,306,34.64052287581699,35,ok
hakuri,106,306,34.64052287581699,35,ok
NotoKana,106,306,34.64052287581699,32,ok
guitarhythm,106,306,34.64052287581699,31,ok
pokerface,106,306,34.64052287581699,31,ok
sphere_nsr35,106,306,34.64052287581699,30,ok
takuya_anirock,106,306,34.64052287581699,30,ok
takuya_idorock,106,306,34.64052287581699,30,ok
kaki_try,106,306,34.64052287581699,29,ok
shun_chan5555,106,306,34.64052287581699,29,ok
bakutta,106,306,34.64052287581699,28,ok
mnzk0331,106,306,34.64052287581699,27,ok
KazYsunafukin,106,306,34.64052287581699,26,ok
pappyhiro,106,306,34.64052287581699,24,ok
Ayane_moon44,106,306,34.64052287581699,23,ok
nano_black_9745,106,306,34.64052287581699,20,ok
ccc11220,106,306,34.64052287581699,19,ok
Michaellck,106,306,34.64052287581699,19,ok
kelvin,106,306,34.64052287581699,18,ok
kjp_umimi2,106,306,34.64052287581699,18,ok
chinhitori,106,306,34.64052287581699,17,ok
joshuatree,106,306,34.64052287581699,15,ok
sorafanta,106,306,34.64052287581699,12,ok
USS_Salem,106,306,34.64052287581699,11,ok
yjl9903,106,306,34.64052287581699,11,ok
laicy2,106,306,34.64052287581699,10,ok
lumokato,106,306,34.64052287581699,9,ok
aliczhou97,106,306,34.64052287581699,7,ok
hinalove4038,105,306,34.31372549019608,37,ok
chiiiiii0212,105,306,34.31372549019608,34,ok
sonoda_umio,105,306,34.31372549019608,29,ok
zorio,105,306,34.31372549019608,25,ok
0802syu,105,306,34.31372549019608,24,ok
rholess,105,306,34.31372549019608,24,ok
potteito69,105,306,34.31372549019608,23,ok
gnoliyil,105,306,34.31372549019608,22,ok
kurukuru_1989,105,306,34.31372549019608,22,ok
ShuiTun180106,105,306,34.31372549019608,22,ok
MortyYC,105,306,34.31372549019608,20,ok
syaro_nm7,105,306,34.31372549019608,18,ok
hugasikun,105,306,34.31372549019608,17,ok
skysora417,105,306,34.31372549019608,17,ok
kopolowww,105,306,34.31372549019608,16,ok
Chihaya_rin,105,306,34.31372549019608,13,ok
4mshk,105,306,34.31372549019608,12,ok
kuroyosinn,105,306,34.31372549019608,10,ok
q25254141p,105,306,34.31372549019608,10,ok
Rihaveinn,104,306,33.98692810457516,46,ok
ojeongjun,104,306,33.98692810457516,38,ok
BZEEL,104,306,33.98692810457516,33,ok
fate0119,104,306,33.98692810457516,33,ok
izumi7133,104,306,33.98692810457516,27,ok
minazuki1504,104,306,33.98692810457516,26,ok
seria_blue_sub,104,306,33.98692810457516,26,ok
kwmr_stb,104,306,33.98692810457516,25,ok
yu_kuso,104,306,33.98692810457516,24,ok
Shizuru_7,104,306,33.98692810457516,20,ok
noe000,104,306,33.98692810457516,19,ok
robben2525,104,306,33.98692810457516,18,ok
HoshinoYui,104,306,33.98692810457516,17,ok
798294568,104,306,33.98692810457516,16,ok
iLni,104,306,33.98692810457516,16,ok
rakurakutora,104,306,33.98692810457516,15,ok
YSJWotaku,104,306,33.98692810457516,15,ok
AKIQiu,104,306,33.98692810457516,14,ok
Tk27010202,104,306,33.98692810457516,12,ok
jiuse8,104,306,33.98692810457516,11,ok
Hina_,104,306,33.98692810457516,10,ok
Merjoex,104,306,33.98692810457516,10,ok
sam830917,104,306,33.98692810457516,8,ok
puredark233,104,306,33.98692810457516,7,ok
yos316,103,306,33.66013071895425,35,ok
irohasu_sr,103,306,33.66013071895425,34,ok
seven17159,103,306,33.66013071895425,32,ok
rednajya,103,306,33.66013071895425,29,ok
r_rentan,103,306,33.66013071895425,28,ok
sinku_19,103,306,33.66013071895425,28,ok
tome_black,103,306,33.66013071895425,26,ok
LBO,103,306,33.66013071895425,24,ok
E_mns_N,103,306,33.66013071895425,23,ok
Saussure,103,306,33.66013071895425,23,ok
KUArkab,103,306,33.66013071895425,22,ok
Y_FEN1,103,306,33.66013071895425,22,ok
diazcarp99,103,306,33.66013071895425,21,ok
DISK3Z,103,306,33.66013071895425,21,ok
dj8xa2yr5,103,306,33.66013071895425,20,ok
Marcomak6,103,306,33.66013071895425,19,ok
te_ru212,103,306,33.66013071895425,19,ok
chekicheki428,103,306,33.66013071895425,18,ok
bochitherock,103,306,33.66013071895425,17,ok
sinkai_coelacan,103,306,33.66013071895425,17,ok
kou_texyan,103,306,33.66013071895425,16,ok
Kirisaki13,103,306,33.66013071895425,15,ok
star_Kzer,103,306,33.66013071895425,15,ok
swblade_LI629,103,306,33.66013071895425,15,ok
ruifan75,103,306,33.66013071895425,14,ok
taimh,103,306,33.66013071895425,14,ok
2440325094,103,306,33.66013071895425,12,ok
hemmyshen,103,306,33.66013071895425,12,ok
Chio75,103,306,33.66013071895425,11,ok
SUPERFUGU514,103,306,33.66013071895425,11,ok
pandanikitomika,103,306,33.66013071895425,10,ok
WilliamLiu0814,103,306,33.66013071895425,10,ok
siumai0915,103,306,33.66013071895425,9,ok
QQnoUR,103,306,33.66013071895425,6,ok
modedimitri,102,306,33.33333333333333,38,ok
a_yagami,102,306,33.33333333333333,36,ok
masakado4185,102,306,33.33333333333333,32,ok
hyeon,102,306,33.33333333333333,27,ok
mosakura1996,102,306,33.33333333333333,27,ok
oREo,102,306,33.33333333333333,25,ok
faster0000_1,102,306,33.33333333333333,22,ok
shinwaontwo,102,306,33.33333333333333,21,ok
tttaka,102,306,33.33333333333333,21,ok
izayoi_edge,102,306,33.33333333333333,20,ok
resoNance_hbknm,102,306,33.33333333333333,20,ok
GloriousDays___,102,306,33.33333333333333,18,ok
wukmaster913386,102,306,33.33333333333333,18,ok
rickybrick4000,102,306,33.33333333333333,15,ok
idledesu,102,306,33.33333333333333,14,ok
d5552910930,102,306,33.33333333333333,13,ok
jackycally,102,306,33.33333333333333,13,ok
Ravennangelus,102,306,33.33333333333333,13,ok
blackpeter1122,102,306,33.33333333333333,11,ok
jilaasilan,102,306,33.33333333333333,11,ok
sorahisa,102,306,33.33333333333333,11,ok
ishiki,102,306,33.33333333333333,10,ok
Zhou_Yuhan,102,306,33.33333333333333,7,ok
LittleMo0429,102,306,33.33333333333333,6,ok
OmaeChisaku,102,306,33.33333333333333,6,ok
mtsdkdk_sail,101,306,33.006535947712415,38,ok
dobamu,101,306,33.006535947712415,35,ok
axkxnxg,101,306,33.006535947712415,34,ok
lithora,101,306,33.006535947712415,33,ok
tokunimi_1985,101,306,33.006535947712415,26,ok
meshii_18,101,306,33.006535947712415,25,ok
ha21_crom,101,306,33.006535947712415,23,ok
roooute0,101,306,33.006535947712415,23,ok
nanochan_slb,101,306,33.006535947712415,22,ok
takakikao,101,306,33.006535947712415,22,ok
RinRinAkoAko,101,306,33.006535947712415,21,ok
ainya545,101,306,33.006535947712415,19,ok
Doloris,101,306,33.006535947712415,19,ok
souljf666,101,306,33.006535947712415,19,ok
RyoyaisAlien,101,306,33.006535947712415,17,ok
kisaragi_nri,101,306,33.006535947712415,15,ok
lingangugugaga,101,306,33.006535947712415,10,ok
babylon_shinto,101,306,33.006535947712415,9,ok
RLLV_02,101,306,33.006535947712415,9,ok
AshitaYakan,101,306,33.006535947712415,8,ok
zhanima01,101,306,33.006535947712415,8,ok
seto5510,101,306,33.006535947712415,7,ok
sakanakihiro,100,306,32.6797385620915,32,ok
UHF16ch,100,306,32.6797385620915,29,ok
kurei0816,100,306,32.6797385620915,25,ok
kimo,100,306,32.6797385620915,24,ok
FATEfrom7,100,306,32.6797385620915,22,ok
otonokigachi,100,306,32.6797385620915,22,ok
qchan118,100,306,32.6797385620915,21,ok
tudaga_wawa,100,306,32.6797385620915,21,ok
M2jEk,100,306,32.6797385620915,20,ok
NIJI,100,306,32.6797385620915,20,ok
metro_Hibiya07,100,306,32.6797385620915,19,ok
myu_starly,100,306,32.6797385620915,19,ok
hikohikomaru,100,306,32.6797385620915,18,ok
Cina_mon_200,100,306,32.6797385620915,16,ok
chomu194,100,306,32.6797385620915,15,ok
glitterwish7,100,306,32.6797385620915,15,ok
mapi,100,306,32.6797385620915,14,ok
yamayama1242,100,306,32.6797385620915,14,ok
cluelesskouhai,100,306,32.6797385620915,9,ok
sckid2016,100,306,32.6797385620915,6,ok
cetri_raise,99,306,32.35294117647059,37,ok
kiritomo_24,99,306,32.35294117647059,37,ok
Junknhinamyzk,99,306,32.35294117647059,27,ok
pati_nyaaaaaaa,99,306,32.35294117647059,26,ok
bassphone,99,306,32.35294117647059,23,ok
metalprecure,99,306,32.35294117647059,23,ok
numaGiN12,99,306,32.35294117647059,23,ok
T0RAN_,99,306,32.35294117647059,20,ok
raytsai912,99,306,32.35294117647059,19,ok
amarunanmin,99,306,32.35294117647059,17,ok
Boyzz123,99,306,32.35294117647059,17,ok
panopama70,99,306,32.35294117647059,16,ok
honoppi608,99,306,32.35294117647059,15,ok
s0ty7oo1gu2a,99,306,32.35294117647059,15,ok
pastacontact,99,306,32.35294117647059,14,ok
fnz___rht,99,306,32.35294117647059,13,ok
pn787842,99,306,32.35294117647059,10,ok
turtle,99,306,32.35294117647059,10,ok
wingkelvin0502,99,306,32.35294117647059,9,ok
racosel0612,99,306,32.35294117647059,7,ok
k_b_heavenly,98,306,32.02614379084967,38,ok
_black_thunder,98,306,32.02614379084967,37,ok
lll_xoxo,98,306,32.02614379084967,37,ok
pcc10th,98,306,32.02614379084967,33,ok
wakko_23,98,306,32.02614379084967,31,ok
Rufann_9force,98,306,32.02614379084967,30,ok
i_ysak,98,306,32.02614379084967,27,ok
soreyoriramen,98,306,32.02614379084967,27,ok
tapestry0121,98,306,32.02614379084967,25,ok
matsunomotooo89,98,306,32.02614379084967,24,ok
89,98,306,32.02614379084967,22,ok
mushipan_0812,98,306,32.02614379084967,22,ok
Ryuka_240__,98,306,32.02614379084967,22,ok
up5710,98,306,32.02614379084967,21,ok
kurani_Xx,98,306,32.02614379084967,19,ok
haiou,98,306,32.02614379084967,18,ok
haratan_375,98,306,32.02614379084967,18,ok
Hyperion,98,306,32.02614379084967,15,ok
Uto_Zzpadawan,98,306,32.02614379084967,14,ok
dukefeng,98,306,32.02614379084967,12,ok
moai09,98,306,32.02614379084967,12,ok
KAKA1231,98,306,32.02614379084967,11,ok
sakuramaru_kp,98,306,32.02614379084967,11,ok
makisekasumi,98,306,32.02614379084967,8,ok
phyrzi67,98,306,32.02614379084967,8,ok
oinari_mgkt,97,306,31.699346405228756,38,ok
doetop,97,306,31.699346405228756,30,ok
A_on_Chu_,97,306,31.699346405228756,28,ok
htimotah,97,306,31.699346405228756,28,ok
ravvit_J,97,306,31.699346405228756,28,ok
Hiro_WUG373,97,306,31.699346405228756,26,ok
west463,97,306,31.699346405228756,24,ok
izayoi3599,97,306,31.699346405228756,22,ok
hot655219,97,306,31.699346405228756,21,ok
AZALEA_TONTON,97,306,31.699346405228756,18,ok
funenene7,97,306,31.699346405228756,18,ok
sdxy200901,97,306,31.699346405228756,18,ok
hitandaway,97,306,31.699346405228756,17,ok
iseebi_x,97,306,31.699346405228756,17,ok
niarlbld,97,306,31.699346405228756,17,ok
kadingeight,97,306,31.699346405228756,16,ok
pupumaru,97,306,31.699346405228756,16,ok
takuchan_7,97,306,31.699346405228756,16,ok
arikoi0703,97,306,31.699346405228756,15,ok
fu_773_ru,97,306,31.699346405228756,15,ok
HMKRL39,97,306,31.699346405228756,15,ok
IKISUGIHASSE,97,306,31.699346405228756,15,ok
piro03n,97,306,31.699346405228756,15,ok
abc_mart_79,97,306,31.699346405228756,14,ok
KaiScarlet,97,306,31.699346405228756,14,ok
porte724,97,306,31.699346405228756,14,ok
TigerE,97,306,31.699346405228756,13,ok
long_exact_seq,97,306,31.699346405228756,12,ok
safyire,97,306,31.699346405228756,12,ok
garykuo0614,97,306,31.699346405228756,11,ok
sum71091,97,306,31.699346405228756,11,ok
Gungalisnail,97,306,31.699346405228756,10,ok
Hakun,97,306,31.699346405228756,10,ok
trioskosmos,97,306,31.699346405228756,10,ok
ryanng3836,97,306,31.699346405228756,9,ok
wind4727,97,306,31.699346405228756,8,ok
yuzichuang,97,306,31.699346405228756,8,ok
oom1239663,97,306,31.699346405228756,7,ok
Yukina1026__99,97,306,31.699346405228756,5,ok
bacon_na417_,96,306,31.372549019607842,42,ok
glp_mitake,96,306,31.372549019607842,38,ok
suzukin3,96,306,31.372549019607842,35,ok
milkdreamn,96,306,31.372549019607842,31,ok
kentamuso,96,306,31.372549019607842,29,ok
mixup103,96,306,31.372549019607842,29,ok
inori12031121,96,306,31.372549019607842,28,ok
Lov_Yoshiki,96,306,31.372549019607842,27,ok
Fuon_,96,306,31.372549019607842,23,ok
Ry4R0,96,306,31.372549019607842,17,ok
SitavanaGitam,96,306,31.372549019607842,17,ok
tyhk10,96,306,31.372549019607842,16,ok
cloudymillion,96,306,31.372549019607842,13,ok
kon_tyomin,96,306,31.372549019607842,13,ok
Fork,96,306,31.372549019607842,12,ok
Omochi_17,96,306,31.372549019607842,11,ok
Perfectliar,96,306,31.372549019607842,10,ok
pusanoku,96,306,31.372549019607842,10,ok
comfquartet,96,306,31.372549019607842,9,ok
covid19_gtda,96,306,31.372549019607842,9,ok
maxwellsdemon27,96,306,31.372549019607842,9,ok
mhshine,96,306,31.372549019607842,8,ok
Sumi43,96,306,31.372549019607842,8,ok
hikonyun,95,306,31.045751633986928,43,ok
sangpal2,95,306,31.045751633986928,39,ok
hotimaru,95,306,31.045751633986928,37,ok
Circuit0326,95,306,31.045751633986928,35,ok
yamaman_0728,95,306,31.045751633986928,30,ok
osashimi_buri,95,306,31.045751633986928,28,ok
udon,95,306,31.045751633986928,25,ok
VanillaCheeese,95,306,31.045751633986928,25,ok
sn_u_315,95,306,31.045751633986928,24,ok
nm_wiiiindow,95,306,31.045751633986928,23,ok
VENA__FTTT,95,306,31.045751633986928,21,ok
SURGE__LINE,95,306,31.045751633986928,20,ok
hy_1_2,95,306,31.045751633986928,18,ok
yupomunoki,95,306,31.045751633986928,18,ok
KF3ID_116921454,95,306,31.045751633986928,15,ok
lidges,95,306,31.045751633986928,14,ok
97poppet,95,306,31.045751633986928,13,ok
orechan,95,306,31.045751633986928,13,ok
swatsweatswot,95,306,31.045751633986928,13,ok
sq5799,95,306,31.045751633986928,12,ok
hitomi_mishima,95,306,31.045751633986928,11,ok
ho_zamurai,95,306,31.045751633986928,11,ok
tukayu55,95,306,31.045751633986928,11,ok
anime_0710_saku,95,306,31.045751633986928,10,ok
HaiZhe_,95,306,31.045751633986928,9,ok
Kiriya77309,95,306,31.045751633986928,9,ok
kiriya77309_1,95,306,31.045751633986928,9,ok
u_tchi,95,306,31.045751633986928,9,ok
heyhey,95,306,31.045751633986928,8,ok
phenix880624,95,306,31.045751633986928,8,ok
fender,95,306,31.045751633986928,7,ok
skyraker891014,95,306,31.045751633986928,7,ok
QSO,94,306,30.718954248366014,34,ok
Feru54604,94,306,30.718954248366014,32,ok
sooooooooooo6,94,306,30.718954248366014,32,ok
mingyan222,94,306,30.718954248366014,31,ok
tomo_amane_1224,94,306,30.718954248366014,27,ok
ayataka_913,94,306,30.718954248366014,25,ok
KENTARO,94,306,30.718954248366014,25,ok
mezamashi_tr,94,306,30.718954248366014,25,ok
yamadamaya,94,306,30.718954248366014,25,ok
gachihisa,94,306,30.718954248366014,24,ok
ht_msx,94,306,30.718954248366014,24,ok
ruupin0421,94,306,30.718954248366014,23,ok
Hira_156,94,306,30.718954248366014,20,ok
rice7803sibafu,94,306,30.718954248366014,20,ok
shifill_7,94,306,30.718954248366014,20,ok
Sub_aserori,94,306,30.718954248366014,20,ok
po_puru,94,306,30.718954248366014,19,ok
worldwichu,94,306,30.718954248366014,18,ok
Ambitan,94,306,30.718954248366014,17,ok
Birch_sound,94,306,30.718954248366014,15,ok
monozu_inaka,94,306,30.718954248366014,15,ok
Mugichoco014,94,306,30.718954248366014,15,ok
3040,94,306,30.718954248366014,14,ok
Raiser,94,306,30.718954248366014,13,ok
237fyl,94,306,30.718954248366014,12,ok
shenh4102,94,306,30.718954248366014,11,ok
lancelot1057,94,306,30.718954248366014,10,ok
pixiv_yuri,94,306,30.718954248366014,8,ok
VIP_MONSTER,94,306,30.718954248366014,8,ok
yuru037,94,306,30.718954248366014,8,ok
dp_acco,94,306,30.718954248366014,7,ok
suhang5666,94,306,30.718954248366014,7,ok
man720717wai,94,306,30.718954248366014,6,ok
Isurus_773,94,306,30.718954248366014,5,ok
sinaminatsu,93,306,30.392156862745097,42,ok
CrewelSofinetto,93,306,30.392156862745097,38,ok
SE_KYOHEI,93,306,30.392156862745097,33,ok
1000aki_7sea,93,306,30.392156862745097,32,ok
chappytown,93,306,30.392156862745097,31,ok
ima_tiu,93,306,30.392156862745097,31,ok
suwajiro_,93,306,30.392156862745097,28,ok
honoka12138,93,306,30.392156862745097,27,ok
konayuki_snow,93,306,30.392156862745097,27,ok
Mny_Rei_12,93,306,30.392156862745097,27,ok
mamo_akarinka,93,306,30.392156862745097,26,ok
boonmaru7,93,306,30.392156862745097,25,ok
coji__chan,93,306,30.392156862745097,18,ok
rinko0622C,93,306,30.392156862745097,18,ok
raeg3030,93,306,30.392156862745097,16,ok
tyasufaust,93,306,30.392156862745097,16,ok
ZtoZen,93,306,30.392156862745097,16,ok
anka753997,93,306,30.392156862745097,15,ok
rhk_sakujun,93,306,30.392156862745097,14,ok
Hi____FiVE,93,306,30.392156862745097,13,ok
LotusW,93,306,30.392156862745097,12,ok
tonkento.55,93,306,30.392156862745097,12,ok
fate,93,306,30.392156862745097,11,ok
satomiyanaruse,93,306,30.392156862745097,11,ok
sesame_kaya,93,306,30.392156862745097,11,ok
kaze0258,93,306,30.392156862745097,10,ok
kano60717937,93,306,30.392156862745097,9,ok
PitouNeko,93,306,30.392156862745097,9,ok
community_cycle,93,306,30.392156862745097,8,ok
wasurenaimuse,93,306,30.392156862745097,8,ok
violeteve,93,306,30.392156862745097,7,ok
orangejia123,93,306,30.392156862745097,6,ok
naga_pan,92,306,30.065359477124183,38,ok
LOVELIVE0112,92,306,30.065359477124183,33,ok
sakotti1224,92,306,30.065359477124183,31,ok
kitune1837,92,306,30.065359477124183,29,ok
Potatobutter,92,306,30.065359477124183,29,ok
ruin0415,92,306,30.065359477124183,29,ok
kumaneko100100,92,306,30.065359477124183,24,ok
mikawa83,92,306,30.065359477124183,24,ok
akym318,92,306,30.065359477124183,23,ok
ame_0724,92,306,30.065359477124183,23,ok
Tsubaki_yukiN,92,306,30.065359477124183,23,ok
SUBARU4869,92,306,30.065359477124183,22,ok
xen,92,306,30.065359477124183,21,ok
Sato_Kai,92,306,30.065359477124183,20,ok
eito_squirrel,92,306,30.065359477124183,19,ok
okome_taberoyo,92,306,30.065359477124183,17,ok
supiumi,92,306,30.065359477124183,17,ok
10691059,92,306,30.065359477124183,16,ok
reinhardguan,92,306,30.065359477124183,15,ok
blgn_wb,92,306,30.065359477124183,14,ok
sigma_zip,92,306,30.065359477124183,14,ok
_ta9ha,92,306,30.065359477124183,13,ok
tsgruler,92,306,30.065359477124183,12,ok
tsuripand,92,306,30.065359477124183,10,ok
wc876f8c72d6vi,92,306,30.065359477124183,10,ok
guoshikai474,92,306,30.065359477124183,8,ok
LIZITEA,92,306,30.065359477124183,8,ok
twice_tok_,92,306,30.065359477124183,8,ok
djq4382015,92,306,30.065359477124183,7,ok
_sakeru_,92,306,30.065359477124183,6,ok
Hoffpauir,91,306,29.73856209150327,43,ok
yuru3540,91,306,29.73856209150327,37,ok
KYB28,91,306,29.73856209150327,28,ok
stflaver,91,306,29.73856209150327,27,ok
aafenrir,91,306,29.73856209150327,25,ok
akaneskmz,91,306,29.73856209150327,19,ok
iam_daei,91,306,29.73856209150327,18,ok
taiyakidorobou,91,306,29.73856209150327,18,ok
toriri_23,91,306,29.73856209150327,18,ok
kabirunrun,91,306,29.73856209150327,17,ok
Skutonl,91,306,29.73856209150327,17,ok
asupara71,91,306,29.73856209150327,16,ok
kamomoyuki,91,306,29.73856209150327,15,ok
pastel_aycs,91,306,29.73856209150327,15,ok
beeponosleepo,91,306,29.73856209150327,14,ok
burokitiex,91,306,29.73856209150327,14,ok
sktmkgtyss,91,306,29.73856209150327,13,ok
izumikun__,91,306,29.73856209150327,12,ok
wings,91,306,29.73856209150327,11,ok
libo12456,91,306,29.73856209150327,10,ok
amyliu1201,91,306,29.73856209150327,8,ok
doraewon1,91,306,29.73856209150327,8,ok
kayohikawa,91,306,29.73856209150327,7,ok
zhyu12301995,91,306,29.73856209150327,7,ok
HAzY,91,306,29.73856209150327,6,ok
wellmagg,91,306,29.73856209150327,6,ok
Spylft,91,306,29.73856209150327,5,ok
Daichi___Tomin,90,306,29.411764705882355,33,ok
isuminnminn,90,306,29.411764705882355,32,ok
hinapiyo_TO,90,306,29.411764705882355,27,ok
Profile1P,90,306,29.411764705882355,27,ok
littlebird_ll,90,306,29.411764705882355,24,ok
kinno5remu,90,306,29.411764705882355,23,ok
nora_yukist,90,306,29.411764705882355,23,ok
raku_1220,90,306,29.411764705882355,22,ok
coron51,90,306,29.411764705882355,19,ok
2543899973,90,306,29.411764705882355,17,ok
E8Vdd19914,90,306,29.411764705882355,17,ok
naonyanko571,90,306,29.411764705882355,17,ok
satonaxo,90,306,29.411764705882355,17,ok
Sn0wdaruma,90,306,29.411764705882355,17,ok
emune_a,90,306,29.411764705882355,15,ok
nanase77bit,90,306,29.411764705882355,14,ok
nikefagames,90,306,29.411764705882355,14,ok
Tri_scher,90,306,29.411764705882355,14,ok
yamatotl,90,306,29.411764705882355,13,ok
7thMausu,90,306,29.411764705882355,11,ok
MeteorV,90,306,29.411764705882355,9,ok
Twilight31524,90,306,29.411764705882355,9,ok
hanataba0330,90,306,29.411764705882355,8,ok
tigercounter,90,306,29.411764705882355,8,ok
kunkka457,90,306,29.411764705882355,7,ok
SenaRyo,90,306,29.411764705882355,7,ok
yye052493,90,306,29.411764705882355,7,ok
UdagawaBaba,90,306,29.411764705882355,6,ok
shio_tukinagi,89,306,29.08496732026144,40,ok
lfyswz11,89,306,29.08496732026144,33,ok
ajtgjmgta,89,306,29.08496732026144,30,ok
yoshi83025,89,306,29.08496732026144,29,ok
lin1372418051,89,306,29.08496732026144,27,ok
LkL_789,89,306,29.08496732026144,25,ok
nannn,89,306,29.08496732026144,22,ok
Ansy99,89,306,29.08496732026144,19,ok
kasyumi_aimi,89,306,29.08496732026144,16,ok
rierimiya,89,306,29.08496732026144,16,ok
sashide_verde,89,306,29.08496732026144,16,ok
tsaichi_aimimo,89,306,29.08496732026144,16,ok
ArcUO,89,306,29.08496732026144,15,ok
ganmo_doki52,89,306,29.08496732026144,15,ok
owakon_kids_31,89,306,29.08496732026144,15,ok
chaiquan1203,89,306,29.08496732026144,14,ok
cxy18953364046,89,306,29.08496732026144,13,ok
Ayasnow,89,306,29.08496732026144,12,ok
Taro_Tanaka,89,306,29.08496732026144,12,ok
fhlm,89,306,29.08496732026144,11,ok
bananice,89,306,29.08496732026144,8,ok
leungsiksang,89,306,29.08496732026144,8,ok
Nowhere,89,306,29.08496732026144,7,ok
chizukuo,89,306,29.08496732026144,6,ok
hina38960,89,306,29.08496732026144,6,ok
Makako,89,306,29.08496732026144,6,ok
MHDennis,89,306,29.08496732026144,6,ok
ogumake1105,89,306,29.08496732026144,6,ok
patrick7932003,89,306,29.08496732026144,6,ok
ecoonbeat,89,306,29.08496732026144,5,ok
tarux_,88,306,28.75816993464052,34,ok
pokeevil31,88,306,28.75816993464052,32,ok
babafully,88,306,28.75816993464052,27,ok
kuma_poai,88,306,28.75816993464052,27,ok
ohayo_ohayo_,88,306,28.75816993464052,27,ok
shadow_maple,88,306,28.75816993464052,27,ok
ile5150,88,306,28.75816993464052,25,ok
lazhward,88,306,28.75816993464052,25,ok
somasan1031,88,306,28.75816993464052,24,ok
hitsuji_0326,88,306,28.75816993464052,22,ok
morune,88,306,28.75816993464052,22,ok
My_babe_bee,88,306,28.75816993464052,22,ok
Gua,88,306,28.75816993464052,21,ok
okajunasakura,88,306,28.75816993464052,20,ok
CwHW_yohei,88,306,28.75816993464052,19,ok
Hi_R0_t,88,306,28.75816993464052,18,ok
MHrtao,88,306,28.75816993464052,17,ok
baaachaaakaaa,88,306,28.75816993464052,16,ok
ekou_1015,88,306,28.75816993464052,16,ok
sqP3yT8nYxO8HsQ,88,306,28.75816993464052,15,ok
LiangXing_13,88,306,28.75816993464052,14,ok
YOKOYA458458,88,306,28.75816993464052,14,ok
fateyjz,88,306,28.75816993464052,12,ok
KTTMR,88,306,28.75816993464052,12,ok
powerfulswing23,88,306,28.75816993464052,11,ok
Suwae11344,88,306,28.75816993464052,11,ok
sxrnnx,88,306,28.75816993464052,10,ok
kou111111,88,306,28.75816993464052,9,ok
lalalawyz,88,306,28.75816993464052,9,ok
10kousei,88,306,28.75816993464052,8,ok
reevesstella861,88,306,28.75816993464052,8,ok
overheat0368,87,306,28.431372549019606,31,ok
mikicha,87,306,28.431372549019606,29,ok
maon_k_FM,87,306,28.431372549019606,26,ok
13Yuri69,87,306,28.431372549019606,25,ok
Mong_Shell,87,306,28.431372549019606,25,ok
shinosama,87,306,28.431372549019606,25,ok
mshive_kumkam,87,306,28.431372549019606,24,ok
zeroaxel,87,306,28.431372549019606,23,ok
sho6nbj,87,306,28.431372549019606,22,ok
king100,87,306,28.431372549019606,19,ok
999ju,87,306,28.431372549019606,17,ok
akanya,87,306,28.431372549019606,17,ok
taguiruirui2026,87,306,28.431372549019606,17,ok
tori_nicomi,87,306,28.431372549019606,17,ok
kojiita_171,87,306,28.431372549019606,16,ok
ybh77028,87,306,28.431372549019606,16,ok
yunwu281476,87,306,28.431372549019606,16,ok
masaya_nm7,87,306,28.431372549019606,15,ok
Oyamss168,87,306,28.431372549019606,15,ok
umanyandayo,87,306,28.431372549019606,15,ok
matchy1207,87,306,28.431372549019606,14,ok
903459634Sze,87,306,28.431372549019606,12,ok
keystone03032,87,306,28.431372549019606,12,ok
semiquaver,87,306,28.431372549019606,12,ok
Manapla,87,306,28.431372549019606,11,ok
azuki805013,87,306,28.431372549019606,10,ok
harun_2816,87,306,28.431372549019606,10,ok
Mui,87,306,28.431372549019606,10,ok
YOZ1TcnPiwJnt9T,87,306,28.431372549019606,9,ok
adamsu830,87,306,28.431372549019606,7,ok
starryroselianight,87,306,28.431372549019606,7,ok
uegi1998,87,306,28.431372549019606,7,ok
YiHusei,87,306,28.431372549019606,6,ok
ima_chan_1219,86,306,28.104575163398692,42,ok
psych_fl_wer,86,306,28.104575163398692,35,ok
yamainu_,86,306,28.104575163398692,31,ok
daydre_thrione,86,306,28.104575163398692,30,ok
civ2,86,306,28.104575163398692,28,ok
RotaIe,86,306,28.104575163398692,26,ok
BokkunPokemon,86,306,28.104575163398692,23,ok
rparlockrgazg,86,306,28.104575163398692,23,ok
ohara1592,86,306,28.104575163398692,21,ok
SSGGYM_LD,86,306,28.104575163398692,19,ok
su_san,86,306,28.104575163398692,19,ok
sh_mt_4,86,306,28.104575163398692,18,ok
miya_gi28,86,306,28.104575163398692,17,ok
MyGO_yamayann,86,306,28.104575163398692,17,ok
Edel_KIHA65,86,306,28.104575163398692,16,ok
cmdg5k923vls,86,306,28.104575163398692,15,ok
harumachikomoe,86,306,28.104575163398692,14,ok
theodore_wan,86,306,28.104575163398692,14,ok
YeTiger,86,306,28.104575163398692,13,ok
m0on_b,86,306,28.104575163398692,12,ok
miituketa,86,306,28.104575163398692,12,ok
karu6410,86,306,28.104575163398692,11,ok
noraneko,86,306,28.104575163398692,11,ok
harutile,86,306,28.104575163398692,10,ok
honoumi0315,86,306,28.104575163398692,10,ok
Mo_yo_0304,86,306,28.104575163398692,9,ok
kumabai5287,86,306,28.104575163398692,8,ok
kevinku0209,86,306,28.104575163398692,7,ok
srsghnm46,86,306,28.104575163398692,7,ok
tokakuka2026,86,306,28.104575163398692,7,ok
sakura114514,86,306,28.104575163398692,6,ok
bilyhurington,86,306,28.104575163398692,5,ok
detectivexsc,85,306,27.77777777777778,37,ok
yoppy_sound,85,306,27.77777777777778,37,ok
piyo23,85,306,27.77777777777778,34,ok
AzuNico43,85,306,27.77777777777778,33,ok
ninoshina648,85,306,27.77777777777778,28,ok
masa1225,85,306,27.77777777777778,27,ok
Xatro,85,306,27.77777777777778,24,ok
chapchae,85,306,27.77777777777778,23,ok
magezad,85,306,27.77777777777778,23,ok
me_kyunkyun,85,306,27.77777777777778,21,ok
hitsuji0326,85,306,27.77777777777778,20,ok
SuiSui543,85,306,27.77777777777778,20,ok
usa_17ing,85,306,27.77777777777778,20,ok
RhettButler_C,85,306,27.77777777777778,19,ok
toripp_26,85,306,27.77777777777778,19,ok
m2049068297m,85,306,27.77777777777778,18,ok
Aegis_exvs,85,306,27.77777777777778,17,ok
Pen_Happy_days,85,306,27.77777777777778,17,ok
Survsn,85,306,27.77777777777778,16,ok
take_nashi,85,306,27.77777777777778,14,ok
masaki_miho02,85,306,27.77777777777778,13,ok
nanocolon_bang,85,306,27.77777777777778,13,ok
yukiko1919810,85,306,27.77777777777778,13,ok
asparameerkat,85,306,27.77777777777778,12,ok
kuro1596,85,306,27.77777777777778,12,ok
Mk121081,85,306,27.77777777777778,12,ok
Sffish,85,306,27.77777777777778,12,ok
galaxypasta,85,306,27.77777777777778,11,ok
horinao,85,306,27.77777777777778,11,ok
Pikkoro0222,85,306,27.77777777777778,11,ok
rayhin,85,306,27.77777777777778,11,ok
rolf0504,85,306,27.77777777777778,11,ok
pipichen,85,306,27.77777777777778,10,ok
elizabeth_o,85,306,27.77777777777778,9,ok
oro399,85,306,27.77777777777778,9,ok
s0983756428,85,306,27.77777777777778,9,ok
situ33,85,306,27.77777777777778,9,ok
iwpc1114,85,306,27.77777777777778,8,ok
hidechiyo_0712,85,306,27.77777777777778,7,ok
rabu0818,85,306,27.77777777777778,7,ok
liche0241,85,306,27.77777777777778,6,ok
mamonobeliever,85,306,27.77777777777778,6,ok
vissereagerwouu6460,85,306,27.77777777777778,5,ok
NOTODAYAKA2,84,306,27.450980392156865,29,ok
iinii3,84,306,27.450980392156865,27,ok
rinrin_fl,84,306,27.450980392156865,27,ok
lanster_pan,84,306,27.450980392156865,25,ok
NOBORU821,84,306,27.450980392156865,25,ok
scandal_viral,84,306,27.450980392156865,25,ok
yuzu_tw,84,306,27.450980392156865,25,ok
hai_haga,84,306,27.450980392156865,24,ok
Ra_ze_0504,84,306,27.450980392156865,24,ok
shiropanda,84,306,27.450980392156865,24,ok
Dancechan,84,306,27.450980392156865,22,ok
tnvonv,84,306,27.450980392156865,22,ok
wafter_key,84,306,27.450980392156865,22,ok
hickkn,84,306,27.450980392156865,21,ok
crow,84,306,27.450980392156865,20,ok
YING1612,84,306,27.450980392156865,20,ok
sobaghetti,84,306,27.450980392156865,19,ok
admea7,84,306,27.450980392156865,18,ok
LoveLiveKGSM,84,306,27.450980392156865,18,ok
konoaozorani,84,306,27.450980392156865,17,ok
nori23chika,84,306,27.450980392156865,15,ok
46_ras,84,306,27.450980392156865,14,ok
lp9633syr,84,306,27.450980392156865,13,ok
azusaamane,84,306,27.450980392156865,12,ok
Cheee,84,306,27.450980392156865,12,ok
mmm_oli,84,306,27.450980392156865,12,ok
fuissem,84,306,27.450980392156865,11,ok
s_katolea,84,306,27.450980392156865,11,ok
Vin33,84,306,27.450980392156865,11,ok
bordersaki,84,306,27.450980392156865,10,ok
nekokuma_525,84,306,27.450980392156865,10,ok
UEHARA324,84,306,27.450980392156865,10,ok
en430127,84,306,27.450980392156865,9,ok
lasvegasgoldleaf1976,84,306,27.450980392156865,9,ok
Elizabeth_desu_,84,306,27.450980392156865,8,ok
kckevin0101,84,306,27.450980392156865,8,ok
Seiko,84,306,27.450980392156865,8,ok
waIIer,84,306,27.450980392156865,8,ok
a_1_kh_,84,306,27.450980392156865,6,ok
brettyoshi9,84,306,27.450980392156865,5,ok
58n8nMen,83,306,27.124183006535947,34,ok
muworks,83,306,27.124183006535947,31,ok
blaze_wing,83,306,27.124183006535947,26,ok
HNRHNKUEM_lovel,83,306,27.124183006535947,26,ok
tea_room7,83,306,27.124183006535947,26,ok
chocolat_exe,83,306,27.124183006535947,25,ok
ohisashi_kyu,83,306,27.124183006535947,25,ok
ido05T,83,306,27.124183006535947,24,ok
_y_m_popipa,83,306,27.124183006535947,23,ok
s22015811,83,306,27.124183006535947,23,ok
ayachiiiika,83,306,27.124183006535947,21,ok
iverbaku,83,306,27.124183006535947,21,ok
JOKERFOOLISH,83,306,27.124183006535947,21,ok
yuzuki8n,83,306,27.124183006535947,20,ok
himenoki,83,306,27.124183006535947,19,ok
MiMoRiSK,83,306,27.124183006535947,18,ok
tfs8Kdf,83,306,27.124183006535947,17,ok
grapefruitMoon,83,306,27.124183006535947,16,ok
Soleil_kraine,83,306,27.124183006535947,14,ok
twilaiteexpress,83,306,27.124183006535947,14,ok
youmiyahina,83,306,27.124183006535947,14,ok
frecce,83,306,27.124183006535947,13,ok
funinki,83,306,27.124183006535947,13,ok
mocci0507,83,306,27.124183006535947,12,ok
miamisouth_p,83,306,27.124183006535947,11,ok
nemupekopon,83,306,27.124183006535947,11,ok
Takumi2001,83,306,27.124183006535947,11,ok
zippie1220,83,306,27.124183006535947,11,ok
maimaicuizhiji,83,306,27.124183006535947,10,ok
be4tpl8j,83,306,27.124183006535947,9,ok
KyousukeLin,83,306,27.124183006535947,9,ok
zhouyongyi178,83,306,27.124183006535947,9,ok
kimuare02,83,306,27.124183006535947,8,ok
maro_finger,83,306,27.124183006535947,8,ok
sakaki_12,83,306,27.124183006535947,8,ok
Vivien,83,306,27.124183006535947,7,ok
jacoisgreat,83,306,27.124183006535947,6,ok
li065818772,83,306,27.124183006535947,6,ok
peterlin2369,83,306,27.124183006535947,6,ok
hoshisora,83,306,27.124183006535947,5,ok
takum_luxarc,83,306,27.124183006535947,5,ok
Yokanime,83,306,27.124183006535947,5,ok
kutsushita_idio,82,306,26.797385620915033,30,ok
black_Kaminuko,82,306,26.797385620915033,26,ok
tsubaki_manzoku,82,306,26.797385620915033,25,ok
hando39874kom,82,306,26.797385620915033,23,ok
kalmalogy,82,306,26.797385620915033,22,ok
anime000,82,306,26.797385620915033,21,ok
into_gray,82,306,26.797385620915033,20,ok
crayon,82,306,26.797385620915033,18,ok
ruggrred,82,306,26.797385620915033,18,ok
jerryjin0123,82,306,26.797385620915033,17,ok
hirox2867,82,306,26.797385620915033,16,ok
MYSPN_RVS,82,306,26.797385620915033,16,ok
usaginomita_,82,306,26.797385620915033,16,ok
oga_yukariKD,82,306,26.797385620915033,15,ok
tenirischu,82,306,26.797385620915033,15,ok
Yatyuko,82,306,26.797385620915033,15,ok
1970938138,82,306,26.797385620915033,14,ok
shiningmovie,82,306,26.797385620915033,14,ok
yzrin,82,306,26.797385620915033,11,ok
firealpaca,82,306,26.797385620915033,10,ok
Ayase_,82,306,26.797385620915033,9,ok
RuKasu,82,306,26.797385620915033,9,ok
SdotFly,82,306,26.797385620915033,9,ok
shumakaZ,82,306,26.797385620915033,9,ok
JY123,82,306,26.797385620915033,8,ok
kunshoyoichi,82,306,26.797385620915033,8,ok
DreamerIdeal_Gt,82,306,26.797385620915033,7,ok
yuuta032547,82,306,26.797385620915033,6,ok
bandorikorone,81,306,26.47058823529412,50,ok
behinmos_1227,81,306,26.47058823529412,31,ok
kkelasniw,81,306,26.47058823529412,31,ok
mobius_no1,81,306,26.47058823529412,28,ok
handtaiga,81,306,26.47058823529412,27,ok
chari_sirotuki,81,306,26.47058823529412,24,ok
_kiharu,81,306,26.47058823529412,23,ok
fukashi164,81,306,26.47058823529412,23,ok
solli_ike,81,306,26.47058823529412,23,ok
cxl199541,81,306,26.47058823529412,22,ok
lily_white_tn,81,306,26.47058823529412,21,ok
drick_macrossb,81,306,26.47058823529412,18,ok
i_taketo,81,306,26.47058823529412,18,ok
ydf1024,81,306,26.47058823529412,18,ok
AnonNight_,81,306,26.47058823529412,17,ok
JinpouRin,81,306,26.47058823529412,17,ok
overrunner,81,306,26.47058823529412,17,ok
tato_d7,81,306,26.47058823529412,17,ok
Crepuscolo,81,306,26.47058823529412,16,ok
kinko601,81,306,26.47058823529412,16,ok
Violet417,81,306,26.47058823529412,14,ok
naokawa21,81,306,26.47058823529412,13,ok
mass_ome,81,306,26.47058823529412,11,ok
ytre0000_1,81,306,26.47058823529412,11,ok
moonold,81,306,26.47058823529412,10,ok
maruuu99,81,306,26.47058823529412,9,ok
minuet_,81,306,26.47058823529412,9,ok
zyf010616,81,306,26.47058823529412,8,ok
kinkan,81,306,26.47058823529412,7,ok
balancingstone,81,306,26.47058823529412,6,ok
shifoncyuunyuu,81,306,26.47058823529412,6,ok
ALoErio,81,306,26.47058823529412,5,ok
StarFreedomX,81,306,26.47058823529412,5,ok
tzukuan_lin,81,306,26.47058823529412,5,ok
xuhanlinwang214,81,306,26.47058823529412,5,ok
Yoshimi_0228,81,306,26.47058823529412,5,ok
mkt7777,80,306,26.143790849673206,42,ok
nicorasu_83,80,306,26.143790849673206,27,ok
kurinomatori,80,306,26.143790849673206,25,ok
Asks_ay,80,306,26.143790849673206,24,ok
motiki765,80,306,26.143790849673206,22,ok
nik4nao,80,306,26.143790849673206,22,ok
takyusyo_,80,306,26.143790849673206,22,ok
UmiPudding,80,306,26.143790849673206,21,ok
__ShirayukiHime,80,306,26.143790849673206,18,ok
4ndy_Cr0mw311,80,306,26.143790849673206,17,ok
soleil_386,80,306,26.143790849673206,15,ok
futo60665078,80,306,26.143790849673206,14,ok
OOBAKAYAROU_EXE,80,306,26.143790849673206,14,ok
momimist,80,306,26.143790849673206,13,ok
Orfevre124782,80,306,26.143790849673206,13,ok
kimusonK,80,306,26.143790849673206,11,ok
bbgod,80,306,26.143790849673206,9,ok
hotleavs,80,306,26.143790849673206,9,ok
huuu,80,306,26.143790849673206,9,ok
MasakanoRyokou,80,306,26.143790849673206,9,ok
visperin,80,306,26.143790849673206,9,ok
cyr1s,80,306,26.143790849673206,8,ok
stonsan2332135,80,306,26.143790849673206,8,ok
bill347420,80,306,26.143790849673206,5,ok
sugng,80,306,26.143790849673206,5,ok
emenmvocebt,80,306,26.143790849673206,4,ok
you7ci,79,306,25.816993464052292,35,ok
bonozu,79,306,25.816993464052292,33,ok
Shoma_Ami_Mami,79,306,25.816993464052292,33,ok
mriiiiiiii_,79,306,25.816993464052292,28,ok
nw215UWcrew,79,306,25.816993464052292,28,ok
874_FallenAngel,79,306,25.816993464052292,27,ok
turtle123,79,306,25.816993464052292,26,ok
canossa_72,79,306,25.816993464052292,23,ok
amikoDQX,79,306,25.816993464052292,20,ok
followgirls,79,306,25.816993464052292,20,ok
mizuumiy,79,306,25.816993464052292,20,ok
pulse2000s,79,306,25.816993464052292,20,ok
AliMarice,79,306,25.816993464052292,18,ok
10krtn,79,306,25.816993464052292,17,ok
773_177,79,306,25.816993464052292,17,ok
masashey,79,306,25.816993464052292,17,ok
210_NEET,79,306,25.816993464052292,16,ok
Kurety,79,306,25.816993464052292,14,ok
mczub,79,306,25.816993464052292,14,ok
sakuzyo,79,306,25.816993464052292,13,ok
sango_ayaka,79,306,25.816993464052292,13,ok
aqua,79,306,25.816993464052292,12,ok
Pazs0129,79,306,25.816993464052292,12,ok
ryu_bangd4dj,79,306,25.816993464052292,12,ok
tsukimiyaya,79,306,25.816993464052292,12,ok
cosmos0906,79,306,25.816993464052292,8,ok
8027280272a,79,306,25.816993464052292,7,ok
tanaka.t.as,79,306,25.816993464052292,7,ok
pacpacker73264,79,306,25.816993464052292,6,ok
tigaso072,79,306,25.816993464052292,6,ok
Okaiku,79,306,25.816993464052292,5,ok
liulian200030,79,306,25.816993464052292,4,ok
r2venn8877,79,306,25.816993464052292,4,ok
t29855784,79,306,25.816993464052292,4,ok
tobeac47,79,306,25.816993464052292,4,ok
willhappen315,79,306,25.816993464052292,4,ok
MarkV_poke,78,306,25.49019607843137,33,ok
Sphere_orbit,78,306,25.49019607843137,32,ok
CorkscrewTeru,78,306,25.49019607843137,30,ok
tnk962,78,306,25.49019607843137,28,ok
akr_888,78,306,25.49019607843137,26,ok
fugusas,78,306,25.49019607843137,26,ok
cyabane,78,306,25.49019607843137,24,ok
gogod,78,306,25.49019607843137,24,ok
zakki2919,78,306,25.49019607843137,24,ok
chu2ru5,78,306,25.49019607843137,23,ok
kikai_,78,306,25.49019607843137,23,ok
t0day_kim,78,306,25.49019607843137,22,ok
viper0f2a,78,306,25.49019607843137,21,ok
zspkst,78,306,25.49019607843137,21,ok
ray_aw,78,306,25.49019607843137,20,ok
Lunba_anc,78,306,25.49019607843137,18,ok
jway0402,78,306,25.49019607843137,17,ok
noumu3015,78,306,25.49019607843137,17,ok
Ron_mng,78,306,25.49019607843137,17,ok
s_kanata220,78,306,25.49019607843137,15,ok
tsubasa2317,78,306,25.49019607843137,15,ok
veryeasy365,78,306,25.49019607843137,15,ok
h1k0nek0,78,306,25.49019607843137,14,ok
wing4965,78,306,25.49019607843137,14,ok
Paradox28,78,306,25.49019607843137,13,ok
supersonic,78,306,25.49019607843137,13,ok
gyukaku84631,78,306,25.49019607843137,12,ok
hanamac231_,78,306,25.49019607843137,12,ok
mascottobaby,78,306,25.49019607843137,12,ok
rockwell3575_1,78,306,25.49019607843137,12,ok
jasminecyc1207,78,306,25.49019607843137,11,ok
misty710507,78,306,25.49019607843137,11,ok
shibucyan_syuri,78,306,25.49019607843137,11,ok
kinkey000,78,306,25.49019607843137,10,ok
chase,78,306,25.49019607843137,9,ok
ekonomy40,78,306,25.49019607843137,8,ok
lucky,78,306,25.49019607843137,8,ok
u4179617366,78,306,25.49019607843137,6,ok
windsan64,78,306,25.49019607843137,6,ok
Jerry_des,78,306,25.49019607843137,5,ok
mezzo_skyward,77,306,25.163398692810457,34,ok
ryunomi,77,306,25.163398692810457,30,ok
897Taku,77,306,25.163398692810457,26,ok
iwatesleeper,77,306,25.163398692810457,22,ok
daijiro2397,77,306,25.163398692810457,21,ok
yuruneru4to6,77,306,25.163398692810457,21,ok
RushJourney45,77,306,25.163398692810457,20,ok
sayaka_EXV,77,306,25.163398692810457,19,ok
zero30form,77,306,25.163398692810457,19,ok
ICopyJokes,77,306,25.163398692810457,17,ok
siuhe_siuhe,77,306,25.163398692810457,17,ok
mamama_lovelive,77,306,25.163398692810457,16,ok
mizo__liz,77,306,25.163398692810457,16,ok
yuyo_x0,77,306,25.163398692810457,16,ok
shiba_hnyb,77,306,25.163398692810457,15,ok
ZAKIY11211,77,306,25.163398692810457,11,ok
R1nKu,77,306,25.163398692810457,9,ok
wuhonsen155800,77,306,25.163398692810457,9,ok
haaru_8888,77,306,25.163398692810457,8,ok
j29034084,77,306,25.163398692810457,7,ok
scyuudachi,77,306,25.163398692810457,7,ok
tythugo,77,306,25.163398692810457,7,ok
Meguri,77,306,25.163398692810457,6,ok
parkmac9764,77,306,25.163398692810457,6,ok
nachdenken,77,306,25.163398692810457,5,ok
takisyoco,76,306,24.836601307189543,30,ok
suwan7777,76,306,24.836601307189543,29,ok
bampoooo,76,306,24.836601307189543,28,ok
torataigatora,76,306,24.836601307189543,28,ok
ddnanigawarui,76,306,24.836601307189543,27,ok
Losloslo,76,306,24.836601307189543,26,ok
kamu_422,76,306,24.836601307189543,23,ok
IMU0531,76,306,24.836601307189543,21,ok
ryo1415,76,306,24.836601307189543,21,ok
Siitake345,76,306,24.836601307189543,21,ok
kusudream7,76,306,24.836601307189543,20,ok
M0R1yaN_,76,306,24.836601307189543,20,ok
skbsyuy_54,76,306,24.836601307189543,20,ok
TongsanP,76,306,24.836601307189543,19,ok
1062461049,76,306,24.836601307189543,18,ok
akira_beta,76,306,24.836601307189543,18,ok
nori_nexus,76,306,24.836601307189543,18,ok
yonokanoka,76,306,24.836601307189543,18,ok
Momizi_Lin,76,306,24.836601307189543,17,ok
KinpatuNoRyofu,76,306,24.836601307189543,16,ok
tamashi_saito,76,306,24.836601307189543,14,ok
Nlab,76,306,24.836601307189543,13,ok
yukihawks924eve,76,306,24.836601307189543,13,ok
masakado_shuzo,76,306,24.836601307189543,12,ok
Sakuranaikiko,76,306,24.836601307189543,12,ok
Bro,76,306,24.836601307189543,11,ok
hirosi258fa,76,306,24.836601307189543,10,ok
kanetomoUPDATE,76,306,24.836601307189543,10,ok
Oblivionis,76,306,24.836601307189543,9,ok
t91958645,76,306,24.836601307189543,9,ok
Tyuu,76,306,24.836601307189543,8,ok
arnodorianD,76,306,24.836601307189543,4,ok
chiliy5385,76,306,24.836601307189543,4,ok
kbh6128,76,306,24.836601307189543,4,ok
conazatou0624,75,306,24.509803921568626,29,ok
kencho__,75,306,24.509803921568626,27,ok
boji939,75,306,24.509803921568626,22,ok
mp4_13c_nobu,75,306,24.509803921568626,22,ok
ryo0124,75,306,24.509803921568626,22,ok
hanei_amano,75,306,24.509803921568626,21,ok
iwa_mikan_,75,306,24.509803921568626,21,ok
o_nu199,75,306,24.509803921568626,21,ok
gagat2t2,75,306,24.509803921568626,20,ok
Lychee_imas,75,306,24.509803921568626,20,ok
melon_hunter,75,306,24.509803921568626,20,ok
mukuchi773,75,306,24.509803921568626,19,ok
t_l_ch,75,306,24.509803921568626,19,ok
MojitoCoke,75,306,24.509803921568626,17,ok
otsuri52,75,306,24.509803921568626,17,ok
hiromu8811,75,306,24.509803921568626,16,ok
iovogliopiacere,75,306,24.509803921568626,16,ok
mizo___liz,75,306,24.509803921568626,16,ok
semi_no_koe_kp,75,306,24.509803921568626,15,ok
takeRRR_3,75,306,24.509803921568626,15,ok
viola64maki,75,306,24.509803921568626,15,ok
murrrrrrr244,75,306,24.509803921568626,13,ok
AIR_Rato,75,306,24.509803921568626,11,ok
pom32yuuka,75,306,24.509803921568626,11,ok
so_sega94,75,306,24.509803921568626,10,ok
biri_railgun,75,306,24.509803921568626,9,ok
haochenwu4250,75,306,24.509803921568626,9,ok
kouten3,75,306,24.509803921568626,8,ok
520521lxq,75,306,24.509803921568626,7,ok
LmeikeiX,75,306,24.509803921568626,7,ok
Alice_Sangatsu,75,306,24.509803921568626,6,ok
Sawa,75,306,24.509803921568626,6,ok
tinmsnake,75,306,24.509803921568626,6,ok
boringlittlewang,75,306,24.509803921568626,5,ok
iZeD,75,306,24.509803921568626,5,ok
summer_verse,75,306,24.509803921568626,5,ok
pypy5926,75,306,24.509803921568626,4,ok
AnimeDad_,74,306,24.18300653594771,31,ok
su_i_so,74,306,24.18300653594771,29,ok
kawa3twitt,74,306,24.18300653594771,28,ok
raku_cha,74,306,24.18300653594771,27,ok
Rxtmon,74,306,24.18300653594771,26,ok
kamuu_,74,306,24.18300653594771,25,ok
watapon_0826,74,306,24.18300653594771,24,ok
syakusyaku,74,306,24.18300653594771,21,ok
yobitama_ok,74,306,24.18300653594771,21,ok
crystal_skylet,74,306,24.18300653594771,20,ok
mizuno3586,74,306,24.18300653594771,19,ok
01_yuu,74,306,24.18300653594771,18,ok
mamo_,74,306,24.18300653594771,18,ok
shiron1854kuma,74,306,24.18300653594771,18,ok
nico_nico_party,74,306,24.18300653594771,17,ok
tyuratori,74,306,24.18300653594771,16,ok
ecchisukecchi,74,306,24.18300653594771,15,ok
no13_nakayoshi,74,306,24.18300653594771,15,ok
la_mer_4,74,306,24.18300653594771,14,ok
mekong87,74,306,24.18300653594771,14,ok
nashi542,74,306,24.18300653594771,14,ok
atg_sho,74,306,24.18300653594771,12,ok
SakagamiHoshi,74,306,24.18300653594771,12,ok
KOM,74,306,24.18300653594771,11,ok
mumumun1195,74,306,24.18300653594771,11,ok
Dragon_T556,74,306,24.18300653594771,10,ok
mayu0188,74,306,24.18300653594771,10,ok
kometan_252521,74,306,24.18300653594771,9,ok
Shioriko,74,306,24.18300653594771,9,ok
Tsubamepiyo,74,306,24.18300653594771,9,ok
Kenn,74,306,24.18300653594771,8,ok
RyeRaven7,74,306,24.18300653594771,8,ok
shioririri,74,306,24.18300653594771,8,ok
a0011192000,74,306,24.18300653594771,7,ok
iketsu09,74,306,24.18300653594771,7,ok
happy16168,74,306,24.18300653594771,6,ok
passtheunder,74,306,24.18300653594771,6,ok
saku0710,74,306,24.18300653594771,6,ok
aliua01,74,306,24.18300653594771,5,ok
uZgzcEZF7AfNABu,74,306,24.18300653594771,5,ok
chuchufate,74,306,24.18300653594771,4,ok
utyou_,73,306,23.856209150326798,37,ok
yamanade,73,306,23.856209150326798,36,ok
kagita1192,73,306,23.856209150326798,31,ok
revitan,73,306,23.856209150326798,29,ok
nyankoro,73,306,23.856209150326798,28,ok
7_emil_7,73,306,23.856209150326798,27,ok
Return_gobou,73,306,23.856209150326798,23,ok
yuuki5726,73,306,23.856209150326798,22,ok
hoshikuzu6,73,306,23.856209150326798,21,ok
mitsuki_kurage,73,306,23.856209150326798,21,ok
ryryry_zap,73,306,23.856209150326798,21,ok
udon_0312,73,306,23.856209150326798,21,ok
wu_g3255,73,306,23.856209150326798,21,ok
_127001,73,306,23.856209150326798,20,ok
kouki_sakae3,73,306,23.856209150326798,20,ok
aquaaquafrom,73,306,23.856209150326798,19,ok
ariento_YT,73,306,23.856209150326798,19,ok
SEKAOWA_YUI,73,306,23.856209150326798,19,ok
_mimichang_,73,306,23.856209150326798,18,ok
aknk_8931,73,306,23.856209150326798,17,ok
nass401,73,306,23.856209150326798,17,ok
sss232514,73,306,23.856209150326798,17,ok
yonepon_pp_idol,73,306,23.856209150326798,17,ok
FjigateOne,73,306,23.856209150326798,16,ok
manma_neko28,73,306,23.856209150326798,16,ok
moro_heiya_,73,306,23.856209150326798,16,ok
sh1roiroha,73,306,23.856209150326798,16,ok
teratin_AMNS,73,306,23.856209150326798,16,ok
2252727Hachinai,73,306,23.856209150326798,15,ok
Kounei,73,306,23.856209150326798,15,ok
_hk_taso,73,306,23.856209150326798,14,ok
etoile_3ja,73,306,23.856209150326798,14,ok
lucy634,73,306,23.856209150326798,13,ok
m_naka1983,73,306,23.856209150326798,12,ok
poi_25,73,306,23.856209150326798,12,ok
KIT,73,306,23.856209150326798,11,ok
billm2811,73,306,23.856209150326798,10,ok
sironeko207,73,306,23.856209150326798,10,ok
takusan765,73,306,23.856209150326798,10,ok
mss04330,73,306,23.856209150326798,9,ok
kdkn_ranko,73,306,23.856209150326798,8,ok
reiyams13,73,306,23.856209150326798,8,ok
roomrack,73,306,23.856209150326798,8,ok
slacc,73,306,23.856209150326798,7,ok
teoxblack05,73,306,23.856209150326798,7,ok
anno2413506833,73,306,23.856209150326798,5,ok
ayutabbbb,73,306,23.856209150326798,5,ok
rui_1451,73,306,23.856209150326798,5,ok
Camu,73,306,23.856209150326798,4,ok
Yukichi_DX,72,306,23.52941176470588,30,ok
hyahhaa10,72,306,23.52941176470588,27,ok
krry,72,306,23.52941176470588,23,ok
aifan,72,306,23.52941176470588,22,ok
phantasm_key,72,306,23.52941176470588,21,ok
shnay,72,306,23.52941176470588,21,ok
ton_peiyaki,72,306,23.52941176470588,21,ok
natsunoyuutsuti,72,306,23.52941176470588,18,ok
ieppin,72,306,23.52941176470588,17,ok
Philosophyz___,72,306,23.52941176470588,17,ok
Ion0518,72,306,23.52941176470588,16,ok
takeshing_x,72,306,23.52941176470588,16,ok
katori_emoriaya,72,306,23.52941176470588,15,ok
wagohu_77,72,306,23.52941176470588,15,ok
Aka_infinity_,72,306,23.52941176470588,14,ok
FlussAchsw,72,306,23.52941176470588,14,ok
jwflb,72,306,23.52941176470588,14,ok
moyo_haru,72,306,23.52941176470588,14,ok
4soro,72,306,23.52941176470588,13,ok
pacho_Aqours,72,306,23.52941176470588,13,ok
SHO_3402,72,306,23.52941176470588,13,ok
lio_catalpa,72,306,23.52941176470588,12,ok
Leo_Lism,72,306,23.52941176470588,11,ok
tianwangsilina2,72,306,23.52941176470588,10,ok
tranceid,72,306,23.52941176470588,10,ok
Ruriramm284,72,306,23.52941176470588,9,ok
android7,72,306,23.52941176470588,8,ok
nevagiveup7215,72,306,23.52941176470588,8,ok
wyryy.l363,72,306,23.52941176470588,8,ok
zgy_1214,72,306,23.52941176470588,8,ok
akir,72,306,23.52941176470588,7,ok
lucifer0607,72,306,23.52941176470588,7,ok
sakaguti0203,72,306,23.52941176470588,7,ok
wangeric0222,72,306,23.52941176470588,7,ok
zorn_is_headz,72,306,23.52941176470588,7,ok
DaizhuanJZ,72,306,23.52941176470588,6,ok
MakiseKKK,72,306,23.52941176470588,6,ok
osimu,72,306,23.52941176470588,6,ok
SoLucky,72,306,23.52941176470588,6,ok
UtaiRuna,72,306,23.52941176470588,5,ok
him58700,72,306,23.52941176470588,4,ok
Silver0225,72,306,23.52941176470588,4,ok
Zhi0430ppp,72,306,23.52941176470588,4,ok
disney___hibiki,71,306,23.202614379084967,31,ok
gdm_2255,71,306,23.202614379084967,30,ok
o_o,71,306,23.202614379084967,29,ok
msks0628,71,306,23.202614379084967,26,ok
mura_dog,71,306,23.202614379084967,24,ok
Tenkashu,71,306,23.202614379084967,24,ok
joshuasia,71,306,23.202614379084967,20,ok
nagieeee,71,306,23.202614379084967,20,ok
pinokotere,71,306,23.202614379084967,20,ok
SuMU9200,71,306,23.202614379084967,19,ok
Ameyame__,71,306,23.202614379084967,18,ok
estrellaxd05,71,306,23.202614379084967,18,ok
yama_sam,71,306,23.202614379084967,18,ok
2wate,71,306,23.202614379084967,17,ok
denn_chuuu,71,306,23.202614379084967,17,ok
ko_t_10tyou,71,306,23.202614379084967,17,ok
Neuestein,71,306,23.202614379084967,17,ok
F_15SE,71,306,23.202614379084967,16,ok
kuro_est_noir,71,306,23.202614379084967,16,ok
SHIN966SHIN,71,306,23.202614379084967,16,ok
daichi213,71,306,23.202614379084967,15,ok
mya_moyo,71,306,23.202614379084967,14,ok
solidussoldier,71,306,23.202614379084967,14,ok
tomo_amane_0420,71,306,23.202614379084967,14,ok
4ras5m,71,306,23.202614379084967,13,ok
emilie_misaka,71,306,23.202614379084967,13,ok
frip3157S,71,306,23.202614379084967,13,ok
tommy3922,71,306,23.202614379084967,13,ok
west001231,71,306,23.202614379084967,13,ok
etpnsk,71,306,23.202614379084967,11,ok
shedarshian,71,306,23.202614379084967,11,ok
kazu_o,71,306,23.202614379084967,10,ok
takuan_toRico,71,306,23.202614379084967,10,ok
Blackwidow__23,71,306,23.202614379084967,9,ok
hitori01,71,306,23.202614379084967,8,ok
Hobr,71,306,23.202614379084967,8,ok
jt21hk,71,306,23.202614379084967,8,ok
PenPenSaaaaa,71,306,23.202614379084967,8,ok
Schwarzer_Regen,71,306,23.202614379084967,8,ok
dodo_22k,71,306,23.202614379084967,7,ok
oopo320skus,71,306,23.202614379084967,7,ok
constal,71,306,23.202614379084967,6,ok
FujimiInari,71,306,23.202614379084967,6,ok
Processyeh,71,306,23.202614379084967,6,ok
Lucid70501,71,306,23.202614379084967,5,ok
hinafunahana,71,306,23.202614379084967,4,ok
vvRikaKls,70,306,22.875816993464053,30,ok
yuuu_emon,70,306,22.875816993464053,30,ok
gustafyu,70,306,22.875816993464053,25,ok
korokororu,70,306,22.875816993464053,22,ok
minerva_gen,70,306,22.875816993464053,22,ok
soukaiaozora,70,306,22.875816993464053,22,ok
totorire073,70,306,22.875816993464053,22,ok
castle_nm,70,306,22.875816993464053,21,ok
Mighty_LG,70,306,22.875816993464053,21,ok
thkmtatalove_sp,70,306,22.875816993464053,20,ok
k_zaitaku,70,306,22.875816993464053,19,ok
Komaki_kotori,70,306,22.875816993464053,19,ok
tabu555,70,306,22.875816993464053,18,ok
TOMOMO77777,70,306,22.875816993464053,18,ok
Shun1101Adachi,70,306,22.875816993464053,17,ok
rupi12_mtaso,70,306,22.875816993464053,16,ok
tomn0322,70,306,22.875816993464053,16,ok
den_chan,70,306,22.875816993464053,15,ok
Story_terrer,70,306,22.875816993464053,14,ok
yuffi_nightmare,70,306,22.875816993464053,14,ok
miyabin_kama_1,70,306,22.875816993464053,12,ok
yassan7777,70,306,22.875816993464053,11,ok
Negilam10,70,306,22.875816993464053,10,ok
genda6,70,306,22.875816993464053,9,ok
naharmsumtora,70,306,22.875816993464053,8,ok
OnnKuma,70,306,22.875816993464053,8,ok
st9708f,70,306,22.875816993464053,8,ok
Sy_ka_6237,70,306,22.875816993464053,8,ok
dokudamimimimi,70,306,22.875816993464053,7,ok
mystonic,70,306,22.875816993464053,7,ok
nychck,70,306,22.875816993464053,7,ok
robertbailey4486,70,306,22.875816993464053,6,ok
Ivan,70,306,22.875816993464053,5,ok
hank9432,70,306,22.875816993464053,3,ok
samc77268,70,306,22.875816993464053,3,ok
weilun_ho,70,306,22.875816993464053,3,ok
s07l109,69,306,22.54901960784314,34,ok
kzy225,69,306,22.54901960784314,32,ok
unknown_00,69,306,22.54901960784314,31,ok
nene2032,69,306,22.54901960784314,24,ok
ptn_starry54,69,306,22.54901960784314,23,ok
moccax,69,306,22.54901960784314,21,ok
altdmiak25252cd,69,306,22.54901960784314,20,ok
kanq_tesla,69,306,22.54901960784314,20,ok
142tatsumi,69,306,22.54901960784314,19,ok
bzkira,69,306,22.54901960784314,19,ok
iwa_minan_,69,306,22.54901960784314,19,ok
kun7pa,69,306,22.54901960784314,19,ok
hoiho_,69,306,22.54901960784314,18,ok
Z_Garei,69,306,22.54901960784314,18,ok
773RadioHappy,69,306,22.54901960784314,17,ok
UwCrew_ROCK,69,306,22.54901960784314,17,ok
NumaP47,69,306,22.54901960784314,16,ok
u_Rua,69,306,22.54901960784314,16,ok
ottottoo,69,306,22.54901960784314,15,ok
toutetsu0301,69,306,22.54901960784314,15,ok
Mucho_0208,69,306,22.54901960784314,14,ok
pm12_00,69,306,22.54901960784314,14,ok
soga2563,69,306,22.54901960784314,14,ok
suzu_0837,69,306,22.54901960784314,13,ok
kanna_p,69,306,22.54901960784314,12,ok
kswong0629_1,69,306,22.54901960784314,12,ok
SOONIKHONG,69,306,22.54901960784314,12,ok
ZERO__to__ONE,69,306,22.54901960784314,12,ok
memo_senyou,69,306,22.54901960784314,11,ok
suisei_39,69,306,22.54901960784314,11,ok
tojonozomi_chan,69,306,22.54901960784314,11,ok
xpp,69,306,22.54901960784314,11,ok
Ayase_Nanato,69,306,22.54901960784314,10,ok
mingjiezhou4,69,306,22.54901960784314,10,ok
o02nyn0o,69,306,22.54901960784314,10,ok
windendless,69,306,22.54901960784314,10,ok
hyb981218,69,306,22.54901960784314,9,ok
mobsryouko,69,306,22.54901960784314,9,ok
mshive_kumkam2,69,306,22.54901960784314,9,ok
zmasa12281515,69,306,22.54901960784314,9,ok
knsr_marimo,69,306,22.54901960784314,8,ok
SillyK,69,306,22.54901960784314,8,ok
lokby1126,69,306,22.54901960784314,7,ok
shudushimo,69,306,22.54901960784314,7,ok
sonodaddd,69,306,22.54901960784314,7,ok
funatake,69,306,22.54901960784314,6,ok
noctune_eroica,69,306,22.54901960784314,6,ok
hzwtgm_1123,69,306,22.54901960784314,5,ok
ryo_xiaoshi2627,69,306,22.54901960784314,5,ok
soyokaze0913,69,306,22.54901960784314,5,ok
CDog34,69,306,22.54901960784314,4,ok
DinoKiller912,69,306,22.54901960784314,4,ok
ganligan,69,306,22.54901960784314,4,ok
ss59731208,69,306,22.54901960784314,4,ok
willloveclass10,69,306,22.54901960784314,4,ok
yucky_tuna,69,306,22.54901960784314,4,ok
BFBZ5209,69,306,22.54901960784314,3,ok
hyeo_onho,69,306,22.54901960784314,3,ok
Ztu905,69,306,22.54901960784314,3,ok
kyoma76539,68,306,22.22222222222222,28,ok
yankoyanko,68,306,22.22222222222222,28,ok
syakuani,68,306,22.22222222222222,27,ok
after50years,68,306,22.22222222222222,26,ok
ash199669,68,306,22.22222222222222,26,ok
buriburidere,68,306,22.22222222222222,25,ok
Harikio,68,306,22.22222222222222,25,ok
bouncehouse,68,306,22.22222222222222,24,ok
Soryu_niconico,68,306,22.22222222222222,23,ok
leafkey424,68,306,22.22222222222222,21,ok
iceodenoden,68,306,22.22222222222222,20,ok
karo_8n,68,306,22.22222222222222,20,ok
yamakaji_normal,68,306,22.22222222222222,18,ok
Kento_ItigoItie,68,306,22.22222222222222,17,ok
yusukesan,68,306,22.22222222222222,17,ok
Ivan_Ivanovitch,68,306,22.22222222222222,16,ok
KutukiKouryu,68,306,22.22222222222222,16,ok
M1racleGOD,68,306,22.22222222222222,16,ok
tera,68,306,22.22222222222222,16,ok
artemist24,68,306,22.22222222222222,15,ok
Satoko46_312,68,306,22.22222222222222,15,ok
gonzaress,68,306,22.22222222222222,14,ok
M_Death_028,68,306,22.22222222222222,14,ok
paul8901,68,306,22.22222222222222,14,ok
verycute2859714,68,306,22.22222222222222,14,ok
yokke313,68,306,22.22222222222222,14,ok
morning_moon_,68,306,22.22222222222222,13,ok
SP_04,68,306,22.22222222222222,13,ok
tsun,68,306,22.22222222222222,13,ok
gamakujira,68,306,22.22222222222222,12,ok
mxdlyh2008,68,306,22.22222222222222,12,ok
lime301130,68,306,22.22222222222222,11,ok
mimimi_32kng,68,306,22.22222222222222,11,ok
shibaken072,68,306,22.22222222222222,10,ok
Sisypye410,68,306,22.22222222222222,10,ok
Kinji_tw,68,306,22.22222222222222,8,ok
masaandmylife,68,306,22.22222222222222,8,ok
saviorhayate,68,306,22.22222222222222,8,ok
takuansenki,68,306,22.22222222222222,8,ok
tianzhongchongwu,68,306,22.22222222222222,8,ok
ysrk_voltex,68,306,22.22222222222222,8,ok
10lucky_rinlen,68,306,22.22222222222222,7,ok
someday12138,68,306,22.22222222222222,7,ok
nebulas614,68,306,22.22222222222222,6,ok
eire,68,306,22.22222222222222,5,ok
justinapple520,68,306,22.22222222222222,5,ok
7535,68,306,22.22222222222222,3,ok
jaw_,68,306,22.22222222222222,3,ok
minamike0,67,306,21.895424836601308,29,ok
Honyarara_Magic,67,306,21.895424836601308,26,ok
hirowxw,67,306,21.895424836601308,25,ok
kizapop,67,306,21.895424836601308,23,ok
kuraudo634,67,306,21.895424836601308,23,ok
genmusai,67,306,21.895424836601308,22,ok
anikanikeda,67,306,21.895424836601308,20,ok
doremi_aikatsu,67,306,21.895424836601308,20,ok
tiovita5870785,67,306,21.895424836601308,20,ok
frip_udon,67,306,21.895424836601308,19,ok
pankokizzu,67,306,21.895424836601308,19,ok
shsub,67,306,21.895424836601308,18,ok
SRCL_12590,67,306,21.895424836601308,18,ok
yuitosinaka0524,67,306,21.895424836601308,18,ok
diakurosawasama,67,306,21.895424836601308,17,ok
Ramsey8621,67,306,21.895424836601308,17,ok
Limited_7114,67,306,21.895424836601308,16,ok
nagasu_coco,67,306,21.895424836601308,15,ok
SingAnisonRider,67,306,21.895424836601308,14,ok
Exv210,67,306,21.895424836601308,13,ok
izayasinkai,67,306,21.895424836601308,12,ok
K_Stand_LOGUE,67,306,21.895424836601308,12,ok
manyo114514,67,306,21.895424836601308,12,ok
OR4C1ON,67,306,21.895424836601308,12,ok
youcan_nerd,67,306,21.895424836601308,12,ok
hokiboshi_SS,67,306,21.895424836601308,11,ok
Kakumitsu,67,306,21.895424836601308,11,ok
LalaNikukyu,67,306,21.895424836601308,11,ok
ekyaneing,67,306,21.895424836601308,10,ok
Defile2421,67,306,21.895424836601308,9,ok
suckstraiper,67,306,21.895424836601308,9,ok
asukalangley0415,67,306,21.895424836601308,8,ok
mementmori,67,306,21.895424836601308,8,ok
8a6un0suke,67,306,21.895424836601308,7,ok
DaN_1031_,67,306,21.895424836601308,6,ok
momij111,67,306,21.895424836601308,6,ok
Moyu_sv,67,306,21.895424836601308,6,ok
Enf_ss,67,306,21.895424836601308,5,ok
KazettaBanG,67,306,21.895424836601308,5,ok
Star_koto,67,306,21.895424836601308,5,ok
Takagi3,67,306,21.895424836601308,5,ok
ellenaustin1029,67,306,21.895424836601308,4,ok
jia6214876,67,306,21.895424836601308,3,ok
vvkobapivv,66,306,21.568627450980394,32,ok
Alumidaru,66,306,21.568627450980394,24,ok
chirk,66,306,21.568627450980394,24,ok
t7s_toshi0725,66,306,21.568627450980394,24,ok
chobitanku,66,306,21.568627450980394,22,ok
zhouOH,66,306,21.568627450980394,22,ok
0228Under1989,66,306,21.568627450980394,21,ok
mame831,66,306,21.568627450980394,20,ok
Dooom489,66,306,21.568627450980394,18,ok
skysnow_mia,66,306,21.568627450980394,18,ok
mdkti,66,306,21.568627450980394,17,ok
pin9t,66,306,21.568627450980394,17,ok
Fj38666841Fj,66,306,21.568627450980394,16,ok
spje2233,66,306,21.568627450980394,16,ok
xmajikarux,66,306,21.568627450980394,16,ok
bashiko1218,66,306,21.568627450980394,15,ok
takumi_surround,66,306,21.568627450980394,15,ok
963k_,66,306,21.568627450980394,14,ok
alkadia3,66,306,21.568627450980394,14,ok
gaoo_dot_com,66,306,21.568627450980394,14,ok
LiyuO1O9,66,306,21.568627450980394,14,ok
Mkzs0512,66,306,21.568627450980394,14,ok
oteage,66,306,21.568627450980394,14,ok
yasu008492,66,306,21.568627450980394,14,ok
evevt0417,66,306,21.568627450980394,13,ok
hiiragi_0322,66,306,21.568627450980394,12,ok
StevenShen,66,306,21.568627450980394,12,ok
gensui323,66,306,21.568627450980394,11,ok
gi_n79,66,306,21.568627450980394,11,ok
jimjiang,66,306,21.568627450980394,11,ok
nagatodora,66,306,21.568627450980394,11,ok
shiwasucom,66,306,21.568627450980394,10,ok
waterdw64763142,66,306,21.568627450980394,10,ok
kime61213,66,306,21.568627450980394,8,ok
Matmat,66,306,21.568627450980394,8,ok
misarin0203,66,306,21.568627450980394,8,ok
gobrinshark,66,306,21.568627450980394,7,ok
HoxtonFitz85574,66,306,21.568627450980394,6,ok
sweethunny2025,66,306,21.568627450980394,4,ok
ksushi36,65,306,21.241830065359476,31,ok
kirikazu09171,65,306,21.241830065359476,29,ok
moya_daiz,65,306,21.241830065359476,24,ok
MV821,65,306,21.241830065359476,24,ok
aaaaaaaaaaaaaa,65,306,21.241830065359476,23,ok
isogwar,65,306,21.241830065359476,19,ok
IvIy_,65,306,21.241830065359476,19,ok
tatechan,65,306,21.241830065359476,19,ok
_ai817,65,306,21.241830065359476,18,ok
bob_tk,65,306,21.241830065359476,18,ok
moki_0229,65,306,21.241830065359476,16,ok
milky_but,65,306,21.241830065359476,15,ok
Exteminator,65,306,21.241830065359476,13,ok
HarryShan1,65,306,21.241830065359476,13,ok
higayou,65,306,21.241830065359476,13,ok
hikawa_mint,65,306,21.241830065359476,13,ok
kannkannna,65,306,21.241830065359476,13,ok
Kevin_0258,65,306,21.241830065359476,13,ok
WUGner_matthew,65,306,21.241830065359476,13,ok
zhenshidaila,65,306,21.241830065359476,13,ok
bibibibi,65,306,21.241830065359476,12,ok
humibou0426,65,306,21.241830065359476,12,ok
Salvare014,65,306,21.241830065359476,12,ok
sB_Rd,65,306,21.241830065359476,12,ok
Shida1er,65,306,21.241830065359476,12,ok
CB_1010,65,306,21.241830065359476,11,ok
kkr_pzdr,65,306,21.241830065359476,11,ok
Tamago2869,65,306,21.241830065359476,11,ok
534741453S2,65,306,21.241830065359476,10,ok
annamelone,65,306,21.241830065359476,10,ok
mk_3i0sic,65,306,21.241830065359476,10,ok
tatu3893_1,65,306,21.241830065359476,10,ok
touch1114,65,306,21.241830065359476,10,ok
murakore3,65,306,21.241830065359476,9,ok
tokineruSH,65,306,21.241830065359476,9,ok
Azaoncircle,65,306,21.241830065359476,8,ok
SUKEHoney_E217,65,306,21.241830065359476,8,ok
yu_ki_nino,65,306,21.241830065359476,7,ok
onemoreperson,65,306,21.241830065359476,6,ok
smallp331,65,306,21.241830065359476,6,ok
ydkun,65,306,21.241830065359476,6,ok
lietefu,65,306,21.241830065359476,5,ok
merikato96,65,306,21.241830065359476,5,ok
kyoju_ki,65,306,21.241830065359476,4,ok
streamresept,65,306,21.241830065359476,4,ok
215741nn1,65,306,21.241830065359476,3,ok
makotoo,65,306,21.241830065359476,3,ok
KKRG_K,64,306,20.915032679738562,29,ok
oyoyo_hale32,64,306,20.915032679738562,24,ok
worry787,64,306,20.915032679738562,24,ok
ReturnVillage,64,306,20.915032679738562,22,ok
Kirito_0113,64,306,20.915032679738562,21,ok
syamovie,64,306,20.915032679738562,21,ok
wasajeef02,64,306,20.915032679738562,21,ok
A_140_F6,64,306,20.915032679738562,18,ok
kabehey56,64,306,20.915032679738562,18,ok
marcysnet,64,306,20.915032679738562,18,ok
pketri,64,306,20.915032679738562,18,ok
tnd1_0220,64,306,20.915032679738562,18,ok
yubokun,64,306,20.915032679738562,18,ok
0000,64,306,20.915032679738562,17,ok
jingou0916,64,306,20.915032679738562,17,ok
heliotherapy,64,306,20.915032679738562,16,ok
link_theta,64,306,20.915032679738562,16,ok
trane0206,64,306,20.915032679738562,16,ok
TrySail_4BA_Z34,64,306,20.915032679738562,16,ok
0227takuya,64,306,20.915032679738562,15,ok
Hachi_892,64,306,20.915032679738562,15,ok
SimosaOmiya,64,306,20.915032679738562,15,ok
denkihitsuji,64,306,20.915032679738562,14,ok
kspl3lq111,64,306,20.915032679738562,14,ok
MINATO,64,306,20.915032679738562,14,ok
Yuu_PDLL,64,306,20.915032679738562,14,ok
miyashi,64,306,20.915032679738562,13,ok
wmjr1035,64,306,20.915032679738562,13,ok
esinori,64,306,20.915032679738562,12,ok
mokemokeoyolikemf0521,64,306,20.915032679738562,12,ok
Manmaru_radio,64,306,20.915032679738562,10,ok
r_scarlet1,64,306,20.915032679738562,10,ok
automatichuman,64,306,20.915032679738562,9,ok
tangkeke435,64,306,20.915032679738562,9,ok
tuni1010,64,306,20.915032679738562,9,ok
chentamama,64,306,20.915032679738562,8,ok
KCLcheck,64,306,20.915032679738562,8,ok
manuruneko663,64,306,20.915032679738562,7,ok
2seri27fan,64,306,20.915032679738562,6,ok
king121886,64,306,20.915032679738562,6,ok
RyeRaven,64,306,20.915032679738562,6,ok
atukitakaoka96,64,306,20.915032679738562,5,ok
ChaR11es,64,306,20.915032679738562,5,ok
deadorlive,64,306,20.915032679738562,5,ok
yueshiang,64,306,20.915032679738562,5,ok
cky,64,306,20.915032679738562,4,ok
RaN,63,306,20.588235294117645,28,ok
cong10268,63,306,20.588235294117645,25,ok
yo2dec28,63,306,20.588235294117645,25,ok
endou1231,63,306,20.588235294117645,23,ok
God_Plane,63,306,20.588235294117645,23,ok
kurenayyy,63,306,20.588235294117645,23,ok
revo_lusion,63,306,20.588235294117645,20,ok
gjeekekn,63,306,20.588235294117645,19,ok
VeiteRawhn,63,306,20.588235294117645,19,ok
IventerN,63,306,20.588235294117645,18,ok
otimaru632,63,306,20.588235294117645,18,ok
tyoukann,63,306,20.588235294117645,18,ok
ceass20xx,63,306,20.588235294117645,16,ok
AlainResonance,63,306,20.588235294117645,13,ok
baril78,63,306,20.588235294117645,13,ok
evesakiori,63,306,20.588235294117645,13,ok
kumasanncrew,63,306,20.588235294117645,13,ok
beerduc,63,306,20.588235294117645,12,ok
pa_pi_lar,63,306,20.588235294117645,12,ok
tanetsugu28,63,306,20.588235294117645,12,ok
K_5555_35,63,306,20.588235294117645,11,ok
kleenex,63,306,20.588235294117645,11,ok
tba,63,306,20.588235294117645,11,ok
moyayasshi,63,306,20.588235294117645,10,ok
nantonakuO,63,306,20.588235294117645,10,ok
shinokuwa_zk,63,306,20.588235294117645,9,ok
29,63,306,20.588235294117645,8,ok
mashiyu717599,63,306,20.588235294117645,8,ok
N_Aya1004,63,306,20.588235294117645,8,ok
pooh_president,63,306,20.588235294117645,8,ok
toro_ka_F,63,306,20.588235294117645,8,ok
White_Oden,63,306,20.588235294117645,8,ok
piggyclub4712,63,306,20.588235294117645,7,ok
Schnee_Stein,63,306,20.588235294117645,7,ok
terepic,63,306,20.588235294117645,7,ok
skyflashaam,63,306,20.588235294117645,6,ok
soma082,63,306,20.588235294117645,6,ok
potetostrike,63,306,20.588235294117645,5,ok
ettaz823,63,306,20.588235294117645,4,ok
jy_nm,63,306,20.588235294117645,4,ok
sigsig1119,63,306,20.588235294117645,4,ok
trilliongame,63,306,20.588235294117645,4,ok
xsl1906,63,306,20.588235294117645,4,ok
garyuusan8674,63,306,20.588235294117645,3,ok
harryc,63,306,20.588235294117645,3,ok
Jason,63,306,20.588235294117645,3,ok
zacton,63,306,20.588235294117645,3,ok
nanno_yuya,62,306,20.26143790849673,29,ok
nishiura871,62,306,20.26143790849673,26,ok
chinoouji,62,306,20.26143790849673,24,ok
jinseiowata3039,62,306,20.26143790849673,24,ok
rp_rp,62,306,20.26143790849673,23,ok
hsafh11,62,306,20.26143790849673,22,ok
mimimi402,62,306,20.26143790849673,22,ok
lvmmmatemate,62,306,20.26143790849673,20,ok
ham_sand,62,306,20.26143790849673,19,ok
KG_SaeV,62,306,20.26143790849673,19,ok
MR,62,306,20.26143790849673,19,ok
nagato_ism,62,306,20.26143790849673,19,ok
tiovita5870,62,306,20.26143790849673,19,ok
ucwsy_1,62,306,20.26143790849673,19,ok
AYMM,62,306,20.26143790849673,18,ok
gdm2440,62,306,20.26143790849673,18,ok
ki_Feb,62,306,20.26143790849673,18,ok
KuraKucchan,62,306,20.26143790849673,18,ok
la_fleur_bleue,62,306,20.26143790849673,18,ok
yasiloy,62,306,20.26143790849673,18,ok
aimi3fan,62,306,20.26143790849673,17,ok
dountan,62,306,20.26143790849673,17,ok
FruitCan,62,306,20.26143790849673,17,ok
nm7_jp,62,306,20.26143790849673,17,ok
3298ing,62,306,20.26143790849673,15,ok
incubator614,62,306,20.26143790849673,15,ok
asti_9134,62,306,20.26143790849673,14,ok
siro_yoshi25,62,306,20.26143790849673,14,ok
syaru_5968_1,62,306,20.26143790849673,14,ok
tp3mmm,62,306,20.26143790849673,14,ok
fv6378,62,306,20.26143790849673,13,ok
johnny25609604,62,306,20.26143790849673,13,ok
moron_hz,62,306,20.26143790849673,13,ok
suzuki413,62,306,20.26143790849673,13,ok
ZakaTliner,62,306,20.26143790849673,13,ok
84hijiri,62,306,20.26143790849673,12,ok
nanan0325,62,306,20.26143790849673,12,ok
Fact_M_Q,62,306,20.26143790849673,11,ok
Kinson_KC_,62,306,20.26143790849673,11,ok
CAPTAIN_CHINA,62,306,20.26143790849673,10,ok
dadada_mawahi,62,306,20.26143790849673,10,ok
delta_ip_qk6rd_1,62,306,20.26143790849673,10,ok
Sumaph,62,306,20.26143790849673,10,ok
xJxuxNx_,62,306,20.26143790849673,10,ok
Amotan,62,306,20.26143790849673,9,ok
anievent0611,62,306,20.26143790849673,8,ok
jason135794042,62,306,20.26143790849673,8,ok
Oyakata_s,62,306,20.26143790849673,7,ok
raynakashima9,62,306,20.26143790849673,7,ok
yebacokie,62,306,20.26143790849673,7,ok
Ari_Wu,62,306,20.26143790849673,6,ok
genomumova,62,306,20.26143790849673,6,ok
kangool6472849,62,306,20.26143790849673,6,ok
Yoshiko_080713,62,306,20.26143790849673,6,ok
giptsensetion,62,306,20.26143790849673,5,ok
kit_jai,62,306,20.26143790849673,5,ok
mhggpo,62,306,20.26143790849673,5,ok
shanghaihoneybe,62,306,20.26143790849673,5,ok
Suzuka,62,306,20.26143790849673,5,ok
maxbreakerz2mei,62,306,20.26143790849673,4,ok
bipa_0814,62,306,20.26143790849673,3,ok
ririko_nakamura,62,306,20.26143790849673,3,ok
aisora7,61,306,19.934640522875817,30,ok
fukushi34,61,306,19.934640522875817,29,ok
miyamiya1123,61,306,19.934640522875817,26,ok
turarasize,61,306,19.934640522875817,25,ok
1017issei,61,306,19.934640522875817,24,ok
beargairu,61,306,19.934640522875817,23,ok
shirokona,61,306,19.934640522875817,23,ok
buster1057185,61,306,19.934640522875817,21,ok
ap_lastblade,61,306,19.934640522875817,20,ok
nozaitaku9624,61,306,19.934640522875817,19,ok
kagamin412,61,306,19.934640522875817,18,ok
mel_klnpp,61,306,19.934640522875817,18,ok
favorite_saki,61,306,19.934640522875817,17,ok
kurab_in_tamago,61,306,19.934640522875817,17,ok
lansi951,61,306,19.934640522875817,17,ok
NURJES,61,306,19.934640522875817,17,ok
telepath_72,61,306,19.934640522875817,17,ok
Nagi,61,306,19.934640522875817,16,ok
umaion222,61,306,19.934640522875817,16,ok
2015ranken,61,306,19.934640522875817,15,ok
candy_dear_to,61,306,19.934640522875817,15,ok
fujino10dan,61,306,19.934640522875817,15,ok
Leo__1225,61,306,19.934640522875817,15,ok
suikuma_rh,61,306,19.934640522875817,15,ok
zaizaicdd,61,306,19.934640522875817,15,ok
__kgmn__,61,306,19.934640522875817,14,ok
louie83279,61,306,19.934640522875817,14,ok
ryafu,61,306,19.934640522875817,14,ok
sakurada_than,61,306,19.934640522875817,14,ok
HySteRia5417,61,306,19.934640522875817,13,ok
sa4ya,61,306,19.934640522875817,13,ok
Three_Loop,61,306,19.934640522875817,13,ok
FlandreRe,61,306,19.934640522875817,12,ok
sen0328,61,306,19.934640522875817,12,ok
bogle_animu,61,306,19.934640522875817,11,ok
magic_apple,61,306,19.934640522875817,11,ok
subit_01,61,306,19.934640522875817,11,ok
teitoku1024,61,306,19.934640522875817,11,ok
wakame_tech,61,306,19.934640522875817,11,ok
kajitanie_515,61,306,19.934640522875817,10,ok
minami_rokugou,61,306,19.934640522875817,10,ok
yosuke091420,61,306,19.934640522875817,10,ok
zerohina,61,306,19.934640522875817,10,ok
t__n_3,61,306,19.934640522875817,9,ok
YAMA_D06,61,306,19.934640522875817,9,ok
as22295952002,61,306,19.934640522875817,8,ok
hugonotyuguo,61,306,19.934640522875817,8,ok
Mr91834951,61,306,19.934640522875817,8,ok
osazou036,61,306,19.934640522875817,8,ok
Pr013e,61,306,19.934640522875817,8,ok
xxxxxshinxxxxx,61,306,19.934640522875817,8,ok
yashi_005,61,306,19.934640522875817,8,ok
___06ay,61,306,19.934640522875817,7,ok
BaKaSo18,61,306,19.934640522875817,7,ok
kitu39,61,306,19.934640522875817,7,ok
koji1999111007,61,306,19.934640522875817,7,ok
Wabisuke_Takari,61,306,19.934640522875817,7,ok
Lumin,61,306,19.934640522875817,6,ok
nami_kawa73,61,306,19.934640522875817,6,ok
Sora0310,61,306,19.934640522875817,6,ok
Anson1210AB,61,306,19.934640522875817,5,ok
BuBuudesuwa,61,306,19.934640522875817,4,ok
firefox2590,61,306,19.934640522875817,4,ok
K_Dicman,61,306,19.934640522875817,4,ok
Aprntc_1st,61,306,19.934640522875817,3,ok
AsVeg,61,306,19.934640522875817,3,ok
starfreedomx0721,61,306,19.934640522875817,3,ok
gomazou828,60,306,19.607843137254903,28,ok
Chiya_87,60,306,19.607843137254903,26,ok
TAKU1GET,60,306,19.607843137254903,25,ok
double_Decades,60,306,19.607843137254903,22,ok
seikesealis,60,306,19.607843137254903,21,ok
mashima113,60,306,19.607843137254903,19,ok
quloppi,60,306,19.607843137254903,18,ok
kankanmikan,60,306,19.607843137254903,17,ok
e657_bans,60,306,19.607843137254903,16,ok
korokorokoro,60,306,19.607843137254903,16,ok
08eyghc_1,60,306,19.607843137254903,15,ok
130_3kako,60,306,19.607843137254903,15,ok
honomaki_masato,60,306,19.607843137254903,15,ok
ki1203,60,306,19.607843137254903,15,ok
aimi_wing,60,306,19.607843137254903,14,ok
KKEmancai,60,306,19.607843137254903,14,ok
umechaaan_,60,306,19.607843137254903,14,ok
sibafu_nana,60,306,19.607843137254903,13,ok
55tkt0322usg,60,306,19.607843137254903,12,ok
brachio_sqP3,60,306,19.607843137254903,12,ok
470_bearing,60,306,19.607843137254903,11,ok
EternalLight86,60,306,19.607843137254903,11,ok
GOGGMKX,60,306,19.607843137254903,10,ok
mikesaku_2870,60,306,19.607843137254903,10,ok
seinths_YH,60,306,19.607843137254903,10,ok
suphyy1,60,306,19.607843137254903,10,ok
tatsu_ya22,60,306,19.607843137254903,10,ok
Toga3417,60,306,19.607843137254903,10,ok
yamiyoru86,60,306,19.607843137254903,10,ok
FiRzLpn22,60,306,19.607843137254903,9,ok
gold110377,60,306,19.607843137254903,9,ok
honami_Leo,60,306,19.607843137254903,9,ok
Kagechuann,60,306,19.607843137254903,9,ok
cs55911166488,60,306,19.607843137254903,8,ok
dieInselisland,60,306,19.607843137254903,8,ok
g_az_in,60,306,19.607843137254903,8,ok
kotonado,60,306,19.607843137254903,8,ok
sasakirione2,60,306,19.607843137254903,8,ok
hiirowa,60,306,19.607843137254903,7,ok
chyunkiti,60,306,19.607843137254903,6,ok
echo_0093,60,306,19.607843137254903,6,ok
masukawa_yoshio,60,306,19.607843137254903,6,ok
orewa_SENDA,60,306,19.607843137254903,6,ok
Aichi11505,60,306,19.607843137254903,4,ok
nsfz,60,306,19.607843137254903,4,ok
rui_ztj,60,306,19.607843137254903,4,ok
shimi_you,59,306,19.28104575163399,28,ok
PKobanao,59,306,19.28104575163399,24,ok
masao_ex,59,306,19.28104575163399,23,ok
chiyo37_,59,306,19.28104575163399,22,ok
crane_LL23,59,306,19.28104575163399,21,ok
nora,59,306,19.28104575163399,21,ok
tiamat0,59,306,19.28104575163399,21,ok
koteijing,59,306,19.28104575163399,20,ok
makoto_57_24,59,306,19.28104575163399,18,ok
Qualt_sense,59,306,19.28104575163399,18,ok
yu9524,59,306,19.28104575163399,18,ok
1995matsumon,59,306,19.28104575163399,16,ok
arararale_,59,306,19.28104575163399,16,ok
Bamu_pi6,59,306,19.28104575163399,16,ok
elp16,59,306,19.28104575163399,16,ok
kimo_otaku_,59,306,19.28104575163399,16,ok
zzzz_1108,59,306,19.28104575163399,16,ok
nohohon_jump2,59,306,19.28104575163399,15,ok
aoba_mhcs,59,306,19.28104575163399,14,ok
architect_d6,59,306,19.28104575163399,14,ok
gakulikesnana,59,306,19.28104575163399,14,ok
nantyan0225,59,306,19.28104575163399,14,ok
Roy_Tung714,59,306,19.28104575163399,14,ok
t_rentan,59,306,19.28104575163399,14,ok
ruka64311765,59,306,19.28104575163399,13,ok
StopStop,59,306,19.28104575163399,13,ok
utayomi0105,59,306,19.28104575163399,13,ok
Alex_anime0818,59,306,19.28104575163399,12,ok
hiro666xxx,59,306,19.28104575163399,12,ok
JYTindustry,59,306,19.28104575163399,11,ok
ma_tereGALA,59,306,19.28104575163399,11,ok
minamikoora0912,59,306,19.28104575163399,11,ok
sakuya1020,59,306,19.28104575163399,11,ok
f9190yuki,59,306,19.28104575163399,10,ok
ijnkongo,59,306,19.28104575163399,10,ok
kanaria_BD,59,306,19.28104575163399,10,ok
mimimi_32k_9,59,306,19.28104575163399,10,ok
nishio7110,59,306,19.28104575163399,10,ok
peter02004,59,306,19.28104575163399,10,ok
shiromk4,59,306,19.28104575163399,10,ok
Lynn_rin_C,59,306,19.28104575163399,8,ok
toya_grb,59,306,19.28104575163399,8,ok
Warthog_0917,59,306,19.28104575163399,8,ok
wuyou0605,59,306,19.28104575163399,8,ok
ebiti_,59,306,19.28104575163399,7,ok
ISKW_Hakumai,59,306,19.28104575163399,7,ok
kacutasu,59,306,19.28104575163399,7,ok
nesds1234,59,306,19.28104575163399,7,ok
sjpp,59,306,19.28104575163399,7,ok
Tsubaki_dol,59,306,19.28104575163399,7,ok
LJMRSQOP,59,306,19.28104575163399,6,ok
saber_punk,59,306,19.28104575163399,6,ok
Appearance_of,59,306,19.28104575163399,5,ok
cchen12qw,59,306,19.28104575163399,5,ok
mimi_matrix,59,306,19.28104575163399,5,ok
837340980364,59,306,19.28104575163399,4,ok
ariake,59,306,19.28104575163399,4,ok
matthewhung131133,59,306,19.28104575163399,3,ok
BlackLantis1994,58,306,18.954248366013072,28,ok
ino_euph0,58,306,18.954248366013072,26,ok
ICYLUNA,58,306,18.954248366013072,25,ok
blue_cat_7,58,306,18.954248366013072,24,ok
em03094,58,306,18.954248366013072,23,ok
GrowStrick,58,306,18.954248366013072,23,ok
Matias_Schumi,58,306,18.954248366013072,23,ok
Rasso_free,58,306,18.954248366013072,23,ok
scitaro,58,306,18.954248366013072,23,ok
pepe,58,306,18.954248366013072,21,ok
kurione,58,306,18.954248366013072,20,ok
ganji,58,306,18.954248366013072,19,ok
ken2dx,58,306,18.954248366013072,19,ok
silu_k,58,306,18.954248366013072,19,ok
Sturm_n28,58,306,18.954248366013072,19,ok
tct1109,58,306,18.954248366013072,19,ok
aisu_manjuu,58,306,18.954248366013072,17,ok
funntan,58,306,18.954248366013072,17,ok
imgh666,58,306,18.954248366013072,17,ok
nico_feena,58,306,18.954248366013072,17,ok
sms_sobaya,58,306,18.954248366013072,17,ok
voice__wotaku,58,306,18.954248366013072,17,ok
nevin5067,58,306,18.954248366013072,16,ok
umeiso19,58,306,18.954248366013072,16,ok
yasumi_kirie,58,306,18.954248366013072,16,ok
yukusu1_yukusu,58,306,18.954248366013072,16,ok
A_Oight,58,306,18.954248366013072,15,ok
Afron_ofton,58,306,18.954248366013072,15,ok
daisuke19850801,58,306,18.954248366013072,15,ok
gomasabap,58,306,18.954248366013072,15,ok
kotori3689,58,306,18.954248366013072,15,ok
sakas27,58,306,18.954248366013072,15,ok
kajyumaki_419,58,306,18.954248366013072,14,ok
Nagamon1102,58,306,18.954248366013072,14,ok
You_Chika__suco,58,306,18.954248366013072,14,ok
aj06xk4dj4,58,306,18.954248366013072,13,ok
Iam_homu,58,306,18.954248366013072,13,ok
nightmareb,58,306,18.954248366013072,13,ok
oO_yukino_Oo,58,306,18.954248366013072,13,ok
sahimitu,58,306,18.954248366013072,13,ok
10kenn22,58,306,18.954248366013072,12,ok
finny248,58,306,18.954248366013072,12,ok
kouunn334,58,306,18.954248366013072,12,ok
henshin0816,58,306,18.954248366013072,11,ok
my_sustainer,58,306,18.954248366013072,11,ok
NCC78657,58,306,18.954248366013072,11,ok
Akarakuyou,58,306,18.954248366013072,10,ok
jambowrd,58,306,18.954248366013072,10,ok
yot,58,306,18.954248366013072,10,ok
juliusyianwang,58,306,18.954248366013072,9,ok
kdy3056,58,306,18.954248366013072,9,ok
kitakamimegane,58,306,18.954248366013072,9,ok
sunsummer169,58,306,18.954248366013072,9,ok
Mitsuki_spl,58,306,18.954248366013072,8,ok
netcat,58,306,18.954248366013072,8,ok
skelin_shimeji,58,306,18.954248366013072,8,ok
micronesia7942,58,306,18.954248366013072,7,ok
ma_m_ii,58,306,18.954248366013072,6,ok
mubs,58,306,18.954248366013072,6,ok
pmxu4gMxd,58,306,18.954248366013072,6,ok
singlelunker25,58,306,18.954248366013072,6,ok
sogetsu_62,58,306,18.954248366013072,6,ok
Sylvania717,58,306,18.954248366013072,6,ok
ylon1227,58,306,18.954248366013072,6,ok
zhaohengbin62,58,306,18.954248366013072,6,ok
crovisnaurga,58,306,18.954248366013072,5,ok
minoriharukawa,58,306,18.954248366013072,5,ok
prorikin714209,58,306,18.954248366013072,5,ok
Sakuramochi1847,58,306,18.954248366013072,5,ok
toki_4z8b_,58,306,18.954248366013072,5,ok
ukyo0807,58,306,18.954248366013072,5,ok
akito_yuki__,58,306,18.954248366013072,4,ok
iEv_17,58,306,18.954248366013072,4,ok
newscar3209657,58,306,18.954248366013072,3,ok
Sukuinote1,58,306,18.954248366013072,3,ok
yczc,58,306,18.954248366013072,3,ok
allen8863,58,306,18.954248366013072,2,ok
crh5.091a,58,306,18.954248366013072,2,ok
fifyi816,58,306,18.954248366013072,2,ok
menchi_0506,58,306,18.954248366013072,2,ok
akikoaogu,57,306,18.627450980392158,26,ok
masa__TRUE,57,306,18.627450980392158,23,ok
mochi0327,57,306,18.627450980392158,23,ok
504me262v1,57,306,18.627450980392158,22,ok
Broly445,57,306,18.627450980392158,20,ok
leafalse,57,306,18.627450980392158,20,ok
maaya_ran,57,306,18.627450980392158,20,ok
nadenadeitoken,57,306,18.627450980392158,20,ok
amrikahamo,57,306,18.627450980392158,19,ok
eagles617,57,306,18.627450980392158,19,ok
manato_naito,57,306,18.627450980392158,19,ok
rt005085,57,306,18.627450980392158,19,ok
wayo_wugner,57,306,18.627450980392158,19,ok
Jaksun_j,57,306,18.627450980392158,18,ok
AskaMyun,57,306,18.627450980392158,17,ok
kurenai0605,57,306,18.627450980392158,17,ok
linitsu,57,306,18.627450980392158,16,ok
Bstaichiro,57,306,18.627450980392158,15,ok
redster90,57,306,18.627450980392158,15,ok
yoshi03181215,57,306,18.627450980392158,15,ok
fight_eirmate,57,306,18.627450980392158,14,ok
kakenukete,57,306,18.627450980392158,14,ok
nbspd2,57,306,18.627450980392158,14,ok
sekkokko,57,306,18.627450980392158,14,ok
tszhei924,57,306,18.627450980392158,14,ok
Y0S0R0,57,306,18.627450980392158,14,ok
JUN4090,57,306,18.627450980392158,12,ok
ktkr2324,57,306,18.627450980392158,11,ok
zdz,57,306,18.627450980392158,11,ok
kenji_ctb,57,306,18.627450980392158,10,ok
soyokaze527,57,306,18.627450980392158,10,ok
Vanished,57,306,18.627450980392158,10,ok
3zR,57,306,18.627450980392158,9,ok
kyawashuu,57,306,18.627450980392158,9,ok
mako2270,57,306,18.627450980392158,9,ok
ms_yw_330,57,306,18.627450980392158,9,ok
ran_chan_54,57,306,18.627450980392158,9,ok
shionyu0411,57,306,18.627450980392158,9,ok
hoshihoshi,57,306,18.627450980392158,8,ok
kron,57,306,18.627450980392158,8,ok
Lasagna_Sugar,57,306,18.627450980392158,8,ok
tokimaru_87,57,306,18.627450980392158,8,ok
haizhipiao,57,306,18.627450980392158,7,ok
nattsunp,57,306,18.627450980392158,7,ok
Nkt_salt_,57,306,18.627450980392158,7,ok
Matthew0310,57,306,18.627450980392158,6,ok
nKbXHO9D7AG4SQO,57,306,18.627450980392158,6,ok
Sinon02140,57,306,18.627450980392158,6,ok
wata_11039,57,306,18.627450980392158,6,ok
Daihoukan,57,306,18.627450980392158,5,ok
Gwon,57,306,18.627450980392158,5,ok
iikumin1,57,306,18.627450980392158,5,ok
KashumiNeso,57,306,18.627450980392158,5,ok
charles33hung,57,306,18.627450980392158,4,ok
LesRougeetBlanc,57,306,18.627450980392158,4,ok
mobmob22b,57,306,18.627450980392158,4,ok
NenurtaAy,57,306,18.627450980392158,4,ok
nightterror8197,57,306,18.627450980392158,4,ok
sanrokugoko,57,306,18.627450980392158,3,ok
soutennn,56,306,18.30065359477124,26,ok
yuuichi_i,56,306,18.30065359477124,23,ok
ahus0221,56,306,18.30065359477124,22,ok
alonezerohome,56,306,18.30065359477124,22,ok
forest_knsr17,56,306,18.30065359477124,22,ok
Chourou_isM,56,306,18.30065359477124,21,ok
noudo2_7,56,306,18.30065359477124,21,ok
shino682167,56,306,18.30065359477124,20,ok
moushin,56,306,18.30065359477124,19,ok
NANA7,56,306,18.30065359477124,19,ok
0901zatsuyou_,56,306,18.30065359477124,18,ok
asanagi,56,306,18.30065359477124,18,ok
kaz_shishido,56,306,18.30065359477124,17,ok
Maki_R6_I_P,56,306,18.30065359477124,16,ok
Bamu_pi5,56,306,18.30065359477124,15,ok
kenbo_0320,56,306,18.30065359477124,15,ok
Pt_taso,56,306,18.30065359477124,15,ok
sca_teach,56,306,18.30065359477124,14,ok
i_ka_co_,56,306,18.30065359477124,13,ok
kuu_sen,56,306,18.30065359477124,13,ok
natuuribouaki,56,306,18.30065359477124,13,ok
hohas8810sub,56,306,18.30065359477124,12,ok
kbt_,56,306,18.30065359477124,12,ok
yog_hnd,56,306,18.30065359477124,12,ok
yotherun_anime,56,306,18.30065359477124,12,ok
AHKMBeretta92fs,56,306,18.30065359477124,11,ok
tpt__,56,306,18.30065359477124,11,ok
kazeyomiisumi,56,306,18.30065359477124,10,ok
narihater,56,306,18.30065359477124,9,ok
Ryuryu10a,56,306,18.30065359477124,9,ok
tatuta444,56,306,18.30065359477124,9,ok
ASBSCIS,56,306,18.30065359477124,8,ok
syun.ki.t.0311,56,306,18.30065359477124,8,ok
giga123456,56,306,18.30065359477124,7,ok
kakuseiCO2,56,306,18.30065359477124,7,ok
LAMBDA_P,56,306,18.30065359477124,7,ok
071901220912,56,306,18.30065359477124,6,ok
akamagune,56,306,18.30065359477124,6,ok
Luminis0803,56,306,18.30065359477124,6,ok
popyikor,56,306,18.30065359477124,6,ok
2940474752,56,306,18.30065359477124,5,ok
ccp,56,306,18.30065359477124,5,ok
Emil2118,56,306,18.30065359477124,5,ok
Lobster493,56,306,18.30065359477124,5,ok
osoku,56,306,18.30065359477124,5,ok
pa51_9,56,306,18.30065359477124,5,ok
SPONGEDOLL,56,306,18.30065359477124,5,ok
abley8956,56,306,18.30065359477124,4,ok
bravefate,56,306,18.30065359477124,3,ok
Dawnener,56,306,18.30065359477124,3,ok
slan1024,56,306,18.30065359477124,3,ok
gra0423,56,306,18.30065359477124,2,ok
sophie_nagisa,55,306,17.973856209150327,32,ok
gohann_rice,55,306,17.973856209150327,31,ok
_2gar,55,306,17.973856209150327,25,ok
i_no_mh46,55,306,17.973856209150327,24,ok
binger,55,306,17.973856209150327,23,ok
hinaxnagi,55,306,17.973856209150327,22,ok
OmU_firppp,55,306,17.973856209150327,22,ok
sui_emerald,55,306,17.973856209150327,21,ok
silph0325,55,306,17.973856209150327,20,ok
777testarossa,55,306,17.973856209150327,19,ok
KJ_910hr,55,306,17.973856209150327,19,ok
mm_30pkw,55,306,17.973856209150327,19,ok
shin_tyandaao,55,306,17.973856209150327,19,ok
ulu_925,55,306,17.973856209150327,19,ok
akatsuki0000,55,306,17.973856209150327,18,ok
shinjyaaa,55,306,17.973856209150327,17,ok
tattsu1023,55,306,17.973856209150327,17,ok
vanilla_3417,55,306,17.973856209150327,17,ok
FreshGreen_1123,55,306,17.973856209150327,16,ok
alfpo99,55,306,17.973856209150327,15,ok
grenet,55,306,17.973856209150327,15,ok
hocha_n,55,306,17.973856209150327,15,ok
thihi_ash,55,306,17.973856209150327,15,ok
tiki,55,306,17.973856209150327,15,ok
tomo_asroc,55,306,17.973856209150327,15,ok
3331635,55,306,17.973856209150327,14,ok
crane_dantata,55,306,17.973856209150327,13,ok
ailovemusic2010,55,306,17.973856209150327,12,ok
narumi606,55,306,17.973856209150327,12,ok
rp_810,55,306,17.973856209150327,12,ok
subacount_giga,55,306,17.973856209150327,12,ok
Yamasin_Azurite,55,306,17.973856209150327,12,ok
akfs_9223,55,306,17.973856209150327,11,ok
Foxon,55,306,17.973856209150327,11,ok
jolno_pan,55,306,17.973856209150327,11,ok
lsylsy2,55,306,17.973856209150327,11,ok
mhtb77,55,306,17.973856209150327,11,ok
shibetsukenbuti,55,306,17.973856209150327,11,ok
28_Taron_01,55,306,17.973856209150327,10,ok
a_bel_c,55,306,17.973856209150327,10,ok
hiragi_0803,55,306,17.973856209150327,10,ok
senchoubu,55,306,17.973856209150327,10,ok
akamatsu0316,55,306,17.973856209150327,9,ok
hrsmrn,55,306,17.973856209150327,9,ok
hyaku6,55,306,17.973856209150327,9,ok
kurota44,55,306,17.973856209150327,9,ok
nmbfumi,55,306,17.973856209150327,9,ok
puyo,55,306,17.973856209150327,9,ok
s10kin,55,306,17.973856209150327,9,ok
sag_army,55,306,17.973856209150327,9,ok
sugaanime827,55,306,17.973856209150327,9,ok
takamasa8823,55,306,17.973856209150327,9,ok
feltomgon,55,306,17.973856209150327,8,ok
runto_kabu,55,306,17.973856209150327,8,ok
runto_turnip,55,306,17.973856209150327,8,ok
svzkraizenn,55,306,17.973856209150327,8,ok
t26_s12,55,306,17.973856209150327,8,ok
tashi_39,55,306,17.973856209150327,8,ok
min_min_65,55,306,17.973856209150327,7,ok
miya409sp,55,306,17.973856209150327,7,ok
nicoy551,55,306,17.973856209150327,7,ok
numanao0919,55,306,17.973856209150327,7,ok
tomatokitchin,55,306,17.973856209150327,7,ok
yushuncheng,55,306,17.973856209150327,7,ok
hoyonet,55,306,17.973856209150327,6,ok
kaihsiang9295,55,306,17.973856209150327,6,ok
GrGrBlog,55,306,17.973856209150327,5,ok
hitori01p,55,306,17.973856209150327,5,ok
koln0213,55,306,17.973856209150327,5,ok
2521616a,55,306,17.973856209150327,4,ok
suikyo,55,306,17.973856209150327,4,ok
will655113,55,306,17.973856209150327,4,ok
sugasugabeat,55,306,17.973856209150327,3,ok
tomori_yukihina,55,306,17.973856209150327,3,ok
u10313335,55,306,17.973856209150327,3,ok
SOV36b,54,306,17.647058823529413,33,ok
matsu_island,54,306,17.647058823529413,27,ok
Mr201BK,54,306,17.647058823529413,23,ok
sh0ur0u,54,306,17.647058823529413,22,ok
telmsw,54,306,17.647058823529413,22,ok
Tsubame0054,54,306,17.647058823529413,22,ok
kiasama283P,54,306,17.647058823529413,21,ok
naba7877,54,306,17.647058823529413,21,ok
nero3133,54,306,17.647058823529413,21,ok
SSC_non,54,306,17.647058823529413,21,ok
RX_09,54,306,17.647058823529413,20,ok
_U_,54,306,17.647058823529413,19,ok
b_bear_m,54,306,17.647058823529413,19,ok
mathazuki,54,306,17.647058823529413,18,ok
ONIONI_abc,54,306,17.647058823529413,18,ok
910hr_tomoharu,54,306,17.647058823529413,17,ok
magsun0110,54,306,17.647058823529413,17,ok
salary1213,54,306,17.647058823529413,17,ok
tatsun_,54,306,17.647058823529413,16,ok
yamao_takenoko,54,306,17.647058823529413,16,ok
dekko_shuru,54,306,17.647058823529413,15,ok
tama_8101,54,306,17.647058823529413,15,ok
yoko_chan_ws,54,306,17.647058823529413,15,ok
3channel_dash,54,306,17.647058823529413,14,ok
lkystar_wd,54,306,17.647058823529413,14,ok
keonical,54,306,17.647058823529413,13,ok
shironeru,54,306,17.647058823529413,13,ok
Tech_o123,54,306,17.647058823529413,13,ok
x_lsm,54,306,17.647058823529413,13,ok
8zw25,54,306,17.647058823529413,12,ok
lskllt,54,306,17.647058823529413,12,ok
tm80919,54,306,17.647058823529413,12,ok
yu_yu_,54,306,17.647058823529413,12,ok
0413_symphogear,54,306,17.647058823529413,11,ok
kuramaru_3417_,54,306,17.647058823529413,11,ok
matuchama,54,306,17.647058823529413,11,ok
popokasu,54,306,17.647058823529413,11,ok
syuman_0303,54,306,17.647058823529413,11,ok
wearereds1226,54,306,17.647058823529413,11,ok
arisaeb,54,306,17.647058823529413,10,ok
phosphorus0020,54,306,17.647058823529413,10,ok
87mountain,54,306,17.647058823529413,9,ok
HOMX217,54,306,17.647058823529413,9,ok
Nao7010_maaya,54,306,17.647058823529413,9,ok
sae_boss,54,306,17.647058823529413,9,ok
ya_chi08,54,306,17.647058823529413,9,ok
aokiotemoto,54,306,17.647058823529413,8,ok
ayame_,54,306,17.647058823529413,8,ok
chihayaOT,54,306,17.647058823529413,8,ok
ETA22,54,306,17.647058823529413,8,ok
ichika777,54,306,17.647058823529413,8,ok
imas_sphere,54,306,17.647058823529413,8,ok
RAIRAIRAS,54,306,17.647058823529413,8,ok
117Oyakata,54,306,17.647058823529413,7,ok
clheaven,54,306,17.647058823529413,7,ok
Hifumi_event,54,306,17.647058823529413,7,ok
mikey_0208,54,306,17.647058823529413,7,ok
mizushiba_ppp,54,306,17.647058823529413,7,ok
Neight99,54,306,17.647058823529413,7,ok
Silver,54,306,17.647058823529413,7,ok
syatyou,54,306,17.647058823529413,7,ok
chirurulu,54,306,17.647058823529413,6,ok
hiirowa_1,54,306,17.647058823529413,6,ok
k2yutaro,54,306,17.647058823529413,6,ok
tonton_htt_gdm,54,306,17.647058823529413,6,ok
Kakyu99,54,306,17.647058823529413,5,ok
neovalueplus,54,306,17.647058823529413,4,ok
ninecodefine,54,306,17.647058823529413,4,ok
uchuhozenki,54,306,17.647058823529413,4,ok
0913_170cm,54,306,17.647058823529413,3,ok
siber_punk8697,54,306,17.647058823529413,3,ok
TonyLee26983470,54,306,17.647058823529413,2,ok
mmrn19860628,53,306,17.320261437908496,27,ok
mob39417,53,306,17.320261437908496,23,ok
aniota0616,53,306,17.320261437908496,22,ok
hideto99,53,306,17.320261437908496,22,ok
iroha_eve,53,306,17.320261437908496,22,ok
kaikuu,53,306,17.320261437908496,22,ok
k_lidol,53,306,17.320261437908496,21,ok
zanebgd,53,306,17.320261437908496,20,ok
sjr24_shiko,53,306,17.320261437908496,19,ok
senshicyou_mk2,53,306,17.320261437908496,18,ok
LoveArrowMatch,53,306,17.320261437908496,17,ok
snake6256,53,306,17.320261437908496,17,ok
hauhau1683,53,306,17.320261437908496,15,ok
image1031,53,306,17.320261437908496,15,ok
M_ELODY_FLAG,53,306,17.320261437908496,15,ok
guitarmelo_0221,53,306,17.320261437908496,14,ok
ohanagi_168,53,306,17.320261437908496,14,ok
aria_oreplanet,53,306,17.320261437908496,13,ok
bushikamen_0425,53,306,17.320261437908496,13,ok
Lanibanez,53,306,17.320261437908496,13,ok
naninumero3,53,306,17.320261437908496,13,ok
onigiri_revival,53,306,17.320261437908496,13,ok
yazawa_toomi,53,306,17.320261437908496,13,ok
keema07matar,53,306,17.320261437908496,12,ok
rst_jimoai,53,306,17.320261437908496,12,ok
unagi_0601sp,53,306,17.320261437908496,12,ok
wormiex9574231,53,306,17.320261437908496,12,ok
blackma53,53,306,17.320261437908496,11,ok
T_taso,53,306,17.320261437908496,11,ok
tingmeow12,53,306,17.320261437908496,11,ok
brlg,53,306,17.320261437908496,10,ok
lambdanova,53,306,17.320261437908496,10,ok
yappa_tenshi,53,306,17.320261437908496,10,ok
1648SY,53,306,17.320261437908496,9,ok
Losmas13,53,306,17.320261437908496,9,ok
maimai_lawn,53,306,17.320261437908496,9,ok
tyandhy,53,306,17.320261437908496,9,ok
yukinamako4,53,306,17.320261437908496,9,ok
_poi69,53,306,17.320261437908496,8,ok
ponycanion,53,306,17.320261437908496,8,ok
h1mmashiro,53,306,17.320261437908496,7,ok
Joseph_G_P,53,306,17.320261437908496,7,ok
me_gusta_mss,53,306,17.320261437908496,7,ok
namekaemas,53,306,17.320261437908496,7,ok
sanana373,53,306,17.320261437908496,7,ok
yayakaru,53,306,17.320261437908496,7,ok
BUNK723,53,306,17.320261437908496,6,ok
kenken492,53,306,17.320261437908496,6,ok
SCO,53,306,17.320261437908496,6,ok
shi1221185,53,306,17.320261437908496,6,ok
tantanyanaika1_,53,306,17.320261437908496,6,ok
2173204559,53,306,17.320261437908496,5,ok
522mii,53,306,17.320261437908496,5,ok
buchoshii,53,306,17.320261437908496,5,ok
johnnyleft,53,306,17.320261437908496,5,ok
mf98190,53,306,17.320261437908496,5,ok
sakamoto_itachi,53,306,17.320261437908496,5,ok
SSB_amer02,53,306,17.320261437908496,5,ok
tata,53,306,17.320261437908496,5,ok
usaco55,53,306,17.320261437908496,5,ok
lxm570189458,53,306,17.320261437908496,4,ok
ropesanatmen,53,306,17.320261437908496,4,ok
ssdzg,53,306,17.320261437908496,4,ok
702139620,53,306,17.320261437908496,3,ok
Kente,53,306,17.320261437908496,3,ok
taka_you_shuka,53,306,17.320261437908496,3,ok
younhe95,53,306,17.320261437908496,3,ok
prototype_omega,53,306,17.320261437908496,2,ok
terran62942613,53,306,17.320261437908496,2,ok
okosama_skskset,52,306,16.99346405228758,24,ok
momojiji,52,306,16.99346405228758,23,ok
holyshroudwo,52,306,16.99346405228758,22,ok
meziro6,52,306,16.99346405228758,22,ok
kagetsusuzukaze,52,306,16.99346405228758,21,ok
natane410,52,306,16.99346405228758,21,ok
rarirurero,52,306,16.99346405228758,21,ok
tampamj,52,306,16.99346405228758,21,ok
YH_fromas,52,306,16.99346405228758,21,ok
LL_LKat,52,306,16.99346405228758,20,ok
ami_t0114,52,306,16.99346405228758,19,ok
kugi_suke,52,306,16.99346405228758,19,ok
uma_kuso,52,306,16.99346405228758,19,ok
guragin,52,306,16.99346405228758,18,ok
llustrious331,52,306,16.99346405228758,18,ok
MASARA13,52,306,16.99346405228758,18,ok
tetsunoosa,52,306,16.99346405228758,18,ok
lost1917,52,306,16.99346405228758,17,ok
f74_l,52,306,16.99346405228758,16,ok
lisblanc_umi,52,306,16.99346405228758,15,ok
trmesi,52,306,16.99346405228758,15,ok
haru3143,52,306,16.99346405228758,14,ok
hirosae1012yuno,52,306,16.99346405228758,14,ok
kak_kak_kak_,52,306,16.99346405228758,14,ok
Roselia_aina,52,306,16.99346405228758,14,ok
takuyama2,52,306,16.99346405228758,14,ok
tkyn_eli,52,306,16.99346405228758,14,ok
totally_not_sus,52,306,16.99346405228758,14,ok
gakkou_no_hito,52,306,16.99346405228758,13,ok
goldarrow7,52,306,16.99346405228758,13,ok
mu_sail,52,306,16.99346405228758,13,ok
nonocha_0,52,306,16.99346405228758,13,ok
Raven8492,52,306,16.99346405228758,13,ok
Aya,52,306,16.99346405228758,12,ok
Tsukasa_OTHAsd,52,306,16.99346405228758,12,ok
hoshiimo77,52,306,16.99346405228758,11,ok
kyabiro_san,52,306,16.99346405228758,11,ok
maltusi,52,306,16.99346405228758,11,ok
null_A_,52,306,16.99346405228758,11,ok
ryo_nor,52,306,16.99346405228758,11,ok
sankaku_y,52,306,16.99346405228758,11,ok
wataberu7,52,306,16.99346405228758,11,ok
zakkky58,52,306,16.99346405228758,11,ok
SakuSakuabcSaku,52,306,16.99346405228758,10,ok
tararanP,52,306,16.99346405228758,10,ok
kirin10th,52,306,16.99346405228758,9,ok
LLemon_sk,52,306,16.99346405228758,9,ok
magnetrice,52,306,16.99346405228758,9,ok
mutuki1020,52,306,16.99346405228758,9,ok
R___Nnyy_sk,52,306,16.99346405228758,9,ok
TrySail2801sena,52,306,16.99346405228758,9,ok
Damako_P,52,306,16.99346405228758,8,ok
kanra_01041,52,306,16.99346405228758,8,ok
kkajm,52,306,16.99346405228758,8,ok
mikanazuki745_1,52,306,16.99346405228758,8,ok
waindam,52,306,16.99346405228758,8,ok
acrylo,52,306,16.99346405228758,7,ok
itome_talk,52,306,16.99346405228758,7,ok
Afy,52,306,16.99346405228758,6,ok
ichiii_ayaka,52,306,16.99346405228758,6,ok
tomato_iao,52,306,16.99346405228758,6,ok
ken10210417,52,306,16.99346405228758,5,ok
nanjosandaisuki,52,306,16.99346405228758,5,ok
wyuutsuki,52,306,16.99346405228758,5,ok
yw,52,306,16.99346405228758,5,ok
Koucya,52,306,16.99346405228758,4,ok
manitozspf,52,306,16.99346405228758,4,ok
moscwa3106,52,306,16.99346405228758,4,ok
paspale_aycs,52,306,16.99346405228758,4,ok
yui_aerwaerw,52,306,16.99346405228758,4,ok
sinryu33,51,306,16.666666666666664,33,ok
jack_08129,51,306,16.666666666666664,22,ok
kamen024,51,306,16.666666666666664,21,ok
shohei419,51,306,16.666666666666664,21,ok
Bcat,51,306,16.666666666666664,20,ok
osacchi10,51,306,16.666666666666664,20,ok
bryanpai,51,306,16.666666666666664,19,ok
dendro00,51,306,16.666666666666664,19,ok
pm398,51,306,16.666666666666664,19,ok
113stb,51,306,16.666666666666664,18,ok
doctor_moog,51,306,16.666666666666664,18,ok
MakiseKurisu,51,306,16.666666666666664,18,ok
igacyon,51,306,16.666666666666664,17,ok
_nagasu,51,306,16.666666666666664,16,ok
may_twr,51,306,16.666666666666664,16,ok
OHGETSU_Y25,51,306,16.666666666666664,16,ok
HUMANMADE,51,306,16.666666666666664,15,ok
k_candy1119,51,306,16.666666666666664,15,ok
Kuno_Superstar,51,306,16.666666666666664,15,ok
masterpiece9719,51,306,16.666666666666664,15,ok
nbasketpenguin,51,306,16.666666666666664,15,ok
untan1014,51,306,16.666666666666664,15,ok
PersonaThoya,51,306,16.666666666666664,14,ok
Ryo_116_Ryo,51,306,16.666666666666664,14,ok
seachicken1714,51,306,16.666666666666664,14,ok
ym_moccan,51,306,16.666666666666664,14,ok
youmay0404,51,306,16.666666666666664,14,ok
alfa,51,306,16.666666666666664,13,ok
jar_jalist,51,306,16.666666666666664,13,ok
sachiel_dra,51,306,16.666666666666664,13,ok
charles_orion,51,306,16.666666666666664,12,ok
Tattsu_dagaya_,51,306,16.666666666666664,12,ok
hanamaru_sif,51,306,16.666666666666664,11,ok
syatyou_mimorin,51,306,16.666666666666664,11,ok
am30721,51,306,16.666666666666664,10,ok
fwi_z,51,306,16.666666666666664,10,ok
gtr857,51,306,16.666666666666664,10,ok
kacal918,51,306,16.666666666666664,10,ok
kagahonovivi,51,306,16.666666666666664,10,ok
pan_jardin,51,306,16.666666666666664,10,ok
Sharekove,51,306,16.666666666666664,10,ok
support_momo,51,306,16.666666666666664,10,ok
terashin_0215,51,306,16.666666666666664,10,ok
urawastation,51,306,16.666666666666664,10,ok
fishlikeorange,51,306,16.666666666666664,9,ok
hrk_tonotsumu,51,306,16.666666666666664,9,ok
kagikko84,51,306,16.666666666666664,9,ok
tokokoto_Rose,51,306,16.666666666666664,9,ok
youki,51,306,16.666666666666664,9,ok
_Neo_Aspect_,51,306,16.666666666666664,8,ok
keyex_metal,51,306,16.666666666666664,8,ok
Narumi1016Noah,51,306,16.666666666666664,8,ok
LUKKYBUNNY,51,306,16.666666666666664,7,ok
ruby_0740,51,306,16.666666666666664,7,ok
taji049,51,306,16.666666666666664,7,ok
67snkt,51,306,16.666666666666664,6,ok
Captain_0512,51,306,16.666666666666664,6,ok
meion_saku,51,306,16.666666666666664,6,ok
s2aO84,51,306,16.666666666666664,6,ok
sammy_sammy,51,306,16.666666666666664,6,ok
yamataka8042,51,306,16.666666666666664,6,ok
AlexShane,51,306,16.666666666666664,5,ok
BanGDream_tyuti,51,306,16.666666666666664,5,ok
Click030,51,306,16.666666666666664,5,ok
estrellaxd,51,306,16.666666666666664,5,ok
i6HximrTWX1Myu5,51,306,16.666666666666664,5,ok
nixinran,51,306,16.666666666666664,5,ok
Odd_001,51,306,16.666666666666664,5,ok
zhu.pengfei.q7,51,306,16.666666666666664,5,ok
pigmondermon,51,306,16.666666666666664,4,ok
tyahan_bandori,51,306,16.666666666666664,4,ok
kururuappie9184_1,51,306,16.666666666666664,3,ok
MuscleNoAniki29,51,306,16.666666666666664,3,ok
waterprof,51,306,16.666666666666664,3,ok
dldmsrll1075,51,306,16.666666666666664,2,ok
meibolick35594,51,306,16.666666666666664,2,ok
hicow0123,50,306,16.33986928104575,22,ok
mikku_miku_0816,50,306,16.33986928104575,21,ok
myamya719,50,306,16.33986928104575,21,ok
kudom0530,50,306,16.33986928104575,20,ok
laquari_,50,306,16.33986928104575,20,ok
OKEI521,50,306,16.33986928104575,20,ok
snowillusion,50,306,16.33986928104575,20,ok
the14th_y,50,306,16.33986928104575,20,ok
Hinata_MYK,50,306,16.33986928104575,19,ok
charolles64,50,306,16.33986928104575,18,ok
flan_canon,50,306,16.33986928104575,18,ok
yk.gold.deposit,50,306,16.33986928104575,18,ok
kaga_min,50,306,16.33986928104575,17,ok
kaigetsu,50,306,16.33986928104575,17,ok
omonomono,50,306,16.33986928104575,16,ok
ScqreN_,50,306,16.33986928104575,16,ok
someoka3,50,306,16.33986928104575,16,ok
horohoro2727,50,306,16.33986928104575,15,ok
aldentemaster,50,306,16.33986928104575,14,ok
Flora__107,50,306,16.33986928104575,14,ok
N_A_O_35,50,306,16.33986928104575,14,ok
tatami_94g,50,306,16.33986928104575,13,ok
Yamadazirou,50,306,16.33986928104575,13,ok
ao7321,50,306,16.33986928104575,12,ok
yama_da__,50,306,16.33986928104575,12,ok
yknksmkwii,50,306,16.33986928104575,12,ok
keiki_2525,50,306,16.33986928104575,11,ok
kirarakusu,50,306,16.33986928104575,11,ok
Kyuurikun0702,50,306,16.33986928104575,11,ok
JonXo3o3,50,306,16.33986928104575,10,ok
jyceater,50,306,16.33986928104575,10,ok
O_manju_UU,50,306,16.33986928104575,10,ok
vongoledecima,50,306,16.33986928104575,10,ok
amenojikan,50,306,16.33986928104575,9,ok
kar5bhkdkfdddd,50,306,16.33986928104575,9,ok
wild_blue_beat,50,306,16.33986928104575,9,ok
yhuasmhai_hyper,50,306,16.33986928104575,9,ok
dev_null_me9,50,306,16.33986928104575,8,ok
Fu_ka,50,306,16.33986928104575,8,ok
L007ABC,50,306,16.33986928104575,8,ok
lastlikegale,50,306,16.33986928104575,8,ok
NatsuDias,50,306,16.33986928104575,8,ok
neu1jz,50,306,16.33986928104575,8,ok
wcy05222,50,306,16.33986928104575,8,ok
a_s_0_,50,306,16.33986928104575,7,ok
anemthkn,50,306,16.33986928104575,7,ok
babuyou48,50,306,16.33986928104575,7,ok
chiaki_3732,50,306,16.33986928104575,7,ok
DIALOGUE0415,50,306,16.33986928104575,7,ok
kevinchen9001,50,306,16.33986928104575,7,ok
nanoha1535,50,306,16.33986928104575,7,ok
seednettw510,50,306,16.33986928104575,7,ok
takam_real,50,306,16.33986928104575,7,ok
TKSO,50,306,16.33986928104575,7,ok
116912515,50,306,16.33986928104575,6,ok
1you2w,50,306,16.33986928104575,6,ok
9jononegi,50,306,16.33986928104575,6,ok
Hal_Shigure,50,306,16.33986928104575,6,ok
minechan114,50,306,16.33986928104575,6,ok
UiharuKazari,50,306,16.33986928104575,6,ok
Younasi_T2626,50,306,16.33986928104575,6,ok
yygaw1208,50,306,16.33986928104575,6,ok
amane_west,50,306,16.33986928104575,5,ok
E331_901,50,306,16.33986928104575,5,ok
mountainvew4724,50,306,16.33986928104575,5,ok
YoumiyaHina258,50,306,16.33986928104575,5,ok
abyss_beast,50,306,16.33986928104575,4,ok
ERG_fencer,50,306,16.33986928104575,4,ok
orange6930,50,306,16.33986928104575,4,ok
shidoku1999,50,306,16.33986928104575,3,ok
vulpes825,50,306,16.33986928104575,3,ok
CQZrk,50,306,16.33986928104575,2,ok
kirivaiqwatro,50,306,16.33986928104575,2,ok
kosuke_lionsfan,50,306,16.33986928104575,2,ok
nirui020205,50,306,16.33986928104575,2,ok
rogisticbexx,50,306,16.33986928104575,2,ok
tanoshiman01,49,306,16.013071895424837,24,ok
3kgenes,49,306,16.013071895424837,22,ok
gofu52,49,306,16.013071895424837,22,ok
Yuu_minatoGIFT,49,306,16.013071895424837,22,ok
southrop,49,306,16.013071895424837,21,ok
thetopofudon,49,306,16.013071895424837,21,ok
kobe_sz,49,306,16.013071895424837,20,ok
gumio_yamada,49,306,16.013071895424837,19,ok
hokh770,49,306,16.013071895424837,19,ok
kain37697152,49,306,16.013071895424837,19,ok
O_O_Miya,49,306,16.013071895424837,19,ok
yousion_kerox,49,306,16.013071895424837,18,ok
Feminy_1126,49,306,16.013071895424837,17,ok
tanboy0103,49,306,16.013071895424837,17,ok
bun12_baseball,49,306,16.013071895424837,16,ok
monta,49,306,16.013071895424837,15,ok
sawa_51,49,306,16.013071895424837,15,ok
yakodomoe,49,306,16.013071895424837,15,ok
6812000,49,306,16.013071895424837,14,ok
kisara003,49,306,16.013071895424837,14,ok
nznzshop,49,306,16.013071895424837,14,ok
phenriru_nm7,49,306,16.013071895424837,14,ok
taguchi_pymjy,49,306,16.013071895424837,13,ok
hoshiimo77_1,49,306,16.013071895424837,12,ok
jun_0119,49,306,16.013071895424837,12,ok
legedHINA,49,306,16.013071895424837,12,ok
onnel,49,306,16.013071895424837,12,ok
piyo0_174,49,306,16.013071895424837,12,ok
Sato_BeginninG,49,306,16.013071895424837,12,ok
totsu_0311,49,306,16.013071895424837,12,ok
zunguripink,49,306,16.013071895424837,12,ok
adachi,49,306,16.013071895424837,11,ok
kleist294,49,306,16.013071895424837,11,ok
Nagi__0106,49,306,16.013071895424837,11,ok
painburst0931,49,306,16.013071895424837,11,ok
rozen_auru,49,306,16.013071895424837,11,ok
umamusume713,49,306,16.013071895424837,11,ok
2jettto,49,306,16.013071895424837,10,ok
ben532161,49,306,16.013071895424837,10,ok
gakumasu,49,306,16.013071895424837,10,ok
go_home_club_,49,306,16.013071895424837,10,ok
nm7_321,49,306,16.013071895424837,10,ok
asclove51,49,306,16.013071895424837,9,ok
pana0117ll,49,306,16.013071895424837,9,ok
tsun_chan9312,49,306,16.013071895424837,9,ok
hm773_nogizaka,49,306,16.013071895424837,8,ok
inorisfavo,49,306,16.013071895424837,8,ok
kya_,49,306,16.013071895424837,8,ok
mikato_toki,49,306,16.013071895424837,8,ok
sakupd723,49,306,16.013071895424837,8,ok
Zagi,49,306,16.013071895424837,8,ok
BanDreRuka,49,306,16.013071895424837,7,ok
capa_umaru,49,306,16.013071895424837,7,ok
kakushidama,49,306,16.013071895424837,7,ok
KAZUHA,49,306,16.013071895424837,7,ok
maitakemistake,49,306,16.013071895424837,7,ok
MxScofield,49,306,16.013071895424837,7,ok
ship_0210,49,306,16.013071895424837,7,ok
Zeff_26,49,306,16.013071895424837,7,ok
crossboneX01,49,306,16.013071895424837,6,ok
Giragira,49,306,16.013071895424837,6,ok
ichigaya361,49,306,16.013071895424837,6,ok
inori12O2,49,306,16.013071895424837,6,ok
miria_aki1028,49,306,16.013071895424837,6,ok
Rie_Ayasa,49,306,16.013071895424837,6,ok
ssysm,49,306,16.013071895424837,6,ok
yin108_,49,306,16.013071895424837,6,ok
yodaMM,49,306,16.013071895424837,6,ok
yuzu,49,306,16.013071895424837,6,ok
arietta_Gs,49,306,16.013071895424837,5,ok
dancing.flower.in.the.city,49,306,16.013071895424837,5,ok
doshitann,49,306,16.013071895424837,5,ok
eric7918_1,49,306,16.013071895424837,5,ok
mistolteen,49,306,16.013071895424837,5,ok
PAHADRIANUS,49,306,16.013071895424837,5,ok
spice_ma2_arias,49,306,16.013071895424837,5,ok
swiftie0922,49,306,16.013071895424837,5,ok
fei_kirara,49,306,16.013071895424837,4,ok
okajima111sA,49,306,16.013071895424837,4,ok
_silver0225_,49,306,16.013071895424837,3,ok
null_keeper,49,306,16.013071895424837,3,ok
Shiwan,49,306,16.013071895424837,3,ok
Colow_,48,306,15.686274509803921,20,ok
secondflight7,48,306,15.686274509803921,20,ok
k4t4t4t4kiken,48,306,15.686274509803921,19,ok
ko_saka,48,306,15.686274509803921,19,ok
mskw2150,48,306,15.686274509803921,19,ok
snow_di,48,306,15.686274509803921,19,ok
taiga346rin,48,306,15.686274509803921,19,ok
denjineko,48,306,15.686274509803921,18,ok
housuke_1,48,306,15.686274509803921,18,ok
kazu3530,48,306,15.686274509803921,18,ok
planetsphere375,48,306,15.686274509803921,18,ok
yo0811tk,48,306,15.686274509803921,18,ok
jay060191,48,306,15.686274509803921,17,ok
yurinri_93_umi,48,306,15.686274509803921,17,ok
hyokota,48,306,15.686274509803921,16,ok
nattu_taso,48,306,15.686274509803921,16,ok
nerv_nm7,48,306,15.686274509803921,16,ok
setakouify,48,306,15.686274509803921,16,ok
tomatoevoarx,48,306,15.686274509803921,16,ok
BALENCIAGA_97,48,306,15.686274509803921,15,ok
BurningFighting,48,306,15.686274509803921,15,ok
Loki_lvlv,48,306,15.686274509803921,15,ok
no__te,48,306,15.686274509803921,15,ok
Distance,48,306,15.686274509803921,14,ok
shifon_line2,48,306,15.686274509803921,14,ok
45o2_TO,48,306,15.686274509803921,13,ok
Blooming_R_Lily,48,306,15.686274509803921,13,ok
emns_oeN,48,306,15.686274509803921,13,ok
Hikari,48,306,15.686274509803921,13,ok
siwnin_cape,48,306,15.686274509803921,13,ok
yuumi375,48,306,15.686274509803921,13,ok
dorube_kotori,48,306,15.686274509803921,12,ok
euphorickey,48,306,15.686274509803921,12,ok
hcwahoP,48,306,15.686274509803921,12,ok
snake400,48,306,15.686274509803921,12,ok
agotti_ri,48,306,15.686274509803921,11,ok
puffjelly95,48,306,15.686274509803921,11,ok
2sorton,48,306,15.686274509803921,10,ok
e49824,48,306,15.686274509803921,10,ok
kanzakina,48,306,15.686274509803921,10,ok
merry_oglg,48,306,15.686274509803921,10,ok
mp4_12cr_z,48,306,15.686274509803921,10,ok
yuusya_cirno,48,306,15.686274509803921,10,ok
bns_514,48,306,15.686274509803921,9,ok
dancing_tama,48,306,15.686274509803921,9,ok
Kiyoteru,48,306,15.686274509803921,9,ok
pipipiropoooon,48,306,15.686274509803921,9,ok
sety_54,48,306,15.686274509803921,9,ok
Shiny_Rainbow07,48,306,15.686274509803921,9,ok
twink_Atrick,48,306,15.686274509803921,9,ok
fafsoea_faf,48,306,15.686274509803921,8,ok
Jimmico,48,306,15.686274509803921,7,ok
lalpha,48,306,15.686274509803921,7,ok
pollposse,48,306,15.686274509803921,7,ok
kaito0119,48,306,15.686274509803921,6,ok
xuanwang049,48,306,15.686274509803921,6,ok
1064208620,48,306,15.686274509803921,5,ok
Empty_F1fth,48,306,15.686274509803921,5,ok
mstsg024,48,306,15.686274509803921,5,ok
ryoppy_p,48,306,15.686274509803921,5,ok
Annie_Kuma,48,306,15.686274509803921,4,ok
morming,48,306,15.686274509803921,4,ok
Otakuma,48,306,15.686274509803921,4,ok
shawnhuangyh,48,306,15.686274509803921,4,ok
yeako,48,306,15.686274509803921,4,ok
abczyx112358,48,306,15.686274509803921,3,ok
charles_1223,48,306,15.686274509803921,3,ok
HRTD,48,306,15.686274509803921,3,ok
linyishan20021206,48,306,15.686274509803921,3,ok
nhpss10129,48,306,15.686274509803921,3,ok
REDMONSTER99,48,306,15.686274509803921,3,ok
uresip_gunma,48,306,15.686274509803921,3,ok
wingsfactry,48,306,15.686274509803921,3,ok
yanxisleeping,48,306,15.686274509803921,3,ok
yukiyang,48,306,15.686274509803921,2,ok
NaTsuNo17,47,306,15.359477124183007,23,ok
Heio,47,306,15.359477124183007,19,ok
kaminaCrusaders,47,306,15.359477124183007,18,ok
Maigo_Ryu1,47,306,15.359477124183007,18,ok
N_A_taka,47,306,15.359477124183007,18,ok
NadaTomokazu,47,306,15.359477124183007,18,ok
Tvan123,47,306,15.359477124183007,18,ok
zyx,47,306,15.359477124183007,18,ok
master_shinobu,47,306,15.359477124183007,17,ok
dandanarea,47,306,15.359477124183007,16,ok
nanodayo_7,47,306,15.359477124183007,16,ok
pornoakihito1,47,306,15.359477124183007,16,ok
rm8_555,47,306,15.359477124183007,16,ok
Sato_gfs,47,306,15.359477124183007,16,ok
890kumo,47,306,15.359477124183007,15,ok
nevew28,47,306,15.359477124183007,15,ok
saiya_sphere,47,306,15.359477124183007,15,ok
sumesuthin,47,306,15.359477124183007,15,ok
UVER_JAM_yumeo,47,306,15.359477124183007,15,ok
xaki0929,47,306,15.359477124183007,15,ok
dreaming828,47,306,15.359477124183007,14,ok
natume_yashi,47,306,15.359477124183007,14,ok
shogo_taso,47,306,15.359477124183007,14,ok
emperor,47,306,15.359477124183007,13,ok
Mntl3rNn,47,306,15.359477124183007,13,ok
myh15231,47,306,15.359477124183007,13,ok
swt0149,47,306,15.359477124183007,13,ok
wwww8367052,47,306,15.359477124183007,13,ok
89PIXELS,47,306,15.359477124183007,12,ok
blueeeee_e,47,306,15.359477124183007,12,ok
kiy_tenkasu,47,306,15.359477124183007,12,ok
Origo_P,47,306,15.359477124183007,12,ok
raicho,47,306,15.359477124183007,12,ok
e_ma27,47,306,15.359477124183007,11,ok
gachi_51,47,306,15.359477124183007,11,ok
mineral,47,306,15.359477124183007,11,ok
osmin_taso,47,306,15.359477124183007,11,ok
sam960470,47,306,15.359477124183007,11,ok
sleepy_ryota,47,306,15.359477124183007,11,ok
tomatoer,47,306,15.359477124183007,11,ok
jiro_jiro5,47,306,15.359477124183007,10,ok
KuroSolala,47,306,15.359477124183007,10,ok
l_Chu_Chu_l,47,306,15.359477124183007,10,ok
marvel_1018,47,306,15.359477124183007,10,ok
Cheliax,47,306,15.359477124183007,9,ok
Eiko_Yazawa,47,306,15.359477124183007,9,ok
gasuta,47,306,15.359477124183007,9,ok
Kalio_n,47,306,15.359477124183007,9,ok
kaorutooni,47,306,15.359477124183007,9,ok
TDNEternal,47,306,15.359477124183007,9,ok
zhou39,47,306,15.359477124183007,9,ok
ford446,47,306,15.359477124183007,8,ok
jacetms9,47,306,15.359477124183007,8,ok
kokuto_27,47,306,15.359477124183007,8,ok
nnaacc5_uec,47,306,15.359477124183007,8,ok
rinshun219,47,306,15.359477124183007,8,ok
shika814,47,306,15.359477124183007,8,ok
arkinsan_Elys,47,306,15.359477124183007,7,ok
shin74,47,306,15.359477124183007,7,ok
Stardream,47,306,15.359477124183007,7,ok
mimomimomimimi,47,306,15.359477124183007,6,ok
nagi_yukke,47,306,15.359477124183007,6,ok
ne58_BGD,47,306,15.359477124183007,6,ok
nkmsn_nm7,47,306,15.359477124183007,6,ok
r_magnetaso,47,306,15.359477124183007,6,ok
123kianakaslana,47,306,15.359477124183007,5,ok
kurozaki_kuro,47,306,15.359477124183007,5,ok
lhdbyq65255,47,306,15.359477124183007,5,ok
pakkin,47,306,15.359477124183007,5,ok
poke_0505,47,306,15.359477124183007,5,ok
7daystodie,47,306,15.359477124183007,4,ok
anjingyi11,47,306,15.359477124183007,4,ok
ayu_11039,47,306,15.359477124183007,4,ok
DragonsEagles,47,306,15.359477124183007,4,ok
Koneko_Tojo,47,306,15.359477124183007,4,ok
popipaismylife,47,306,15.359477124183007,4,ok
q_wx8l,47,306,15.359477124183007,4,ok
rosette,47,306,15.359477124183007,4,ok
Yuu___219420,47,306,15.359477124183007,4,ok
aksn_rewrite,47,306,15.359477124183007,3,ok
h3201492764,47,306,15.359477124183007,3,ok
pastaPareo,47,306,15.359477124183007,3,ok
plusyawa774,47,306,15.359477124183007,3,ok
Suyenuo,47,306,15.359477124183007,3,ok
hiyashiame4769,47,306,15.359477124183007,2,ok
lovelife967584,47,306,15.359477124183007,2,ok
sabakinoclone,47,306,15.359477124183007,2,ok
kame10013019_a,46,306,15.032679738562091,22,ok
JASNAC48,46,306,15.032679738562091,20,ok
yuyutaka,46,306,15.032679738562091,18,ok
andy714010,46,306,15.032679738562091,17,ok
htrkman_jami,46,306,15.032679738562091,17,ok
kmkajtsumkt1192,46,306,15.032679738562091,17,ok
mumumu215,46,306,15.032679738562091,17,ok
sasa_mocchi,46,306,15.032679738562091,17,ok
akitysk,46,306,15.032679738562091,16,ok
im371000,46,306,15.032679738562091,16,ok
mochi_shun0504,46,306,15.032679738562091,16,ok
NT_lesson2,46,306,15.032679738562091,16,ok
taka_T_G_1227,46,306,15.032679738562091,16,ok
tmt_lcld,46,306,15.032679738562091,16,ok
charge_poke,46,306,15.032679738562091,15,ok
mixttnul,46,306,15.032679738562091,15,ok
nbspd,46,306,15.032679738562091,15,ok
ryochin_kt013,46,306,15.032679738562091,15,ok
yuukoamamiya1,46,306,15.032679738562091,15,ok
kcmanakainori12,46,306,15.032679738562091,14,ok
Sloganyui,46,306,15.032679738562091,14,ok
amanotoko77,46,306,15.032679738562091,13,ok
bonkler,46,306,15.032679738562091,13,ok
chr_kage,46,306,15.032679738562091,13,ok
kage_9912,46,306,15.032679738562091,13,ok
kouka_minazuru,46,306,15.032679738562091,13,ok
not_ma3ko,46,306,15.032679738562091,13,ok
take_k9,46,306,15.032679738562091,13,ok
co_cu,46,306,15.032679738562091,12,ok
dam_pzdr,46,306,15.032679738562091,12,ok
GALAXYHidE_brkn,46,306,15.032679738562091,12,ok
GALAXYHidE_brks,46,306,15.032679738562091,12,ok
ikaosui,46,306,15.032679738562091,12,ok
kokubo1003,46,306,15.032679738562091,12,ok
lyricalhiderin,46,306,15.032679738562091,12,ok
noname_,46,306,15.032679738562091,12,ok
bibi_mu,46,306,15.032679738562091,11,ok
Jk_lau_1996,46,306,15.032679738562091,11,ok
jyoutai,46,306,15.032679738562091,11,ok
rinrinrinnko__,46,306,15.032679738562091,11,ok
yoshimaru_uuuuu,46,306,15.032679738562091,11,ok
fujigami1996,46,306,15.032679738562091,10,ok
keiGO78925919,46,306,15.032679738562091,10,ok
ohkeisan,46,306,15.032679738562091,10,ok
Ruitonnnnnnn,46,306,15.032679738562091,10,ok
tamaki,46,306,15.032679738562091,10,ok
watakko_mofmof,46,306,15.032679738562091,10,ok
Haibara_iA,46,306,15.032679738562091,9,ok
KTY__online,46,306,15.032679738562091,9,ok
OHMIizuhakone,46,306,15.032679738562091,9,ok
rin_o_n,46,306,15.032679738562091,9,ok
shia,46,306,15.032679738562091,9,ok
ynyyn,46,306,15.032679738562091,9,ok
diIitaso,46,306,15.032679738562091,8,ok
gaimu,46,306,15.032679738562091,8,ok
ianzhou283,46,306,15.032679738562091,8,ok
zaitaku,46,306,15.032679738562091,8,ok
juunnee_,46,306,15.032679738562091,7,ok
Kil8Kanae,46,306,15.032679738562091,7,ok
kokibububu,46,306,15.032679738562091,7,ok
MSS2924,46,306,15.032679738562091,7,ok
s_ease,46,306,15.032679738562091,7,ok
velvetameba,46,306,15.032679738562091,7,ok
onahama_mochi,46,306,15.032679738562091,6,ok
rikakon,46,306,15.032679738562091,6,ok
Scotch_ml,46,306,15.032679738562091,6,ok
Tag_Hamilton,46,306,15.032679738562091,6,ok
Derururu1991,46,306,15.032679738562091,5,ok
KolkhozFarm,46,306,15.032679738562091,5,ok
LiLuck_0_Sense,46,306,15.032679738562091,5,ok
N_5565G66,46,306,15.032679738562091,5,ok
Noritama_22,46,306,15.032679738562091,5,ok
yips,46,306,15.032679738562091,5,ok
nikowan1223,46,306,15.032679738562091,4,ok
r820227,46,306,15.032679738562091,4,ok
shibainu1015,46,306,15.032679738562091,4,ok
tommypu948,46,306,15.032679738562091,4,ok
lucky_momo0802,46,306,15.032679738562091,3,ok
trump_d,46,306,15.032679738562091,3,ok
marumarumaruse,45,306,14.705882352941178,28,ok
chan_the_zen,45,306,14.705882352941178,24,ok
La1_sound,45,306,14.705882352941178,22,ok
master_aK0413,45,306,14.705882352941178,21,ok
yuki_lolicon,45,306,14.705882352941178,21,ok
bictorymoss,45,306,14.705882352941178,20,ok
kazusa12,45,306,14.705882352941178,19,ok
Vanilla_Inazuma,45,306,14.705882352941178,19,ok
Jiiko,45,306,14.705882352941178,18,ok
inzyax,45,306,14.705882352941178,17,ok
novalis_3296,45,306,14.705882352941178,17,ok
suzukin_02,45,306,14.705882352941178,17,ok
zyuurouza,45,306,14.705882352941178,17,ok
aria1215,45,306,14.705882352941178,16,ok
ds_taiyo,45,306,14.705882352941178,16,ok
Labyrinth_bst,45,306,14.705882352941178,16,ok
naoetayu,45,306,14.705882352941178,16,ok
na_ri__hono,45,306,14.705882352941178,15,ok
1036538092,45,306,14.705882352941178,14,ok
freedomP_PCS,45,306,14.705882352941178,14,ok
itohtak,45,306,14.705882352941178,14,ok
livestarlove,45,306,14.705882352941178,14,ok
miraclemiffy,45,306,14.705882352941178,14,ok
moe_buta,45,306,14.705882352941178,14,ok
wing_rin87,45,306,14.705882352941178,14,ok
yoshinori_imas,45,306,14.705882352941178,14,ok
ikkenn,45,306,14.705882352941178,13,ok
lasttrain29,45,306,14.705882352941178,13,ok
anthem_DASH,45,306,14.705882352941178,12,ok
Kanako_mksk,45,306,14.705882352941178,12,ok
wakamelious,45,306,14.705882352941178,12,ok
sndikaraokosuna,45,306,14.705882352941178,11,ok
Spiral_Smiling,45,306,14.705882352941178,11,ok
yoshibu,45,306,14.705882352941178,11,ok
5urf_R173r,45,306,14.705882352941178,10,ok
kazz615,45,306,14.705882352941178,10,ok
kerokerok0910,45,306,14.705882352941178,10,ok
sami_Aki0806,45,306,14.705882352941178,10,ok
sugardevil44,45,306,14.705882352941178,10,ok
syaro_zero,45,306,14.705882352941178,10,ok
tkusano,45,306,14.705882352941178,10,ok
blackcathand,45,306,14.705882352941178,9,ok
Blendy_67,45,306,14.705882352941178,9,ok
burakkupeppa,45,306,14.705882352941178,9,ok
goozra4,45,306,14.705882352941178,9,ok
takusann_umi,45,306,14.705882352941178,9,ok
asuka15,45,306,14.705882352941178,8,ok
chesszz,45,306,14.705882352941178,8,ok
hokke_6B6,45,306,14.705882352941178,8,ok
kuma_chal,45,306,14.705882352941178,8,ok
p_y_o_nnn,45,306,14.705882352941178,8,ok
ryus_ts,45,306,14.705882352941178,8,ok
_lily_nana,45,306,14.705882352941178,7,ok
biofermen,45,306,14.705882352941178,7,ok
cotton100,45,306,14.705882352941178,7,ok
Kungfu,45,306,14.705882352941178,7,ok
minamikoora912,45,306,14.705882352941178,7,ok
tempest22,45,306,14.705882352941178,7,ok
underkitami55,45,306,14.705882352941178,7,ok
BLANK,45,306,14.705882352941178,6,ok
Horthy,45,306,14.705882352941178,6,ok
kankyouhakai,45,306,14.705882352941178,6,ok
Kuromaru_0510,45,306,14.705882352941178,6,ok
millianLive,45,306,14.705882352941178,6,ok
r1100r98,45,306,14.705882352941178,6,ok
raica_n,45,306,14.705882352941178,6,ok
rer168,45,306,14.705882352941178,6,ok
ulsandx,45,306,14.705882352941178,6,ok
yoshidakira2380,45,306,14.705882352941178,6,ok
chrome_gemini,45,306,14.705882352941178,5,ok
cxloh,45,306,14.705882352941178,5,ok
CyberiumShadow,45,306,14.705882352941178,5,ok
imas2137,45,306,14.705882352941178,5,ok
iniminimanimo,45,306,14.705882352941178,5,ok
nabe17,45,306,14.705882352941178,5,ok
roido,45,306,14.705882352941178,5,ok
sakurangge,45,306,14.705882352941178,5,ok
tosomexx,45,306,14.705882352941178,5,ok
chengrainlife,45,306,14.705882352941178,4,ok
f22sentouki,45,306,14.705882352941178,4,ok
iamahx,45,306,14.705882352941178,4,ok
jny_738ngx,45,306,14.705882352941178,4,ok
kyorin52796,45,306,14.705882352941178,4,ok
rickyryon8839,45,306,14.705882352941178,4,ok
sU603PWiSI78112,45,306,14.705882352941178,4,ok
Valvrave3613865,45,306,14.705882352941178,4,ok
akaimurabito,45,306,14.705882352941178,3,ok
choro9,45,306,14.705882352941178,3,ok
GRIkorgen,45,306,14.705882352941178,3,ok
nakanaiyone,45,306,14.705882352941178,3,ok
the_north_face,45,306,14.705882352941178,3,ok
akimaru789,45,306,14.705882352941178,2,ok
C1ayt0nk,45,306,14.705882352941178,2,ok
codeyjin,45,306,14.705882352941178,2,ok
edison901108,45,306,14.705882352941178,2,ok
gooeoo432,45,306,14.705882352941178,2,ok
gyogyokaku,45,306,14.705882352941178,2,ok
Horry,45,306,14.705882352941178,2,ok
horry0826,45,306,14.705882352941178,2,ok
jeffreyz8102,45,306,14.705882352941178,2,ok
konohanaluciamywife,45,306,14.705882352941178,2,ok
koumin1022,45,306,14.705882352941178,2,ok
kururuappie9184,45,306,14.705882352941178,2,ok
linakhongtai,45,306,14.705882352941178,2,ok
Ninetwojun,45,306,14.705882352941178,2,ok
north0930jp,45,306,14.705882352941178,2,ok
ron_215,45,306,14.705882352941178,2,ok
satical43,45,306,14.705882352941178,2,ok
seantsai0505,45,306,14.705882352941178,2,ok
tommy87,45,306,14.705882352941178,2,ok
weitung1234,45,306,14.705882352941178,2,ok
ku_ra_ds,44,306,14.37908496732026,21,ok
TempestOlivia,44,306,14.37908496732026,20,ok
n88_badguy,44,306,14.37908496732026,19,ok
femt4wd,44,306,14.37908496732026,18,ok
luncheon7,44,306,14.37908496732026,18,ok
Meisterschale,44,306,14.37908496732026,18,ok
melody_box,44,306,14.37908496732026,18,ok
__MASAKI__,44,306,14.37908496732026,17,ok
madokaP,44,306,14.37908496732026,17,ok
mikoreki710,44,306,14.37908496732026,17,ok
oSeriisNo1,44,306,14.37908496732026,17,ok
pierrot0901,44,306,14.37908496732026,17,ok
reoreo600,44,306,14.37908496732026,17,ok
shira_ry,44,306,14.37908496732026,17,ok
410b,44,306,14.37908496732026,16,ok
fate7asutro,44,306,14.37908496732026,16,ok
kentamorie0429g,44,306,14.37908496732026,16,ok
KURAUDO6e,44,306,14.37908496732026,16,ok
shunmessage,44,306,14.37908496732026,16,ok
yellow__card,44,306,14.37908496732026,16,ok
jeanch1014,44,306,14.37908496732026,15,ok
kentaskygelion,44,306,14.37908496732026,15,ok
uminami0827,44,306,14.37908496732026,15,ok
anim_asukaya,44,306,14.37908496732026,14,ok
hiromimi_914,44,306,14.37908496732026,14,ok
master_mn,44,306,14.37908496732026,14,ok
ta_ke_0417,44,306,14.37908496732026,14,ok
aimi_gbp,44,306,14.37908496732026,13,ok
harukanashi,44,306,14.37908496732026,13,ok
Mae,44,306,14.37908496732026,13,ok
Mattsun_ri121,44,306,14.37908496732026,13,ok
s_kpin,44,306,14.37908496732026,13,ok
Shooting_Voicer,44,306,14.37908496732026,13,ok
snkyxx_,44,306,14.37908496732026,13,ok
tomo_doublemoon,44,306,14.37908496732026,13,ok
EIements_Garden,44,306,14.37908496732026,12,ok
kura_thankyou_1,44,306,14.37908496732026,12,ok
m_banno,44,306,14.37908496732026,12,ok
marutaso_kotori,44,306,14.37908496732026,12,ok
sakaji_g,44,306,14.37908496732026,12,ok
stripesheep,44,306,14.37908496732026,12,ok
Tokiwa_TmrMk,44,306,14.37908496732026,12,ok
ZOM_B_ZSD,44,306,14.37908496732026,12,ok
heartrittop,44,306,14.37908496732026,11,ok
KeroReds,44,306,14.37908496732026,11,ok
motsutan,44,306,14.37908496732026,11,ok
riku12061224,44,306,14.37908496732026,11,ok
324Mitsuyo,44,306,14.37908496732026,9,ok
BlueTre021,44,306,14.37908496732026,9,ok
gashii1242_1,44,306,14.37908496732026,9,ok
Hitoshi382,44,306,14.37908496732026,9,ok
hos_tw,44,306,14.37908496732026,9,ok
kayo0117,44,306,14.37908496732026,9,ok
matsufujiwara9,44,306,14.37908496732026,9,ok
nenene1492,44,306,14.37908496732026,9,ok
s_cocoa_m,44,306,14.37908496732026,9,ok
takanasike123,44,306,14.37908496732026,9,ok
z_to,44,306,14.37908496732026,9,ok
6262onlyK,44,306,14.37908496732026,8,ok
miyaaahh,44,306,14.37908496732026,8,ok
neko_neko7,44,306,14.37908496732026,8,ok
Cupcake5611,44,306,14.37908496732026,7,ok
Einstock,44,306,14.37908496732026,7,ok
freecatacg,44,306,14.37908496732026,7,ok
Hyperisent,44,306,14.37908496732026,7,ok
MikiP_06,44,306,14.37908496732026,7,ok
minatort,44,306,14.37908496732026,7,ok
mizukimidie,44,306,14.37908496732026,7,ok
toyamahymn,44,306,14.37908496732026,7,ok
8849216,44,306,14.37908496732026,6,ok
Ashinn_47,44,306,14.37908496732026,5,ok
bck05133,44,306,14.37908496732026,5,ok
gonbey_sho3,44,306,14.37908496732026,5,ok
kingdom08060150,44,306,14.37908496732026,5,ok
Lucallua,44,306,14.37908496732026,5,ok
nemu_no_mune,44,306,14.37908496732026,5,ok
Nyarukopter,44,306,14.37908496732026,5,ok
sken1020,44,306,14.37908496732026,5,ok
sonicybc,44,306,14.37908496732026,5,ok
Zenq0,44,306,14.37908496732026,5,ok
724lilja,44,306,14.37908496732026,4,ok
Br00m_FsDe,44,306,14.37908496732026,4,ok
Choinn,44,306,14.37908496732026,4,ok
exespexespe,44,306,14.37908496732026,4,ok
keykanade,44,306,14.37908496732026,4,ok
makibzyakiu,44,306,14.37908496732026,4,ok
muni_2nd,44,306,14.37908496732026,4,ok
NO_LDK,44,306,14.37908496732026,4,ok
nomadworker3874,44,306,14.37908496732026,4,ok
QmNqQ6badoEmpGr,44,306,14.37908496732026,4,ok
ra11ra55,44,306,14.37908496732026,4,ok
saku_Rapit,44,306,14.37908496732026,4,ok
shurarai,44,306,14.37908496732026,4,ok
ueshimar2,44,306,14.37908496732026,4,ok
AKaLeNe_Raid,44,306,14.37908496732026,3,ok
disaster64758,44,306,14.37908496732026,3,ok
dobaaasha,44,306,14.37908496732026,3,ok
Fond,44,306,14.37908496732026,3,ok
Killer_Lisence,44,306,14.37908496732026,3,ok
Mayu4923,44,306,14.37908496732026,3,ok
nijiirokuwagata,44,306,14.37908496732026,3,ok
pappy_2010,44,306,14.37908496732026,3,ok
sodaflyingfish,44,306,14.37908496732026,3,ok
binlinxchengxia,44,306,14.37908496732026,2,ok
kiramarcochan,43,306,14.052287581699346,20,ok
5_shon,43,306,14.052287581699346,19,ok
hanasakiroid,43,306,14.052287581699346,18,ok
kouzyuu,43,306,14.052287581699346,18,ok
pastel_gloria_k,43,306,14.052287581699346,17,ok
kappahack1,43,306,14.052287581699346,16,ok
Roy_Mackey,43,306,14.052287581699346,16,ok
zawammr,43,306,14.052287581699346,16,ok
taso_inori,43,306,14.052287581699346,15,ok
tkk1222_01,43,306,14.052287581699346,15,ok
tyubo_mihama,43,306,14.052287581699346,15,ok
bigomochi,43,306,14.052287581699346,14,ok
cyzma,43,306,14.052287581699346,14,ok
jen_GN25,43,306,14.052287581699346,14,ok
sagara_nozomi,43,306,14.052287581699346,14,ok
yumoka,43,306,14.052287581699346,14,ok
KMiKA_LERA_731,43,306,14.052287581699346,13,ok
mayoi_mzm,43,306,14.052287581699346,13,ok
Negan,43,306,14.052287581699346,13,ok
Sgw_Mn_,43,306,14.052287581699346,13,ok
arrows_timber,43,306,14.052287581699346,12,ok
kumajiiii,43,306,14.052287581699346,12,ok
R333rinnacl,43,306,14.052287581699346,12,ok
sd_zero_x,43,306,14.052287581699346,12,ok
takuan___k,43,306,14.052287581699346,12,ok
TaT_0906,43,306,14.052287581699346,12,ok
yutyo_LiSA,43,306,14.052287581699346,12,ok
cyamassr,43,306,14.052287581699346,11,ok
kansenchan,43,306,14.052287581699346,11,ok
chanmo3,43,306,14.052287581699346,10,ok
h91080860,43,306,14.052287581699346,10,ok
ino_yu1019,43,306,14.052287581699346,10,ok
kagejolno,43,306,14.052287581699346,10,ok
kotonico117,43,306,14.052287581699346,10,ok
mddd999,43,306,14.052287581699346,10,ok
tas_ninja,43,306,14.052287581699346,10,ok
tisk_htt,43,306,14.052287581699346,10,ok
ushiparuDB,43,306,14.052287581699346,10,ok
vincent2751,43,306,14.052287581699346,10,ok
lay_297,43,306,14.052287581699346,9,ok
live_minato,43,306,14.052287581699346,9,ok
Rikuzaru_7,43,306,14.052287581699346,9,ok
Sanda_tai_gaila,43,306,14.052287581699346,9,ok
yTMu6,43,306,14.052287581699346,9,ok
minamiga80,43,306,14.052287581699346,8,ok
sakkaku_shiteru,43,306,14.052287581699346,8,ok
tanabou,43,306,14.052287581699346,8,ok
deltaforce_ch,43,306,14.052287581699346,7,ok
gyaomakaka,43,306,14.052287581699346,7,ok
harunan,43,306,14.052287581699346,7,ok
JKSSXXXS,43,306,14.052287581699346,7,ok
POTAKU114514_JP,43,306,14.052287581699346,7,ok
seiyu_kai,43,306,14.052287581699346,7,ok
siiteiebayohane,43,306,14.052287581699346,7,ok
TSUNE_aa,43,306,14.052287581699346,7,ok
_____waon,43,306,14.052287581699346,6,ok
Cany_Urasui,43,306,14.052287581699346,6,ok
jacky52301,43,306,14.052287581699346,6,ok
jkoa,43,306,14.052287581699346,6,ok
keroro300,43,306,14.052287581699346,6,ok
mintia_sk,43,306,14.052287581699346,6,ok
musicworld503,43,306,14.052287581699346,6,ok
muskot,43,306,14.052287581699346,6,ok
SYAOFEI,43,306,14.052287581699346,6,ok
Taiyousu,43,306,14.052287581699346,6,ok
_11012014_,43,306,14.052287581699346,5,ok
howard8888h,43,306,14.052287581699346,5,ok
kakao_slime,43,306,14.052287581699346,5,ok
Kei_Seki,43,306,14.052287581699346,5,ok
pikap0128,43,306,14.052287581699346,5,ok
yuiyui__angel,43,306,14.052287581699346,5,ok
yukigayasama,43,306,14.052287581699346,5,ok
coffindoll1094,43,306,14.052287581699346,4,ok
hayaharuki,43,306,14.052287581699346,4,ok
kurix000,43,306,14.052287581699346,4,ok
sora_nyan,43,306,14.052287581699346,4,ok
suzutomo_ar,43,306,14.052287581699346,4,ok
timmycheng,43,306,14.052287581699346,4,ok
__BBQCHICKENS,43,306,14.052287581699346,3,ok
crso4973,43,306,14.052287581699346,3,ok
unbearablefate,43,306,14.052287581699346,3,ok
eieioh_h,43,306,14.052287581699346,2,ok
kkmk2036,43,306,14.052287581699346,2,ok
OkitaSouji,43,306,14.052287581699346,2,ok
rafi_810,43,306,14.052287581699346,2,ok
SERENDIPlTY__,42,306,13.725490196078432,20,ok
Muraken_P,42,306,13.725490196078432,18,ok
Kazmi_kisara,42,306,13.725490196078432,17,ok
Ry0626,42,306,13.725490196078432,17,ok
takuya02981,42,306,13.725490196078432,17,ok
keke_sphere,42,306,13.725490196078432,16,ok
mfjolshika,42,306,13.725490196078432,16,ok
CourageGalil19,42,306,13.725490196078432,15,ok
daka,42,306,13.725490196078432,15,ok
engawa,42,306,13.725490196078432,15,ok
kotoeli0920,42,306,13.725490196078432,15,ok
mksm11281106,42,306,13.725490196078432,15,ok
mugiBD_No_520,42,306,13.725490196078432,15,ok
murutaya,42,306,13.725490196078432,15,ok
ru8plus,42,306,13.725490196078432,15,ok
sunesune1020,42,306,13.725490196078432,15,ok
gratitude_0227,42,306,13.725490196078432,14,ok
sion,42,306,13.725490196078432,14,ok
yu__no,42,306,13.725490196078432,14,ok
Harikio12,42,306,13.725490196078432,13,ok
mune,42,306,13.725490196078432,13,ok
r.iwamuro,42,306,13.725490196078432,13,ok
zgmf0x20a,42,306,13.725490196078432,13,ok
ayu_ko_mimo,42,306,13.725490196078432,12,ok
LyricalNoburin,42,306,13.725490196078432,12,ok
momo_Fiance,42,306,13.725490196078432,12,ok
xiao_fu,42,306,13.725490196078432,12,ok
kensuzu_0315sc,42,306,13.725490196078432,11,ok
keru,42,306,13.725490196078432,11,ok
moyasi_anige,42,306,13.725490196078432,10,ok
o__aka_ri,42,306,13.725490196078432,10,ok
ZeiTerencio,42,306,13.725490196078432,10,ok
azuriteblue417,42,306,13.725490196078432,9,ok
haegiwa0326,42,306,13.725490196078432,9,ok
harumaruuuu,42,306,13.725490196078432,9,ok
Jun_d8b,42,306,13.725490196078432,9,ok
nether_go,42,306,13.725490196078432,9,ok
runadeeeesu,42,306,13.725490196078432,9,ok
Styharu_suufia,42,306,13.725490196078432,9,ok
aeusyunia__,42,306,13.725490196078432,8,ok
b_ghbsq,42,306,13.725490196078432,8,ok
Dye_the_sky_,42,306,13.725490196078432,8,ok
event_note,42,306,13.725490196078432,8,ok
kawausomanju,42,306,13.725490196078432,8,ok
OOOOOarichi1122,42,306,13.725490196078432,8,ok
Pillawlzz,42,306,13.725490196078432,8,ok
taotaotao,42,306,13.725490196078432,8,ok
ycyc8484,42,306,13.725490196078432,8,ok
fqj1994,42,306,13.725490196078432,7,ok
gdragon552nd,42,306,13.725490196078432,7,ok
Lispict,42,306,13.725490196078432,7,ok
mikato1993,42,306,13.725490196078432,7,ok
mokuramu,42,306,13.725490196078432,7,ok
nonchi,42,306,13.725490196078432,7,ok
Try_Ciel_nm7,42,306,13.725490196078432,7,ok
bosheng.lee276,42,306,13.725490196078432,6,ok
fantasy_music5,42,306,13.725490196078432,6,ok
icchikimunari,42,306,13.725490196078432,6,ok
sherry_qma,42,306,13.725490196078432,6,ok
sin0825,42,306,13.725490196078432,6,ok
_susugo_,42,306,13.725490196078432,5,ok
alni,42,306,13.725490196078432,5,ok
higurashi_ooo,42,306,13.725490196078432,5,ok
inspyral,42,306,13.725490196078432,5,ok
kanna6321,42,306,13.725490196078432,5,ok
Lucky_Sister,42,306,13.725490196078432,5,ok
mangrove583,42,306,13.725490196078432,5,ok
milk00816212,42,306,13.725490196078432,5,ok
puripara_peiko,42,306,13.725490196078432,5,ok
SBGR,42,306,13.725490196078432,5,ok
suzuki1982,42,306,13.725490196078432,5,ok
youkihiofworld,42,306,13.725490196078432,5,ok
HanazonoSaaya,42,306,13.725490196078432,4,ok
Kyo2632,42,306,13.725490196078432,4,ok
NaClO,42,306,13.725490196078432,4,ok
Preaw7,42,306,13.725490196078432,4,ok
rptr10krpm,42,306,13.725490196078432,4,ok
star_TF,42,306,13.725490196078432,4,ok
tarospirit,42,306,13.725490196078432,4,ok
Berg_Wind,42,306,13.725490196078432,3,ok
moimoihg,42,306,13.725490196078432,3,ok
takayan_h,42,306,13.725490196078432,3,ok
Amitas_tiles,42,306,13.725490196078432,2,ok
trude501,41,306,13.398692810457517,19,ok
lisabasetrader,41,306,13.398692810457517,18,ok
nokutan09,41,306,13.398692810457517,17,ok
BECKY_117,41,306,13.398692810457517,16,ok
calmcherry29,41,306,13.398692810457517,16,ok
gecchon1987,41,306,13.398692810457517,16,ok
kingyo_ran,41,306,13.398692810457517,16,ok
mimori_maaya,41,306,13.398692810457517,16,ok
phoneX2,41,306,13.398692810457517,16,ok
suga_p,41,306,13.398692810457517,16,ok
SUNAO,41,306,13.398692810457517,16,ok
Toya_Toproad,41,306,13.398692810457517,16,ok
wacchino_oyoja,41,306,13.398692810457517,16,ok
72koreeee,41,306,13.398692810457517,15,ok
maromaro0209,41,306,13.398692810457517,15,ok
Na4Mkink3,41,306,13.398692810457517,15,ok
niwa1315,41,306,13.398692810457517,15,ok
solitude_sth,41,306,13.398692810457517,15,ok
PhoenixTQC,41,306,13.398692810457517,14,ok
hrkmk2,41,306,13.398692810457517,13,ok
ke1goP,41,306,13.398692810457517,13,ok
keizo_bookman,41,306,13.398692810457517,13,ok
ohashi_miria,41,306,13.398692810457517,13,ok
ozi_ozi_o,41,306,13.398692810457517,13,ok
temporary,41,306,13.398692810457517,13,ok
tyokon128,41,306,13.398692810457517,13,ok
viel_drn,41,306,13.398692810457517,13,ok
abey,41,306,13.398692810457517,12,ok
Cometeor,41,306,13.398692810457517,12,ok
dartji,41,306,13.398692810457517,12,ok
kinakomoti_sho,41,306,13.398692810457517,12,ok
myoubinecoways,41,306,13.398692810457517,12,ok
vanvanvang,41,306,13.398692810457517,12,ok
Akinon_ll107,41,306,13.398692810457517,11,ok
e19940604,41,306,13.398692810457517,11,ok
fuyuko_heart,41,306,13.398692810457517,11,ok
hyama24,41,306,13.398692810457517,11,ok
kaeruwbox,41,306,13.398692810457517,11,ok
kurosan_1f,41,306,13.398692810457517,11,ok
ryindex916,41,306,13.398692810457517,11,ok
wahhuruforever2,41,306,13.398692810457517,11,ok
kashi_naobou,41,306,13.398692810457517,10,ok
kyantter,41,306,13.398692810457517,10,ok
Samuchiri,41,306,13.398692810457517,10,ok
soji_LLL,41,306,13.398692810457517,10,ok
tatikaze_mnst,41,306,13.398692810457517,10,ok
vkaiship,41,306,13.398692810457517,10,ok
wolverine_ac,41,306,13.398692810457517,10,ok
rnsk_0318,41,306,13.398692810457517,9,ok
WatanabeNight,41,306,13.398692810457517,9,ok
758Ptn,41,306,13.398692810457517,8,ok
FHUVC,41,306,13.398692810457517,8,ok
JoeLai,41,306,13.398692810457517,8,ok
JP_Alarie,41,306,13.398692810457517,8,ok
kimuti_TrySail,41,306,13.398692810457517,8,ok
miku_ami_,41,306,13.398692810457517,8,ok
seaflyer88888,41,306,13.398692810457517,8,ok
chizuruuP,41,306,13.398692810457517,7,ok
damnfallenangel,41,306,13.398692810457517,7,ok
Joe__Lai,41,306,13.398692810457517,7,ok
ko_1_,41,306,13.398692810457517,7,ok
nxe935,41,306,13.398692810457517,7,ok
wob_,41,306,13.398692810457517,7,ok
yu29reg,41,306,13.398692810457517,7,ok
a789339,41,306,13.398692810457517,6,ok
aaai,41,306,13.398692810457517,6,ok
dumpling,41,306,13.398692810457517,6,ok
kanonrita5,41,306,13.398692810457517,6,ok
MimoThunder,41,306,13.398692810457517,6,ok
rion3225,41,306,13.398692810457517,6,ok
wawawan,41,306,13.398692810457517,6,ok
zoe1812,41,306,13.398692810457517,6,ok
KuroP0612,41,306,13.398692810457517,5,ok
maomok3n,41,306,13.398692810457517,5,ok
ryuppyi,41,306,13.398692810457517,5,ok
dagfile,41,306,13.398692810457517,4,ok
TO_newnew,41,306,13.398692810457517,4,ok
victorswyu,41,306,13.398692810457517,4,ok
wangau83511,41,306,13.398692810457517,4,ok
2gone.with.the.wind0,41,306,13.398692810457517,3,ok
cal_sanma,41,306,13.398692810457517,3,ok
celala,41,306,13.398692810457517,3,ok
hyuga109_3,41,306,13.398692810457517,3,ok
weisen,41,306,13.398692810457517,3,ok
Woody,41,306,13.398692810457517,3,ok
xhl255593,41,306,13.398692810457517,3,ok
Yudee,41,306,13.398692810457517,3,ok
gokigenyouonsm,41,306,13.398692810457517,2,ok
Gross,41,306,13.398692810457517,2,ok
momochen0310,41,306,13.398692810457517,2,ok
nekochaman7535,41,306,13.398692810457517,2,ok
Kasper,40,306,13.071895424836603,20,ok
accelerator828,40,306,13.071895424836603,18,ok
hono_maru9,40,306,13.071895424836603,17,ok
k_lry,40,306,13.071895424836603,17,ok
25_UM_101,40,306,13.071895424836603,16,ok
nampomspom,40,306,13.071895424836603,16,ok
tenta1043,40,306,13.071895424836603,16,ok
f_ksk,40,306,13.071895424836603,15,ok
ikasohmen,40,306,13.071895424836603,15,ok
vyukki346,40,306,13.071895424836603,15,ok
fSqkuLq,40,306,13.071895424836603,14,ok
golden_ponytail,40,306,13.071895424836603,14,ok
hamax300035,40,306,13.071895424836603,14,ok
nicomaki1031,40,306,13.071895424836603,14,ok
piropiro1127,40,306,13.071895424836603,14,ok
xzSONICzx,40,306,13.071895424836603,14,ok
alren00,40,306,13.071895424836603,13,ok
darker_ROSEN,40,306,13.071895424836603,13,ok
hookipa_wave,40,306,13.071895424836603,13,ok
Ka38_70,40,306,13.071895424836603,13,ok
kurisionkurisi2,40,306,13.071895424836603,13,ok
ninelie_0312,40,306,13.071895424836603,13,ok
Dyun3,40,306,13.071895424836603,12,ok
hao_tone,40,306,13.071895424836603,12,ok
iop9302,40,306,13.071895424836603,12,ok
karamayo_02,40,306,13.071895424836603,12,ok
kbkt1031,40,306,13.071895424836603,12,ok
kurono1234567,40,306,13.071895424836603,12,ok
satao_x19a,40,306,13.071895424836603,12,ok
t.tanicchi,40,306,13.071895424836603,12,ok
uduki04240,40,306,13.071895424836603,12,ok
ulforce22,40,306,13.071895424836603,12,ok
wtekusiiiii,40,306,13.071895424836603,12,ok
20171105,40,306,13.071895424836603,11,ok
hatena_flat,40,306,13.071895424836603,11,ok
hyde_ken_yukih1,40,306,13.071895424836603,11,ok
k0bakatsu,40,306,13.071895424836603,11,ok
motchang,40,306,13.071895424836603,11,ok
must2step,40,306,13.071895424836603,11,ok
Nobunaga_Oriki,40,306,13.071895424836603,11,ok
OLTOT,40,306,13.071895424836603,11,ok
tdltdrtds7,40,306,13.071895424836603,11,ok
umiushi,40,306,13.071895424836603,11,ok
hachi081029,40,306,13.071895424836603,10,ok
LoveLiver_T,40,306,13.071895424836603,10,ok
piece1019,40,306,13.071895424836603,10,ok
arisane_ex,40,306,13.071895424836603,9,ok
eggkake,40,306,13.071895424836603,9,ok
lrenayc,40,306,13.071895424836603,9,ok
simon00b,40,306,13.071895424836603,9,ok
U_chan,40,306,13.071895424836603,9,ok
ykmusic_ll,40,306,13.071895424836603,9,ok
cocottt1023,40,306,13.071895424836603,8,ok
hayamiii0315,40,306,13.071895424836603,8,ok
Izumi_monyooo,40,306,13.071895424836603,8,ok
jagaNikuman,40,306,13.071895424836603,8,ok
kitaerist_sp,40,306,13.071895424836603,8,ok
morumorumoo,40,306,13.071895424836603,8,ok
rin0528_beta,40,306,13.071895424836603,8,ok
soru_mtnr,40,306,13.071895424836603,8,ok
tattu0612,40,306,13.071895424836603,8,ok
ggam,40,306,13.071895424836603,7,ok
higurashi_t,40,306,13.071895424836603,7,ok
KiRa_KiRa_925,40,306,13.071895424836603,7,ok
meimer0,40,306,13.071895424836603,7,ok
replicaAP,40,306,13.071895424836603,7,ok
snowmelt_aqours,40,306,13.071895424836603,7,ok
tomokihigasiomiya,40,306,13.071895424836603,7,ok
v_loid,40,306,13.071895424836603,7,ok
_Maru_S_,40,306,13.071895424836603,6,ok
gori2083,40,306,13.071895424836603,6,ok
kissshot1117,40,306,13.071895424836603,6,ok
korolove0324,40,306,13.071895424836603,6,ok
mingxd,40,306,13.071895424836603,6,ok
pai9033,40,306,13.071895424836603,6,ok
xJxuxNx,40,306,13.071895424836603,6,ok
zaki__music,40,306,13.071895424836603,6,ok
absqrt,40,306,13.071895424836603,5,ok
Debbie_1017,40,306,13.071895424836603,5,ok
dhajvwgjvs,40,306,13.071895424836603,5,ok
EiNid5,40,306,13.071895424836603,5,ok
mitsno,40,306,13.071895424836603,5,ok
mo19nan,40,306,13.071895424836603,5,ok
naoshi117,40,306,13.071895424836603,5,ok
rag_ironwall,40,306,13.071895424836603,5,ok
red_R_V_A,40,306,13.071895424836603,5,ok
a1617093,40,306,13.071895424836603,4,ok
cathersung17,40,306,13.071895424836603,4,ok
kerorogunsou,40,306,13.071895424836603,4,ok
yutk5237,40,306,13.071895424836603,4,ok
bombjesse,40,306,13.071895424836603,3,ok
chichi,40,306,13.071895424836603,3,ok
DHTE44,40,306,13.071895424836603,3,ok
Ninja_Slayer114,40,306,13.071895424836603,3,ok
wodexiaobai322,40,306,13.071895424836603,3,ok
ksk_aleaf,40,306,13.071895424836603,2,ok
01mazed,40,306,13.071895424836603,1,ok
050723mello,40,306,13.071895424836603,1,ok
3948594066,40,306,13.071895424836603,1,ok
a.kaede10161147,40,306,13.071895424836603,1,ok
amerikawani,40,306,13.071895424836603,1,ok
Aqours51,40,306,13.071895424836603,1,ok
arciniegast351,40,306,13.071895424836603,1,ok
argonariod,40,306,13.071895424836603,1,ok
blackmatter,40,306,13.071895424836603,1,ok
bosstocat,40,306,13.071895424836603,1,ok
ehiro,40,306,13.071895424836603,1,ok
EmidioC2,40,306,13.071895424836603,1,ok
Exsn_1013,40,306,13.071895424836603,1,ok
felishimo24867,40,306,13.071895424836603,1,ok
heyseyyoung,40,306,13.071895424836603,1,ok
hqy407115847,40,306,13.071895424836603,1,ok
konishipiano,40,306,13.071895424836603,1,ok
kuyaokamura2498,40,306,13.071895424836603,1,ok
Mikku0927,40,306,13.071895424836603,1,ok
monicavalentain,40,306,13.071895424836603,1,ok
mugyo2,40,306,13.071895424836603,1,ok
muneiyingjie,40,306,13.071895424836603,1,ok
ogawaeisaburo,40,306,13.071895424836603,1,ok
qq1127571551,40,306,13.071895424836603,1,ok
R_takt,40,306,13.071895424836603,1,ok
SALAWSTAYLE,40,306,13.071895424836603,1,ok
setsunyan33,40,306,13.071895424836603,1,ok
skydanny2212,40,306,13.071895424836603,1,ok
sxpy,40,306,13.071895424836603,1,ok
ThreeBody_ETO,40,306,13.071895424836603,1,ok
wang,40,306,13.071895424836603,1,ok
wohaiainine8,40,306,13.071895424836603,1,ok
yakisabawo4649,40,306,13.071895424836603,1,ok
lyrical,39,306,12.745098039215685,20,ok
ino_WUG_euph0,39,306,12.745098039215685,19,ok
ogurakenmin,39,306,12.745098039215685,19,ok
disney__hibiki,39,306,12.745098039215685,18,ok
sakupanyas,39,306,12.745098039215685,18,ok
sakusakuunagi,39,306,12.745098039215685,17,ok
yukidaruma_1st,39,306,12.745098039215685,17,ok
jakigan33,39,306,12.745098039215685,16,ok
oneal_345,39,306,12.745098039215685,16,ok
ellyy_33,39,306,12.745098039215685,15,ok
fj_ik,39,306,12.745098039215685,15,ok
mikagen,39,306,12.745098039215685,15,ok
sakurafamia,39,306,12.745098039215685,15,ok
3A204,39,306,12.745098039215685,14,ok
hinanitro,39,306,12.745098039215685,14,ok
hisyamaru_rook,39,306,12.745098039215685,14,ok
mchika1203,39,306,12.745098039215685,14,ok
oncemoon,39,306,12.745098039215685,14,ok
rab_airen,39,306,12.745098039215685,14,ok
roki_tomimaho,39,306,12.745098039215685,14,ok
atolitdx,39,306,12.745098039215685,13,ok
baro_6,39,306,12.745098039215685,13,ok
hamyu,39,306,12.745098039215685,13,ok
wis_evnternote,39,306,12.745098039215685,13,ok
yoshiriko1945,39,306,12.745098039215685,13,ok
acky_gem,39,306,12.745098039215685,12,ok
darkness,39,306,12.745098039215685,12,ok
Namilt_910,39,306,12.745098039215685,12,ok
SWSLL1995,39,306,12.745098039215685,12,ok
TAKASHO_LL,39,306,12.745098039215685,12,ok
tani_Bs,39,306,12.745098039215685,12,ok
tarosuke_19,39,306,12.745098039215685,12,ok
thesea0315,39,306,12.745098039215685,12,ok
BeiBi,39,306,12.745098039215685,11,ok
COVID19,39,306,12.745098039215685,11,ok
dd1df971c50346b,39,306,12.745098039215685,11,ok
hiro20865793,39,306,12.745098039215685,11,ok
isrg_m,39,306,12.745098039215685,11,ok
lustyu24,39,306,12.745098039215685,11,ok
great__2,39,306,12.745098039215685,10,ok
M2_PB,39,306,12.745098039215685,10,ok
MIZUKIRYO1142,39,306,12.745098039215685,10,ok
n257s491,39,306,12.745098039215685,10,ok
ousai_718,39,306,12.745098039215685,10,ok
poi,39,306,12.745098039215685,10,ok
raven_56,39,306,12.745098039215685,10,ok
shochan_gbp,39,306,12.745098039215685,10,ok
yu10369,39,306,12.745098039215685,10,ok
1021mako,39,306,12.745098039215685,9,ok
aaaaaaaaaer,39,306,12.745098039215685,9,ok
aguy8021,39,306,12.745098039215685,9,ok
bravoyan,39,306,12.745098039215685,9,ok
cho_idai,39,306,12.745098039215685,9,ok
d5ter_higw,39,306,12.745098039215685,9,ok
hassy_1st,39,306,12.745098039215685,9,ok
jaaaack,39,306,12.745098039215685,9,ok
kenta_t0412,39,306,12.745098039215685,9,ok
l_l_holic,39,306,12.745098039215685,9,ok
mpaaknia,39,306,12.745098039215685,9,ok
nekuma221,39,306,12.745098039215685,9,ok
omuretumazin,39,306,12.745098039215685,9,ok
Riru_DS,39,306,12.745098039215685,9,ok
s3_sakura,39,306,12.745098039215685,9,ok
Wing__Quest,39,306,12.745098039215685,9,ok
CHR,39,306,12.745098039215685,8,ok
chrleston_n,39,306,12.745098039215685,8,ok
evening_star_r,39,306,12.745098039215685,8,ok
Follo_tter,39,306,12.745098039215685,8,ok
harenntit,39,306,12.745098039215685,8,ok
Taida_Y,39,306,12.745098039215685,8,ok
w_k_1619,39,306,12.745098039215685,8,ok
daimana1999,39,306,12.745098039215685,7,ok
kansa54,39,306,12.745098039215685,7,ok
Megu_10819,39,306,12.745098039215685,7,ok
mintrime,39,306,12.745098039215685,7,ok
muua0823,39,306,12.745098039215685,7,ok
pyomrc1,39,306,12.745098039215685,7,ok
regular_nana,39,306,12.745098039215685,7,ok
yokocha_n,39,306,12.745098039215685,7,ok
ZcHtXzYy3GiFGL2,39,306,12.745098039215685,7,ok
545206016,39,306,12.745098039215685,6,ok
kikyo_sound,39,306,12.745098039215685,6,ok
krskpg,39,306,12.745098039215685,6,ok
Kussan_Master,39,306,12.745098039215685,6,ok
maxx3maya,39,306,12.745098039215685,6,ok
poy,39,306,12.745098039215685,6,ok
Toumei_P,39,306,12.745098039215685,6,ok
_zuuyan_,39,306,12.745098039215685,5,ok
banazium,39,306,12.745098039215685,5,ok
Benchow,39,306,12.745098039215685,5,ok
cafu_mikan,39,306,12.745098039215685,5,ok
datyayu,39,306,12.745098039215685,5,ok
eta_aquarii,39,306,12.745098039215685,5,ok
Ingway,39,306,12.745098039215685,5,ok
krad05,39,306,12.745098039215685,5,ok
nok31,39,306,12.745098039215685,5,ok
Pash,39,306,12.745098039215685,5,ok
rai_orz,39,306,12.745098039215685,5,ok
coleandresponse,39,306,12.745098039215685,4,ok
Flandre,39,306,12.745098039215685,4,ok
minwoo915,39,306,12.745098039215685,4,ok
mwt_a,39,306,12.745098039215685,4,ok
ponhiro127,39,306,12.745098039215685,4,ok
setzna_2677,39,306,12.745098039215685,4,ok
shubyo,39,306,12.745098039215685,4,ok
501kagayaki,39,306,12.745098039215685,3,ok
___seanc,39,306,12.745098039215685,3,ok
hajimenoippo,39,306,12.745098039215685,3,ok
hi_reduce_3379,39,306,12.745098039215685,3,ok
jimmy821028,39,306,12.745098039215685,3,ok
night0diary,39,306,12.745098039215685,3,ok
yagi200901,39,306,12.745098039215685,2,ok
You_bang_bay,39,306,12.745098039215685,2,ok
usa1x1,38,306,12.418300653594772,17,ok
OREO_pg1246,38,306,12.418300653594772,16,ok
xxxxephyr,38,306,12.418300653594772,16,ok
penpenken,38,306,12.418300653594772,14,ok
physalis02a,38,306,12.418300653594772,14,ok
selt_tiger,38,306,12.418300653594772,14,ok
shinspr375,38,306,12.418300653594772,14,ok
yzzzzz,38,306,12.418300653594772,14,ok
heaven_azunyan,38,306,12.418300653594772,13,ok
hirato_hi,38,306,12.418300653594772,13,ok
kimiichi,38,306,12.418300653594772,13,ok
Kitai_t7s_MGR,38,306,12.418300653594772,13,ok
LoveEllie_piano,38,306,12.418300653594772,13,ok
masuroddo,38,306,12.418300653594772,13,ok
singness,38,306,12.418300653594772,13,ok
yuminche_11,38,306,12.418300653594772,13,ok
ammikuru,38,306,12.418300653594772,12,ok
enchan1214,38,306,12.418300653594772,12,ok
ichimojiroma,38,306,12.418300653594772,12,ok
jmhbmj,38,306,12.418300653594772,12,ok
Sele_taso,38,306,12.418300653594772,12,ok
takehirokoga,38,306,12.418300653594772,12,ok
yaminabe17,38,306,12.418300653594772,12,ok
dongurimeshi,38,306,12.418300653594772,11,ok
flowerflower419,38,306,12.418300653594772,11,ok
my_wifi_06,38,306,12.418300653594772,11,ok
nekochann,38,306,12.418300653594772,11,ok
TKtooth,38,306,12.418300653594772,11,ok
TokkyP,38,306,12.418300653594772,11,ok
BiogorillaS,38,306,12.418300653594772,10,ok
btk_pntk,38,306,12.418300653594772,10,ok
dandensan,38,306,12.418300653594772,10,ok
f23grayghost,38,306,12.418300653594772,10,ok
hikat766,38,306,12.418300653594772,10,ok
koh_874,38,306,12.418300653594772,10,ok
ma_ma_makosan,38,306,12.418300653594772,10,ok
Rupus_,38,306,12.418300653594772,10,ok
taketake_step,38,306,12.418300653594772,10,ok
yacho62,38,306,12.418300653594772,10,ok
jky0120,38,306,12.418300653594772,9,ok
mannbou0330,38,306,12.418300653594772,9,ok
Re_milclaire,38,306,12.418300653594772,9,ok
sbtbka,38,306,12.418300653594772,9,ok
yikr512,38,306,12.418300653594772,9,ok
carsomyr1981,38,306,12.418300653594772,8,ok
hepi_pi,38,306,12.418300653594772,8,ok
Kke1021D,38,306,12.418300653594772,8,ok
nokkyon,38,306,12.418300653594772,8,ok
osr_megane,38,306,12.418300653594772,8,ok
sikaigahirogaru,38,306,12.418300653594772,8,ok
takejukin,38,306,12.418300653594772,8,ok
tuukai_,38,306,12.418300653594772,8,ok
do_8_4,38,306,12.418300653594772,7,ok
OchisabiLiftee,38,306,12.418300653594772,7,ok
twericca,38,306,12.418300653594772,7,ok
umi_P_,38,306,12.418300653594772,7,ok
Xeno_dea,38,306,12.418300653594772,7,ok
2tin_kanki,38,306,12.418300653594772,6,ok
ffeto,38,306,12.418300653594772,6,ok
hi_amamiya,38,306,12.418300653594772,6,ok
kuroe_3939,38,306,12.418300653594772,6,ok
Plastic,38,306,12.418300653594772,6,ok
PON46p,38,306,12.418300653594772,6,ok
sca_teach723,38,306,12.418300653594772,6,ok
tasukete0117,38,306,12.418300653594772,6,ok
Tokei_25252,38,306,12.418300653594772,6,ok
wakiogumi,38,306,12.418300653594772,6,ok
yutk217,38,306,12.418300653594772,6,ok
66mankumoko,38,306,12.418300653594772,5,ok
bensandesu,38,306,12.418300653594772,5,ok
Buzz2428,38,306,12.418300653594772,5,ok
gangimaring8314,38,306,12.418300653594772,5,ok
hurga_oriP,38,306,12.418300653594772,5,ok
k1_mikan,38,306,12.418300653594772,5,ok
purejuice,38,306,12.418300653594772,5,ok
rona_nm7,38,306,12.418300653594772,5,ok
RonRonMonday,38,306,12.418300653594772,5,ok
temriva,38,306,12.418300653594772,5,ok
AsteriskNatsuki,38,306,12.418300653594772,4,ok
dikn_oroser,38,306,12.418300653594772,4,ok
Gamble_Rumble,38,306,12.418300653594772,4,ok
milkyork,38,306,12.418300653594772,4,ok
nijiotaku,38,306,12.418300653594772,4,ok
RainbowReaper_,38,306,12.418300653594772,4,ok
reiton207,38,306,12.418300653594772,4,ok
tomioreimo,38,306,12.418300653594772,4,ok
apolo_kaor1n,38,306,12.418300653594772,3,ok
doloris0626,38,306,12.418300653594772,3,ok
jacklin_513,38,306,12.418300653594772,3,ok
kaki,38,306,12.418300653594772,3,ok
naki_1224,38,306,12.418300653594772,3,ok
number_i2236,38,306,12.418300653594772,3,ok
sawa_na,38,306,12.418300653594772,3,ok
Suicide_Squad,38,306,12.418300653594772,3,ok
tamago372,38,306,12.418300653594772,3,ok
20020723fyt,38,306,12.418300653594772,2,ok
Caomei0708,38,306,12.418300653594772,2,ok
ksm7,38,306,12.418300653594772,2,ok
matrix7,38,306,12.418300653594772,2,ok
ronald890119,38,306,12.418300653594772,2,ok
trolluon,38,306,12.418300653594772,2,ok
x22567189,38,306,12.418300653594772,2,ok
Ayasa_To,37,306,12.091503267973856,28,ok
Riot1025,37,306,12.091503267973856,17,ok
akafuku,37,306,12.091503267973856,16,ok
rururereroro,37,306,12.091503267973856,16,ok
taiyaki_765P,37,306,12.091503267973856,15,ok
cvRyonemu_0114,37,306,12.091503267973856,14,ok
justice_vsbr,37,306,12.091503267973856,14,ok
kraijean,37,306,12.091503267973856,14,ok
ShowryuOKN,37,306,12.091503267973856,14,ok
tosyotai,37,306,12.091503267973856,14,ok
ume256,37,306,12.091503267973856,14,ok
bell_mark_,37,306,12.091503267973856,13,ok
celeron1ghz,37,306,12.091503267973856,13,ok
eisen88,37,306,12.091503267973856,13,ok
stoneedge604,37,306,12.091503267973856,13,ok
tak108,37,306,12.091503267973856,13,ok
tnk_tsyk,37,306,12.091503267973856,13,ok
24knMK,37,306,12.091503267973856,12,ok
mametti538,37,306,12.091503267973856,12,ok
oscarlouie_hk,37,306,12.091503267973856,12,ok
shimi_zukun,37,306,12.091503267973856,12,ok
umimorin99,37,306,12.091503267973856,12,ok
CFHH69,37,306,12.091503267973856,11,ok
harutaginnosuke,37,306,12.091503267973856,11,ok
iXerol,37,306,12.091503267973856,11,ok
manyuP_,37,306,12.091503267973856,11,ok
mmrn7750,37,306,12.091503267973856,11,ok
o_o_v7,37,306,12.091503267973856,11,ok
Rauziii,37,306,12.091503267973856,11,ok
rito_sound,37,306,12.091503267973856,11,ok
tgonw,37,306,12.091503267973856,11,ok
tokio9826,37,306,12.091503267973856,11,ok
akabee_izusama,37,306,12.091503267973856,10,ok
C0A832,37,306,12.091503267973856,10,ok
gaogaogaoo,37,306,12.091503267973856,10,ok
LunaHawke726,37,306,12.091503267973856,10,ok
moto051105,37,306,12.091503267973856,10,ok
tambabashi_jct,37,306,12.091503267973856,10,ok
Admiral_nemotwo,37,306,12.091503267973856,9,ok
housetea,37,306,12.091503267973856,9,ok
LEAPorz,37,306,12.091503267973856,9,ok
moyashiki,37,306,12.091503267973856,9,ok
sui_26,37,306,12.091503267973856,9,ok
Vincent_D_Star,37,306,12.091503267973856,9,ok
yeh0205f,37,306,12.091503267973856,9,ok
yutori_333,37,306,12.091503267973856,9,ok
clarisphere2010,37,306,12.091503267973856,8,ok
latilt555,37,306,12.091503267973856,8,ok
mirinight,37,306,12.091503267973856,8,ok
mll,37,306,12.091503267973856,8,ok
pothugori,37,306,12.091503267973856,8,ok
rui3231,37,306,12.091503267973856,8,ok
sternen_blitz,37,306,12.091503267973856,8,ok
tassannegitoro,37,306,12.091503267973856,8,ok
TheBigN,37,306,12.091503267973856,8,ok
Toshiwo01,37,306,12.091503267973856,8,ok
Botinthedark,37,306,12.091503267973856,7,ok
FMic,37,306,12.091503267973856,7,ok
fura_o,37,306,12.091503267973856,7,ok
kabotya_barbar,37,306,12.091503267973856,7,ok
kiriya_ch2,37,306,12.091503267973856,7,ok
nana_mimori,37,306,12.091503267973856,7,ok
tomo841iorika,37,306,12.091503267973856,7,ok
tousiroublogs,37,306,12.091503267973856,7,ok
trueflow417,37,306,12.091503267973856,7,ok
yusuke_omr,37,306,12.091503267973856,7,ok
_0ABM0_,37,306,12.091503267973856,6,ok
eskrbrg2,37,306,12.091503267973856,6,ok
hamu_bow,37,306,12.091503267973856,6,ok
harukas204,37,306,12.091503267973856,6,ok
KUMA00808,37,306,12.091503267973856,6,ok
ruukunn7,37,306,12.091503267973856,6,ok
sing_a_thing,37,306,12.091503267973856,6,ok
yugo_tr,37,306,12.091503267973856,6,ok
yuto1218,37,306,12.091503267973856,6,ok
AIC_0322,37,306,12.091503267973856,5,ok
kogorin,37,306,12.091503267973856,5,ok
komo45670303,37,306,12.091503267973856,5,ok
KozueUism,37,306,12.091503267973856,5,ok
MiNaMi_runner,37,306,12.091503267973856,5,ok
nat_scm,37,306,12.091503267973856,5,ok
oniisamasaikyou,37,306,12.091503267973856,5,ok
oppashi00,37,306,12.091503267973856,5,ok
paulzcgu,37,306,12.091503267973856,5,ok
PC_ENGINE_DUO,37,306,12.091503267973856,5,ok
shoten_s,37,306,12.091503267973856,5,ok
torankx,37,306,12.091503267973856,5,ok
umwc0528,37,306,12.091503267973856,5,ok
443563481,37,306,12.091503267973856,4,ok
_lux_umbra,37,306,12.091503267973856,4,ok
cristiyna760,37,306,12.091503267973856,4,ok
hisahidej91,37,306,12.091503267973856,4,ok
kujmjuk_1,37,306,12.091503267973856,4,ok
LLDreamMaster,37,306,12.091503267973856,4,ok
local_bug,37,306,12.091503267973856,4,ok
mgmgmireA,37,306,12.091503267973856,4,ok
mike031715,37,306,12.091503267973856,4,ok
musuko_son,37,306,12.091503267973856,4,ok
te2maaa,37,306,12.091503267973856,4,ok
toku_765,37,306,12.091503267973856,4,ok
catzynico,37,306,12.091503267973856,3,ok
czzaisei,37,306,12.091503267973856,3,ok
dnjstndtjd,37,306,12.091503267973856,3,ok
eruhu,37,306,12.091503267973856,3,ok
gonhon5,37,306,12.091503267973856,3,ok
honoka_shikibu,37,306,12.091503267973856,3,ok
humbol33,37,306,12.091503267973856,3,ok
ipod123432,37,306,12.091503267973856,3,ok
jason8339,37,306,12.091503267973856,3,ok
kidoairakus,37,306,12.091503267973856,3,ok
manato140131,37,306,12.091503267973856,3,ok
suyumeng221b,37,306,12.091503267973856,3,ok
wasabidokkiri,37,306,12.091503267973856,3,ok
de,37,306,12.091503267973856,2,ok
ebszw,37,306,12.091503267973856,2,ok
kebab7161,37,306,12.091503267973856,2,ok
kuro_note,37,306,12.091503267973856,2,ok
rezzzzz,37,306,12.091503267973856,2,ok
battleheater,36,306,11.76470588235294,16,ok
hondashi,36,306,11.76470588235294,16,ok
Rewr1ter,36,306,11.76470588235294,16,ok
TO_o_KA,36,306,11.76470588235294,16,ok
HACHIBI80,36,306,11.76470588235294,15,ok
hiiro_32,36,306,11.76470588235294,15,ok
l_1cm_l,36,306,11.76470588235294,15,ok
One_Two_Jump,36,306,11.76470588235294,15,ok
aice_u,36,306,11.76470588235294,14,ok
perusonn,36,306,11.76470588235294,14,ok
yuki290207,36,306,11.76470588235294,14,ok
92kvl,36,306,11.76470588235294,13,ok
iopiy,36,306,11.76470588235294,13,ok
littleyummy,36,306,11.76470588235294,13,ok
Saikaki,36,306,11.76470588235294,13,ok
Dao15jam,36,306,11.76470588235294,12,ok
edowadoelric,36,306,11.76470588235294,12,ok
koyomin_natsume,36,306,11.76470588235294,12,ok
saritoss_totti,36,306,11.76470588235294,12,ok
stm_slz_colh,36,306,11.76470588235294,12,ok
totonyll,36,306,11.76470588235294,12,ok
365xLOVE,36,306,11.76470588235294,11,ok
comaguro,36,306,11.76470588235294,11,ok
MakiAcuTe,36,306,11.76470588235294,11,ok
mola_Lo,36,306,11.76470588235294,11,ok
pokemonmon60,36,306,11.76470588235294,11,ok
smak17f,36,306,11.76470588235294,11,ok
asahina_chann,36,306,11.76470588235294,10,ok
cheekaman48,36,306,11.76470588235294,10,ok
haruhi9420,36,306,11.76470588235294,10,ok
kk4wiper,36,306,11.76470588235294,10,ok
kure8mo,36,306,11.76470588235294,10,ok
masao_ml,36,306,11.76470588235294,10,ok
SamsonWuHK,36,306,11.76470588235294,10,ok
tara_dd,36,306,11.76470588235294,10,ok
yyyi710,36,306,11.76470588235294,10,ok
Al_Fun4,36,306,11.76470588235294,9,ok
Antares,36,306,11.76470588235294,9,ok
BG,36,306,11.76470588235294,9,ok
Dos_koi2521,36,306,11.76470588235294,9,ok
DUDU612xxx,36,306,11.76470588235294,9,ok
kapi_rs,36,306,11.76470588235294,9,ok
ksw5237,36,306,11.76470588235294,9,ok
mamama,36,306,11.76470588235294,9,ok
natadecoco,36,306,11.76470588235294,9,ok
shamanda,36,306,11.76470588235294,9,ok
strexxy,36,306,11.76470588235294,9,ok
tansansansansan,36,306,11.76470588235294,9,ok
tears_t_dusk,36,306,11.76470588235294,9,ok
tomahawk9728,36,306,11.76470588235294,9,ok
try_sheep,36,306,11.76470588235294,9,ok
chiaki713,36,306,11.76470588235294,8,ok
enako_love,36,306,11.76470588235294,8,ok
ishimotsu,36,306,11.76470588235294,8,ok
katsu_ok_1,36,306,11.76470588235294,8,ok
kawa2788,36,306,11.76470588235294,8,ok
moeDhh,36,306,11.76470588235294,8,ok
pipeboy_uett,36,306,11.76470588235294,8,ok
rft6,36,306,11.76470588235294,8,ok
yyasui,36,306,11.76470588235294,8,ok
____zdx______,36,306,11.76470588235294,7,ok
Fate_NOC,36,306,11.76470588235294,7,ok
hj1335659475,36,306,11.76470588235294,7,ok
kanto_NfSs,36,306,11.76470588235294,7,ok
Noricutea,36,306,11.76470588235294,7,ok
Nuee_JPN,36,306,11.76470588235294,7,ok
seiyuusanlovet,36,306,11.76470588235294,7,ok
Yo_Hey21,36,306,11.76470588235294,7,ok
z___d___x,36,306,11.76470588235294,7,ok
hacotissue,36,306,11.76470588235294,6,ok
keita20170305,36,306,11.76470588235294,6,ok
keyiasguike,36,306,11.76470588235294,6,ok
kitaminma,36,306,11.76470588235294,6,ok
meiken_taso,36,306,11.76470588235294,6,ok
portalxsquea,36,306,11.76470588235294,6,ok
sachimayu_39,36,306,11.76470588235294,6,ok
wilhelm_S5,36,306,11.76470588235294,6,ok
yoyoharry,36,306,11.76470588235294,6,ok
yuki_danron,36,306,11.76470588235294,6,ok
chikuwanusu,36,306,11.76470588235294,5,ok
fangtouge,36,306,11.76470588235294,5,ok
kefuca,36,306,11.76470588235294,5,ok
Ostwald_gr,36,306,11.76470588235294,5,ok
shimadokkusu,36,306,11.76470588235294,5,ok
tai_koma,36,306,11.76470588235294,5,ok
ya_zero_us,36,306,11.76470588235294,5,ok
Coffee,36,306,11.76470588235294,4,ok
faiz,36,306,11.76470588235294,4,ok
hiroasu,36,306,11.76470588235294,4,ok
iroha_806,36,306,11.76470588235294,4,ok
jasperlin99,36,306,11.76470588235294,4,ok
mc.sunshine.59,36,306,11.76470588235294,4,ok
mcnellyvaht5090,36,306,11.76470588235294,4,ok
mimonako0725,36,306,11.76470588235294,4,ok
morenewspofia,36,306,11.76470588235294,4,ok
mudaganeeze,36,306,11.76470588235294,4,ok
nenu232607,36,306,11.76470588235294,4,ok
neru2not,36,306,11.76470588235294,4,ok
r5n33,36,306,11.76470588235294,4,ok
suramogafami,36,306,11.76470588235294,4,ok
zhc008450,36,306,11.76470588235294,4,ok
cafecat6503,36,306,11.76470588235294,3,ok
EnsonLau,36,306,11.76470588235294,3,ok
fishland37,36,306,11.76470588235294,3,ok
hououin_hiiyo,36,306,11.76470588235294,3,ok
kzwkzw,36,306,11.76470588235294,3,ok
MarsGUI,36,306,11.76470588235294,3,ok
surume0208,36,306,11.76470588235294,3,ok
taiki3929,36,306,11.76470588235294,3,ok
0g3h0e0n7c,36,306,11.76470588235294,2,ok
bobingneatkey,36,306,11.76470588235294,2,ok
brad84622,36,306,11.76470588235294,2,ok
fkxmyk,36,306,11.76470588235294,2,ok
Kimichanjp_F30,36,306,11.76470588235294,2,ok
masakado0130,36,306,11.76470588235294,2,ok
milky0349,36,306,11.76470588235294,2,ok
Rapunzel,36,306,11.76470588235294,2,ok
tomidotsinger,36,306,11.76470588235294,2,ok
u_bu_ge,36,306,11.76470588235294,2,ok
jyuou,35,306,11.437908496732026,16,ok
lapin_kish32,35,306,11.437908496732026,16,ok
nbleft,35,306,11.437908496732026,16,ok
maoingr,35,306,11.437908496732026,15,ok
hi_ro1118,35,306,11.437908496732026,14,ok
Seoulmilk1L,35,306,11.437908496732026,14,ok
TM96chan,35,306,11.437908496732026,14,ok
vi0let_may,35,306,11.437908496732026,14,ok
alex_chem,35,306,11.437908496732026,13,ok
Hayashi_HRMK,35,306,11.437908496732026,13,ok
hinotori1999,35,306,11.437908496732026,13,ok
LALALAPYOKO7,35,306,11.437908496732026,13,ok
manimanidango,35,306,11.437908496732026,13,ok
nw215.uverworld,35,306,11.437908496732026,13,ok
tia____chan,35,306,11.437908496732026,13,ok
TMyshinography,35,306,11.437908496732026,13,ok
ameris_22,35,306,11.437908496732026,12,ok
hayakaraamamamam,35,306,11.437908496732026,12,ok
miki_68,35,306,11.437908496732026,12,ok
saika5171041_,35,306,11.437908496732026,12,ok
sha_ken_80,35,306,11.437908496732026,12,ok
Shine_night,35,306,11.437908496732026,12,ok
t4405,35,306,11.437908496732026,12,ok
yaan__yaan,35,306,11.437908496732026,12,ok
0903mansa,35,306,11.437908496732026,11,ok
2525_smiling,35,306,11.437908496732026,11,ok
aruto1121,35,306,11.437908496732026,11,ok
ayakeron0101,35,306,11.437908496732026,11,ok
Hirown_LL,35,306,11.437908496732026,11,ok
selast,35,306,11.437908496732026,11,ok
takanaa1234,35,306,11.437908496732026,11,ok
Yucky_Tw,35,306,11.437908496732026,11,ok
Yussy78,35,306,11.437908496732026,11,ok
zeki_sound,35,306,11.437908496732026,11,ok
dr_nlm,35,306,11.437908496732026,10,ok
kn9026,35,306,11.437908496732026,10,ok
masa_anime_game,35,306,11.437908496732026,10,ok
okaniku0723,35,306,11.437908496732026,10,ok
piyorinrinrun,35,306,11.437908496732026,10,ok
sei_0001,35,306,11.437908496732026,10,ok
Trombonist0810,35,306,11.437908496732026,10,ok
ainu_upopoy,35,306,11.437908496732026,9,ok
fdki5ht2jf1,35,306,11.437908496732026,9,ok
fragment,35,306,11.437908496732026,9,ok
ice_sphere,35,306,11.437908496732026,9,ok
no_mu_x303,35,306,11.437908496732026,9,ok
PathToDepravity,35,306,11.437908496732026,9,ok
seastar_315,35,306,11.437908496732026,9,ok
shima1243,35,306,11.437908496732026,9,ok
758payo,35,306,11.437908496732026,8,ok
ho_8315,35,306,11.437908496732026,8,ok
jeanfei0214,35,306,11.437908496732026,8,ok
KK_1920,35,306,11.437908496732026,8,ok
Kubica2108,35,306,11.437908496732026,8,ok
LaCiel_Poppin,35,306,11.437908496732026,8,ok
merel_lapis7110,35,306,11.437908496732026,8,ok
momor1n_b,35,306,11.437908496732026,8,ok
ruyan_cc,35,306,11.437908496732026,8,ok
tai0102,35,306,11.437908496732026,8,ok
Tory,35,306,11.437908496732026,8,ok
touhokunoyamata,35,306,11.437908496732026,8,ok
yasu_724727,35,306,11.437908496732026,8,ok
azen_tosu,35,306,11.437908496732026,7,ok
clazy_about_you,35,306,11.437908496732026,7,ok
em_massan,35,306,11.437908496732026,7,ok
hide_tanaka,35,306,11.437908496732026,7,ok
meihituji09,35,306,11.437908496732026,7,ok
playboy,35,306,11.437908496732026,7,ok
ryosukeSHiKA,35,306,11.437908496732026,7,ok
tamiru508,35,306,11.437908496732026,7,ok
yui_0421,35,306,11.437908496732026,7,ok
asacha,35,306,11.437908496732026,6,ok
ghosttrick5,35,306,11.437908496732026,6,ok
Keineko_,35,306,11.437908496732026,6,ok
mmmik_m18,35,306,11.437908496732026,6,ok
OgisoKelly,35,306,11.437908496732026,6,ok
panzercops,35,306,11.437908496732026,6,ok
PureIllusionist,35,306,11.437908496732026,6,ok
rispectpopn,35,306,11.437908496732026,6,ok
ss_eluri,35,306,11.437908496732026,6,ok
Zeppeli09905033,35,306,11.437908496732026,6,ok
_JRSH1,35,306,11.437908496732026,5,ok
brightblue1142,35,306,11.437908496732026,5,ok
llsipur315,35,306,11.437908496732026,5,ok
Pompuku,35,306,11.437908496732026,5,ok
seeeewe,35,306,11.437908496732026,5,ok
str_to_believe,35,306,11.437908496732026,5,ok
chuka912,35,306,11.437908496732026,4,ok
DrBossLee,35,306,11.437908496732026,4,ok
HANAiki615,35,306,11.437908496732026,4,ok
karo_1053,35,306,11.437908496732026,4,ok
mituboshi73,35,306,11.437908496732026,4,ok
null_bd,35,306,11.437908496732026,4,ok
smrpri_193,35,306,11.437908496732026,4,ok
szk0721,35,306,11.437908496732026,4,ok
toyomaru1228,35,306,11.437908496732026,4,ok
wasawasa_7,35,306,11.437908496732026,4,ok
Aiminuna,35,306,11.437908496732026,3,ok
DON110400,35,306,11.437908496732026,3,ok
Ficsher_Hibiki,35,306,11.437908496732026,3,ok
Hanakana,35,306,11.437908496732026,3,ok
jay07291,35,306,11.437908496732026,3,ok
kakuzator,35,306,11.437908496732026,3,ok
mofiieictegondc,35,306,11.437908496732026,3,ok
Noeln0505,35,306,11.437908496732026,3,ok
Okipay_nicoo,35,306,11.437908496732026,3,ok
realfan,35,306,11.437908496732026,3,ok
SdNot,35,306,11.437908496732026,3,ok
Ticket_kudasai,35,306,11.437908496732026,3,ok
vilandogs,35,306,11.437908496732026,3,ok
afd_adluf_h,35,306,11.437908496732026,2,ok
bobby8251995,35,306,11.437908496732026,2,ok
dansingtonitht,35,306,11.437908496732026,2,ok
greatestshowman,35,306,11.437908496732026,2,ok
greenperorin,35,306,11.437908496732026,2,ok
lemncha,35,306,11.437908496732026,2,ok
namasute_Maharo,35,306,11.437908496732026,2,ok
summerrenge,35,306,11.437908496732026,2,ok
URAGANGIN,35,306,11.437908496732026,2,ok
tokitu56,34,306,11.11111111111111,21,ok
zanzanzansei,34,306,11.11111111111111,16,ok
kennistse8295,34,306,11.11111111111111,15,ok
kemusiP,34,306,11.11111111111111,13,ok
percy_janaiyo,34,306,11.11111111111111,13,ok
takeshin_voice,34,306,11.11111111111111,13,ok
dream57_,34,306,11.11111111111111,12,ok
kim_higher,34,306,11.11111111111111,12,ok
kudryavka_s,34,306,11.11111111111111,12,ok
linde_xt660r,34,306,11.11111111111111,12,ok
Malfoy_0801_,34,306,11.11111111111111,12,ok
siroyuki021,34,306,11.11111111111111,12,ok
sorafcdqx,34,306,11.11111111111111,12,ok
tyu__ki_,34,306,11.11111111111111,12,ok
zunki33,34,306,11.11111111111111,12,ok
Bardiche_223,34,306,11.11111111111111,11,ok
gobojin,34,306,11.11111111111111,11,ok
k4nz0,34,306,11.11111111111111,11,ok
m_apple417,34,306,11.11111111111111,11,ok
nm7NAOKI,34,306,11.11111111111111,11,ok
true_bubb,34,306,11.11111111111111,11,ok
vampire777,34,306,11.11111111111111,11,ok
whitelearner,34,306,11.11111111111111,11,ok
zrz602179056,34,306,11.11111111111111,11,ok
0rg0ne,34,306,11.11111111111111,10,ok
abebee_style,34,306,11.11111111111111,10,ok
homepie_1001,34,306,11.11111111111111,10,ok
kon_kon_0430,34,306,11.11111111111111,10,ok
mare_sea7,34,306,11.11111111111111,10,ok
moke1110,34,306,11.11111111111111,10,ok
ryo_chan21,34,306,11.11111111111111,10,ok
select1941,34,306,11.11111111111111,10,ok
tororo_lovebeat,34,306,11.11111111111111,10,ok
Wonder_Caravan_,34,306,11.11111111111111,10,ok
yogitune_02,34,306,11.11111111111111,10,ok
yuis_lover,34,306,11.11111111111111,10,ok
cierra_axy,34,306,11.11111111111111,9,ok
lomatov,34,306,11.11111111111111,9,ok
odendanev3,34,306,11.11111111111111,9,ok
onigi_Stars765,34,306,11.11111111111111,9,ok
RaRain13,34,306,11.11111111111111,9,ok
sasameboy,34,306,11.11111111111111,9,ok
toripon_san,34,306,11.11111111111111,9,ok
umikaze07,34,306,11.11111111111111,9,ok
waveeen,34,306,11.11111111111111,9,ok
5781Naka,34,306,11.11111111111111,8,ok
air_mk723,34,306,11.11111111111111,8,ok
ki_chi07,34,306,11.11111111111111,8,ok
kuronekosister,34,306,11.11111111111111,8,ok
kussun_yeo,34,306,11.11111111111111,8,ok
miho_ta_0623,34,306,11.11111111111111,8,ok
okko_ad97,34,306,11.11111111111111,8,ok
yuri_kimashi,34,306,11.11111111111111,8,ok
do84_R,34,306,11.11111111111111,7,ok
EkusiaQuanta,34,306,11.11111111111111,7,ok
hamakoo0414,34,306,11.11111111111111,7,ok
jzx100anrika,34,306,11.11111111111111,7,ok
mtkrln23,34,306,11.11111111111111,7,ok
PKT_48,34,306,11.11111111111111,7,ok
sgxh12450,34,306,11.11111111111111,7,ok
sousukezero,34,306,11.11111111111111,7,ok
yanzhkagaya,34,306,11.11111111111111,7,ok
yushi04170223,34,306,11.11111111111111,7,ok
846,34,306,11.11111111111111,6,ok
Ai_hinatsuru_38,34,306,11.11111111111111,6,ok
heeeeeji,34,306,11.11111111111111,6,ok
Jacky,34,306,11.11111111111111,6,ok
julia13mla,34,306,11.11111111111111,6,ok
mizu_hara,34,306,11.11111111111111,6,ok
new_rabbits,34,306,11.11111111111111,6,ok
pronotaiyaki,34,306,11.11111111111111,6,ok
takeyama_P,34,306,11.11111111111111,6,ok
wolf_chrome,34,306,11.11111111111111,6,ok
chama_0821,34,306,11.11111111111111,5,ok
kaibrizzle,34,306,11.11111111111111,5,ok
kasumiflow,34,306,11.11111111111111,5,ok
kenqq2005,34,306,11.11111111111111,5,ok
Kiyoshi_JD,34,306,11.11111111111111,5,ok
LiaKanna,34,306,11.11111111111111,5,ok
miku_moe_1o_o7,34,306,11.11111111111111,5,ok
muttan46,34,306,11.11111111111111,5,ok
nakagawasugane,34,306,11.11111111111111,5,ok
no_llic,34,306,11.11111111111111,5,ok
scarletsc8023,34,306,11.11111111111111,5,ok
shidenotori_,34,306,11.11111111111111,5,ok
TUSLL,34,306,11.11111111111111,5,ok
wruzj9,34,306,11.11111111111111,5,ok
yyyyk__,34,306,11.11111111111111,5,ok
ha_gyou,34,306,11.11111111111111,4,ok
korotanyey,34,306,11.11111111111111,4,ok
kyo59_nar,34,306,11.11111111111111,4,ok
paamen_916,34,306,11.11111111111111,4,ok
PyxisFLAWLESS,34,306,11.11111111111111,4,ok
sakuraayaneru,34,306,11.11111111111111,4,ok
sanduxiyang,34,306,11.11111111111111,4,ok
sendai_1993,34,306,11.11111111111111,4,ok
shoma_0826,34,306,11.11111111111111,4,ok
t0m0k_01,34,306,11.11111111111111,4,ok
tmtm__knm,34,306,11.11111111111111,4,ok
unripeblue,34,306,11.11111111111111,4,ok
Wally_Maki,34,306,11.11111111111111,4,ok
yukki,34,306,11.11111111111111,4,ok
178918Mountain,34,306,11.11111111111111,3,ok
almajillo,34,306,11.11111111111111,3,ok
bayfm7821,34,306,11.11111111111111,3,ok
BITCOIN_USAER,34,306,11.11111111111111,3,ok
energydrink1215,34,306,11.11111111111111,3,ok
garadin_soul,34,306,11.11111111111111,3,ok
ham_Roselia0813,34,306,11.11111111111111,3,ok
hansaijo,34,306,11.11111111111111,3,ok
hoehoe_children,34,306,11.11111111111111,3,ok
kamina_ayato,34,306,11.11111111111111,3,ok
mikio34,34,306,11.11111111111111,3,ok
plmqaz7353,34,306,11.11111111111111,3,ok
saicronmania84,34,306,11.11111111111111,3,ok
9qqac0eB4yLJefi,34,306,11.11111111111111,2,ok
_3SATO_,34,306,11.11111111111111,2,ok
fortnite758368,34,306,11.11111111111111,2,ok
futaba_com,34,306,11.11111111111111,2,ok
manbaenbo,34,306,11.11111111111111,2,ok
mikeneko360,34,306,11.11111111111111,2,ok
qdb048,34,306,11.11111111111111,2,ok
richiesilver,34,306,11.11111111111111,2,ok
Shin_ultrider,34,306,11.11111111111111,2,ok
tsuta,34,306,11.11111111111111,2,ok
VoiGekisiko,34,306,11.11111111111111,2,ok
wondermomoi,34,306,11.11111111111111,2,ok
yy_wai_y,34,306,11.11111111111111,2,ok
SIBA1986,33,306,10.784313725490197,23,ok
mamohor,33,306,10.784313725490197,16,ok
chaso_ykmi,33,306,10.784313725490197,14,ok
masahii10_em,33,306,10.784313725490197,14,ok
zorogou,33,306,10.784313725490197,14,ok
diamonds_NEW,33,306,10.784313725490197,13,ok
k28f37,33,306,10.784313725490197,13,ok
kiriyasyu2,33,306,10.784313725490197,13,ok
kuboyann060,33,306,10.784313725490197,13,ok
otto18782,33,306,10.784313725490197,13,ok
yu_ichi76,33,306,10.784313725490197,13,ok
yuinasu7x11,33,306,10.784313725490197,13,ok
hakumai,33,306,10.784313725490197,12,ok
ho_ri_active,33,306,10.784313725490197,12,ok
massu_1017,33,306,10.784313725490197,12,ok
Tetrao_tetrix,33,306,10.784313725490197,12,ok
yabu_t,33,306,10.784313725490197,12,ok
yoshikomachi226,33,306,10.784313725490197,12,ok
bokkoi,33,306,10.784313725490197,11,ok
King_Arthur_AU,33,306,10.784313725490197,11,ok
nankasan0821,33,306,10.784313725490197,11,ok
negitorozuki,33,306,10.784313725490197,11,ok
417nsu,33,306,10.784313725490197,10,ok
akidukisari,33,306,10.784313725490197,10,ok
clan_mk723,33,306,10.784313725490197,10,ok
HaraIti_Maru,33,306,10.784313725490197,10,ok
nekoya8290,33,306,10.784313725490197,10,ok
nyankoteacher01,33,306,10.784313725490197,10,ok
POLiYuU_HK,33,306,10.784313725490197,10,ok
Ryoshima_Mimori,33,306,10.784313725490197,10,ok
shiki_club192,33,306,10.784313725490197,10,ok
siro_yoda,33,306,10.784313725490197,10,ok
syu4170718,33,306,10.784313725490197,10,ok
tomy061213,33,306,10.784313725490197,10,ok
ysk_1111,33,306,10.784313725490197,10,ok
_t_oorro,33,306,10.784313725490197,9,ok
A092Ya,33,306,10.784313725490197,9,ok
madvsfool,33,306,10.784313725490197,9,ok
nozo_salvage,33,306,10.784313725490197,9,ok
ROZABAN7,33,306,10.784313725490197,9,ok
skyyreyy,33,306,10.784313725490197,9,ok
snake82t,33,306,10.784313725490197,9,ok
tttttkkkkk,33,306,10.784313725490197,9,ok
wasabibikesyo,33,306,10.784313725490197,9,ok
YuRi_N_bou,33,306,10.784313725490197,9,ok
54nnyu,33,306,10.784313725490197,8,ok
aipen_aki,33,306,10.784313725490197,8,ok
Alicemagic_Re,33,306,10.784313725490197,8,ok
FallGuy,33,306,10.784313725490197,8,ok
Hexe_calamity,33,306,10.784313725490197,8,ok
Jorge_Creamy,33,306,10.784313725490197,8,ok
Lu_7L,33,306,10.784313725490197,8,ok
MizunyanPanda,33,306,10.784313725490197,8,ok
mobametarou,33,306,10.784313725490197,8,ok
momo_yrml,33,306,10.784313725490197,8,ok
nimasile,33,306,10.784313725490197,8,ok
refui8070,33,306,10.784313725490197,8,ok
ryotan_lovelive,33,306,10.784313725490197,8,ok
Saber5089,33,306,10.784313725490197,8,ok
SatoruKanzaki,33,306,10.784313725490197,8,ok
sawanow,33,306,10.784313725490197,8,ok
4_yedoensis,33,306,10.784313725490197,7,ok
_harnics,33,306,10.784313725490197,7,ok
alpha_____,33,306,10.784313725490197,7,ok
calpas_meat,33,306,10.784313725490197,7,ok
KingCodeMonkey,33,306,10.784313725490197,7,ok
mochi_taro,33,306,10.784313725490197,7,ok
nonuchan,33,306,10.784313725490197,7,ok
pink_ff99bb,33,306,10.784313725490197,7,ok
sanyonfu,33,306,10.784313725490197,7,ok
snow_snow_white,33,306,10.784313725490197,7,ok
375_shika519,33,306,10.784313725490197,6,ok
airry_s,33,306,10.784313725490197,6,ok
eines_nibanme,33,306,10.784313725490197,6,ok
HONG,33,306,10.784313725490197,6,ok
ibaraki_firefly,33,306,10.784313725490197,6,ok
inorimoti145,33,306,10.784313725490197,6,ok
koharu_shinken,33,306,10.784313725490197,6,ok
littlbursters88,33,306,10.784313725490197,6,ok
microvalues2749,33,306,10.784313725490197,6,ok
minat0____,33,306,10.784313725490197,6,ok
Nao7010,33,306,10.784313725490197,6,ok
re_8131,33,306,10.784313725490197,6,ok
Ruphey_,33,306,10.784313725490197,6,ok
takeba719,33,306,10.784313725490197,6,ok
tky,33,306,10.784313725490197,6,ok
TW_YUG,33,306,10.784313725490197,6,ok
umemi,33,306,10.784313725490197,6,ok
ajtm357,33,306,10.784313725490197,5,ok
bloody_fly,33,306,10.784313725490197,5,ok
h_r_s_P,33,306,10.784313725490197,5,ok
hart0719,33,306,10.784313725490197,5,ok
Kirokusya,33,306,10.784313725490197,5,ok
light_nekm,33,306,10.784313725490197,5,ok
refrainmonators,33,306,10.784313725490197,5,ok
sotohane,33,306,10.784313725490197,5,ok
yamau6104,33,306,10.784313725490197,5,ok
1NE_SS,33,306,10.784313725490197,4,ok
c_limix,33,306,10.784313725490197,4,ok
chongbl123,33,306,10.784313725490197,4,ok
eyalmazuz,33,306,10.784313725490197,4,ok
kanata11281,33,306,10.784313725490197,4,ok
kid94108984,33,306,10.784313725490197,4,ok
mathvent,33,306,10.784313725490197,4,ok
moccos,33,306,10.784313725490197,4,ok
nobreakingTV,33,306,10.784313725490197,4,ok
pazururane,33,306,10.784313725490197,4,ok
Yu_0024_s,33,306,10.784313725490197,4,ok
IMASHIVESLOW,33,306,10.784313725490197,3,ok
JAMnobuin,33,306,10.784313725490197,3,ok
jing04141,33,306,10.784313725490197,3,ok
Kallen9610,33,306,10.784313725490197,3,ok
mokori_xiao,33,306,10.784313725490197,3,ok
Nami_Yama,33,306,10.784313725490197,3,ok
Raii_n,33,306,10.784313725490197,3,ok
Siumai,33,306,10.784313725490197,3,ok
80590809,33,306,10.784313725490197,2,ok
adrenaline7358,33,306,10.784313725490197,2,ok
Aqours_717,33,306,10.784313725490197,2,ok
Asashio,33,306,10.784313725490197,2,ok
Gashikashi3391,33,306,10.784313725490197,2,ok
lancelee_43,33,306,10.784313725490197,2,ok
mdcq2005zgdh,33,306,10.784313725490197,2,ok
morganlefay433,33,306,10.784313725490197,2,ok
ncnotnc879,33,306,10.784313725490197,2,ok
pamppjx,33,306,10.784313725490197,2,ok
stepupdoonuts,33,306,10.784313725490197,2,ok
tsuki27658,33,306,10.784313725490197,2,ok
zonigmonster,33,306,10.784313725490197,2,ok
uttu_0221,32,306,10.457516339869281,19,ok
W62T,32,306,10.457516339869281,18,ok
_naco_ch_,32,306,10.457516339869281,14,ok
rinth,32,306,10.457516339869281,14,ok
ora_to_rio,32,306,10.457516339869281,13,ok
pfm_perc,32,306,10.457516339869281,13,ok
48_abc,32,306,10.457516339869281,12,ok
den_chun,32,306,10.457516339869281,12,ok
k_atmo_ms,32,306,10.457516339869281,12,ok
majyuu1,32,306,10.457516339869281,12,ok
Cshadow_YU,32,306,10.457516339869281,11,ok
ma_ro_n3663,32,306,10.457516339869281,11,ok
Rigel0817,32,306,10.457516339869281,11,ok
Rossa773,32,306,10.457516339869281,11,ok
ta_977,32,306,10.457516339869281,11,ok
2024_3_16,32,306,10.457516339869281,10,ok
______55_______,32,306,10.457516339869281,10,ok
free_kaede_bh5,32,306,10.457516339869281,10,ok
guaca166,32,306,10.457516339869281,10,ok
mugikuro_,32,306,10.457516339869281,10,ok
mutsumutuki,32,306,10.457516339869281,10,ok
OpooooN_117,32,306,10.457516339869281,10,ok
Shaw0313,32,306,10.457516339869281,10,ok
TianHe3,32,306,10.457516339869281,10,ok
32uhiro,32,306,10.457516339869281,9,ok
____ray__,32,306,10.457516339869281,9,ok
cork0305,32,306,10.457516339869281,9,ok
fumi_chocobo,32,306,10.457516339869281,9,ok
g_zk,32,306,10.457516339869281,9,ok
heburooa,32,306,10.457516339869281,9,ok
k_nerurun,32,306,10.457516339869281,9,ok
kaiko_alpha,32,306,10.457516339869281,9,ok
Matsu_MIKAN_327,32,306,10.457516339869281,9,ok
nananaten,32,306,10.457516339869281,9,ok
swtaro22,32,306,10.457516339869281,9,ok
tekkiiiiiii,32,306,10.457516339869281,9,ok
tomakizu,32,306,10.457516339869281,9,ok
yukipsntos,32,306,10.457516339869281,9,ok
aburi,32,306,10.457516339869281,8,ok
bacha_tea,32,306,10.457516339869281,8,ok
cabbagar,32,306,10.457516339869281,8,ok
fury,32,306,10.457516339869281,8,ok
gusl8903,32,306,10.457516339869281,8,ok
HmyTom,32,306,10.457516339869281,8,ok
jalme0206,32,306,10.457516339869281,8,ok
k_zDD_DDz,32,306,10.457516339869281,8,ok
Suginami666,32,306,10.457516339869281,8,ok
tryxis39_moni,32,306,10.457516339869281,8,ok
zjubank,32,306,10.457516339869281,8,ok
blue_blue0408,32,306,10.457516339869281,7,ok
ClearRain,32,306,10.457516339869281,7,ok
cu_msc,32,306,10.457516339869281,7,ok
hiro_06_07_,32,306,10.457516339869281,7,ok
katsugawa,32,306,10.457516339869281,7,ok
nagayuki912,32,306,10.457516339869281,7,ok
panda_official,32,306,10.457516339869281,7,ok
pippi75911374,32,306,10.457516339869281,7,ok
ruki313,32,306,10.457516339869281,7,ok
same_0922,32,306,10.457516339869281,7,ok
satoshi_update,32,306,10.457516339869281,7,ok
yutamil6,32,306,10.457516339869281,7,ok
3kbbxb9,32,306,10.457516339869281,6,ok
akito0907,32,306,10.457516339869281,6,ok
alan,32,306,10.457516339869281,6,ok
Augustus_Kou,32,306,10.457516339869281,6,ok
caya8192,32,306,10.457516339869281,6,ok
kerun_hono_hibi,32,306,10.457516339869281,6,ok
kotonone_sakura,32,306,10.457516339869281,6,ok
mhy_8810,32,306,10.457516339869281,6,ok
saber128,32,306,10.457516339869281,6,ok
shikininsui_111,32,306,10.457516339869281,6,ok
Unison_so,32,306,10.457516339869281,6,ok
0024to,32,306,10.457516339869281,5,ok
96_GaNE_1120,32,306,10.457516339869281,5,ok
___nmnsm,32,306,10.457516339869281,5,ok
dangoworld2019,32,306,10.457516339869281,5,ok
dayesaigao,32,306,10.457516339869281,5,ok
DESTINO,32,306,10.457516339869281,5,ok
dontknowstory2,32,306,10.457516339869281,5,ok
futamu_0118,32,306,10.457516339869281,5,ok
KAMIKAZE,32,306,10.457516339869281,5,ok
light2000H12,32,306,10.457516339869281,5,ok
roxsus,32,306,10.457516339869281,5,ok
saya_murota,32,306,10.457516339869281,5,ok
serie_e,32,306,10.457516339869281,5,ok
SonikkuMan,32,306,10.457516339869281,5,ok
ZERO622,32,306,10.457516339869281,5,ok
1917518143,32,306,10.457516339869281,4,ok
6__2,32,306,10.457516339869281,4,ok
Amhkw,32,306,10.457516339869281,4,ok
ashsaaa,32,306,10.457516339869281,4,ok
emt_bad_kg,32,306,10.457516339869281,4,ok
Futagawa_Nico,32,306,10.457516339869281,4,ok
kumatparch,32,306,10.457516339869281,4,ok
pheebel_wimpe,32,306,10.457516339869281,4,ok
ur_e1,32,306,10.457516339869281,4,ok
1142569012,32,306,10.457516339869281,3,ok
Aitoch_0914,32,306,10.457516339869281,3,ok
anklet_t,32,306,10.457516339869281,3,ok
bbb1,32,306,10.457516339869281,3,ok
cuteandcute,32,306,10.457516339869281,3,ok
ed_inpo,32,306,10.457516339869281,3,ok
f920502,32,306,10.457516339869281,3,ok
frontlinecode,32,306,10.457516339869281,3,ok
k4izka,32,306,10.457516339869281,3,ok
kanadehayami71,32,306,10.457516339869281,3,ok
kimi881007,32,306,10.457516339869281,3,ok
kitsunesiro,32,306,10.457516339869281,3,ok
kongo_nana,32,306,10.457516339869281,3,ok
kzw,32,306,10.457516339869281,3,ok
modengarden,32,306,10.457516339869281,3,ok
nszk_1227,32,306,10.457516339869281,3,ok
oteera1919,32,306,10.457516339869281,3,ok
pondering386925,32,306,10.457516339869281,3,ok
Ry0_0419,32,306,10.457516339869281,3,ok
Saito_Null,32,306,10.457516339869281,3,ok
sakuramchong,32,306,10.457516339869281,3,ok
shunshuno,32,306,10.457516339869281,3,ok
Vfx_Meguri,32,306,10.457516339869281,3,ok
vfx_yami,32,306,10.457516339869281,3,ok
vov_syumiaka,32,306,10.457516339869281,3,ok
yiyiyi252,32,306,10.457516339869281,3,ok
yu10369_1,32,306,10.457516339869281,3,ok
cronoscomproi,32,306,10.457516339869281,2,ok
DUshu,32,306,10.457516339869281,2,ok
Enock,32,306,10.457516339869281,2,ok
hoshiyomi400,32,306,10.457516339869281,2,ok
minatoku_bimajo,32,306,10.457516339869281,2,ok
msmktrrom,32,306,10.457516339869281,2,ok
napstar,32,306,10.457516339869281,2,ok
noirome0603,32,306,10.457516339869281,2,ok
shun__041507,32,306,10.457516339869281,2,ok
rei12321,31,306,10.130718954248366,14,ok
daichan_3,31,306,10.130718954248366,13,ok
inori_trymomo,31,306,10.130718954248366,13,ok
kuri_oyaji,31,306,10.130718954248366,13,ok
kuro70,31,306,10.130718954248366,13,ok
ti4AtKiyVI1vhP7,31,306,10.130718954248366,13,ok
za_funpk,31,306,10.130718954248366,13,ok
donana,31,306,10.130718954248366,12,ok
Kai_taso,31,306,10.130718954248366,12,ok
Magnetorf_LL,31,306,10.130718954248366,12,ok
nonraDiam,31,306,10.130718954248366,12,ok
yasssssuuuu,31,306,10.130718954248366,12,ok
DATEZAKI,31,306,10.130718954248366,11,ok
Jujorous,31,306,10.130718954248366,11,ok
rinrin_0106,31,306,10.130718954248366,11,ok
TMIT77,31,306,10.130718954248366,11,ok
tondol,31,306,10.130718954248366,11,ok
usamimika,31,306,10.130718954248366,11,ok
wafuwafu765,31,306,10.130718954248366,11,ok
yoshi.masuda15,31,306,10.130718954248366,11,ok
yuu445,31,306,10.130718954248366,11,ok
_Shiromeshi,31,306,10.130718954248366,10,ok
BakeNishio_kon,31,306,10.130718954248366,10,ok
gebesu,31,306,10.130718954248366,10,ok
nanashi774,31,306,10.130718954248366,10,ok
Omi_geek,31,306,10.130718954248366,10,ok
submuji,31,306,10.130718954248366,10,ok
syun_tyun,31,306,10.130718954248366,10,ok
task_erk,31,306,10.130718954248366,10,ok
_A_B_Y_S_S_,31,306,10.130718954248366,9,ok
chi_iii7,31,306,10.130718954248366,9,ok
east_east_70,31,306,10.130718954248366,9,ok
ichi8332,31,306,10.130718954248366,9,ok
kurousagianko,31,306,10.130718954248366,9,ok
mn_Ch1,31,306,10.130718954248366,9,ok
nikocute1,31,306,10.130718954248366,9,ok
poriporicream,31,306,10.130718954248366,9,ok
reaon_dreamer,31,306,10.130718954248366,9,ok
sichiya78,31,306,10.130718954248366,9,ok
startngot0,31,306,10.130718954248366,9,ok
y_amad_a,31,306,10.130718954248366,9,ok
yomi_duca,31,306,10.130718954248366,9,ok
yu_isamu,31,306,10.130718954248366,9,ok
Akaringo07,31,306,10.130718954248366,8,ok
Demiee3,31,306,10.130718954248366,8,ok
h_01_08,31,306,10.130718954248366,8,ok
hfkjhchgxtj,31,306,10.130718954248366,8,ok
ksota417,31,306,10.130718954248366,8,ok
kumicho___,31,306,10.130718954248366,8,ok
l05060506r,31,306,10.130718954248366,8,ok
masu_MilaN,31,306,10.130718954248366,8,ok
nazunamoe,31,306,10.130718954248366,8,ok
NVJakN2pZJgkwll,31,306,10.130718954248366,8,ok
Rising_Betsu,31,306,10.130718954248366,8,ok
sumimi2001,31,306,10.130718954248366,8,ok
tikakiti_mikan2,31,306,10.130718954248366,8,ok
Umichakun,31,306,10.130718954248366,8,ok
zam077,31,306,10.130718954248366,8,ok
fuu0430,31,306,10.130718954248366,7,ok
gefell_yd200,31,306,10.130718954248366,7,ok
KM0344,31,306,10.130718954248366,7,ok
minaton070,31,306,10.130718954248366,7,ok
MT75_,31,306,10.130718954248366,7,ok
rojoblanco2,31,306,10.130718954248366,7,ok
seruiru,31,306,10.130718954248366,7,ok
SJ0410,31,306,10.130718954248366,7,ok
srzwyk,31,306,10.130718954248366,7,ok
Sulfur,31,306,10.130718954248366,7,ok
teu_sirupupure,31,306,10.130718954248366,7,ok
y0het,31,306,10.130718954248366,7,ok
yappy7,31,306,10.130718954248366,7,ok
_A_show,31,306,10.130718954248366,6,ok
atpjmtgjmtgjqc,31,306,10.130718954248366,6,ok
fatenosoul,31,306,10.130718954248366,6,ok
hero_c_hdd,31,306,10.130718954248366,6,ok
kero_mihochans,31,306,10.130718954248366,6,ok
kmkireek,31,306,10.130718954248366,6,ok
ManYou,31,306,10.130718954248366,6,ok
Mr_TN43,31,306,10.130718954248366,6,ok
sachi08039,31,306,10.130718954248366,6,ok
smrgdyrn,31,306,10.130718954248366,6,ok
suzuko_Toyful,31,306,10.130718954248366,6,ok
tamSAN_3u,31,306,10.130718954248366,6,ok
xxhani,31,306,10.130718954248366,6,ok
yoko_cha,31,306,10.130718954248366,6,ok
ajhw6d,31,306,10.130718954248366,5,ok
ark_sky,31,306,10.130718954248366,5,ok
east_0417,31,306,10.130718954248366,5,ok
Iorin_suko,31,306,10.130718954248366,5,ok
LIONEL0310029,31,306,10.130718954248366,5,ok
lulu_yoshimura,31,306,10.130718954248366,5,ok
Lynfield15P,31,306,10.130718954248366,5,ok
makulau01,31,306,10.130718954248366,5,ok
mojikun4036,31,306,10.130718954248366,5,ok
mr1_ghd,31,306,10.130718954248366,5,ok
nisshi_nippipi,31,306,10.130718954248366,5,ok
sarara_vati,31,306,10.130718954248366,5,ok
takatsuki_saki,31,306,10.130718954248366,5,ok
Tc205_72_,31,306,10.130718954248366,5,ok
wackedlatex,31,306,10.130718954248366,5,ok
windia,31,306,10.130718954248366,5,ok
yokohamaginbae,31,306,10.130718954248366,5,ok
_m492,31,306,10.130718954248366,4,ok
bigpot,31,306,10.130718954248366,4,ok
dirge_of_swan,31,306,10.130718954248366,4,ok
foreverrikopin,31,306,10.130718954248366,4,ok
hk_a_55,31,306,10.130718954248366,4,ok
Jeffwjpz,31,306,10.130718954248366,4,ok
kento_super,31,306,10.130718954248366,4,ok
littleee12,31,306,10.130718954248366,4,ok
MSKN89,31,306,10.130718954248366,4,ok
N_eru_oO,31,306,10.130718954248366,4,ok
O3u_i_,31,306,10.130718954248366,4,ok
r_03_p,31,306,10.130718954248366,4,ok
sato32a,31,306,10.130718954248366,4,ok
sf_ni45,31,306,10.130718954248366,4,ok
timbitcrumbs,31,306,10.130718954248366,4,ok
tsumri_,31,306,10.130718954248366,4,ok
umataka,31,306,10.130718954248366,4,ok
YCSK31,31,306,10.130718954248366,4,ok
adashima1127,31,306,10.130718954248366,3,ok
c5cef84056ea4ce,31,306,10.130718954248366,3,ok
cyngs202,31,306,10.130718954248366,3,ok
FSXtGM,31,306,10.130718954248366,3,ok
kokonel1216,31,306,10.130718954248366,3,ok
kurenai7779,31,306,10.130718954248366,3,ok
lorinser_user,31,306,10.130718954248366,3,ok
nw,31,306,10.130718954248366,3,ok
R4gunq,31,306,10.130718954248366,3,ok
sotaroxpr99ow,31,306,10.130718954248366,3,ok
szkerts_azk,31,306,10.130718954248366,3,ok
TokiP177,31,306,10.130718954248366,3,ok
TPK_kinako,31,306,10.130718954248366,3,ok
TsUNaMy_WaVe,31,306,10.130718954248366,3,ok
yasuke83,31,306,10.130718954248366,3,ok
_ahirudayo_,31,306,10.130718954248366,2,ok
aniota185azucat,31,306,10.130718954248366,2,ok
Anse1245673,31,306,10.130718954248366,2,ok
arientexi,31,306,10.130718954248366,2,ok
foseto,31,306,10.130718954248366,2,ok
Glitter_Green38,31,306,10.130718954248366,2,ok
Harukanuuna,31,306,10.130718954248366,2,ok
ikaikako,31,306,10.130718954248366,2,ok
kyuuri240,31,306,10.130718954248366,2,ok
Luna2244,31,306,10.130718954248366,2,ok
mw2ghostx,31,306,10.130718954248366,2,ok
n_f__11039,31,306,10.130718954248366,2,ok
N_inst99,31,306,10.130718954248366,2,ok
natsu2ki_strada,31,306,10.130718954248366,2,ok
Nichole_desu,31,306,10.130718954248366,2,ok
numabukuro_81,31,306,10.130718954248366,2,ok
nursenooshigoto,31,306,10.130718954248366,2,ok
pp931756,31,306,10.130718954248366,2,ok
soprano910hrk,31,306,10.130718954248366,2,ok
syun005150,31,306,10.130718954248366,2,ok
teddysam,31,306,10.130718954248366,2,ok
ValCrowd,31,306,10.130718954248366,2,ok
WELL376,31,306,10.130718954248366,2,ok
ken_kanar,30,306,9.803921568627452,16,ok
hato___poppo,30,306,9.803921568627452,15,ok
sora_ray,30,306,9.803921568627452,14,ok
blitz91112,30,306,9.803921568627452,13,ok
capella_us,30,306,9.803921568627452,12,ok
ms_sukoya2,30,306,9.803921568627452,12,ok
Toya_haruka,30,306,9.803921568627452,12,ok
fitter4911,30,306,9.803921568627452,11,ok
himekagero73,30,306,9.803921568627452,11,ok
msnrkbys,30,306,9.803921568627452,11,ok
tsugiiiii44,30,306,9.803921568627452,11,ok
viewmaxstream,30,306,9.803921568627452,11,ok
animethod_0218,30,306,9.803921568627452,10,ok
Durandal_Hida,30,306,9.803921568627452,10,ok
kamenjolno_7,30,306,9.803921568627452,10,ok
sdnk1984,30,306,9.803921568627452,10,ok
Shot_B,30,306,9.803921568627452,10,ok
sub72_gt,30,306,9.803921568627452,10,ok
wantan1227UM,30,306,9.803921568627452,10,ok
dorereHR2725,30,306,9.803921568627452,9,ok
dpp,30,306,9.803921568627452,9,ok
jamjamdx_K,30,306,9.803921568627452,9,ok
kaizo404,30,306,9.803921568627452,9,ok
katsukichi0701,30,306,9.803921568627452,9,ok
kirimaaya_wug,30,306,9.803921568627452,9,ok
komori_amora_P,30,306,9.803921568627452,9,ok
nayu_tin,30,306,9.803921568627452,9,ok
papi3977,30,306,9.803921568627452,9,ok
s_ntkw_anna,30,306,9.803921568627452,9,ok
Satisfaction042,30,306,9.803921568627452,9,ok
viel.drn,30,306,9.803921568627452,9,ok
cookey2000,30,306,9.803921568627452,8,ok
duradura,30,306,9.803921568627452,8,ok
garychu2186,30,306,9.803921568627452,8,ok
kokuto51,30,306,9.803921568627452,8,ok
mc8003f,30,306,9.803921568627452,8,ok
Misakaa,30,306,9.803921568627452,8,ok
negitoro004741,30,306,9.803921568627452,8,ok
new_saksak,30,306,9.803921568627452,8,ok
satoragi177,30,306,9.803921568627452,8,ok
utio_13,30,306,9.803921568627452,8,ok
y_tachibana01,30,306,9.803921568627452,8,ok
yy_imas,30,306,9.803921568627452,8,ok
advanjef,30,306,9.803921568627452,7,ok
Arapaima242,30,306,9.803921568627452,7,ok
flameof8,30,306,9.803921568627452,7,ok
guren_Rui,30,306,9.803921568627452,7,ok
houkago_nig,30,306,9.803921568627452,7,ok
itfsk,30,306,9.803921568627452,7,ok
kajuha_ws,30,306,9.803921568627452,7,ok
kobababa84,30,306,9.803921568627452,7,ok
mimoriisgod,30,306,9.803921568627452,7,ok
ookumaneko_hrk,30,306,9.803921568627452,7,ok
PumpkinPudding,30,306,9.803921568627452,7,ok
ryo_ilillld,30,306,9.803921568627452,7,ok
suparou9705,30,306,9.803921568627452,7,ok
xuewen3939,30,306,9.803921568627452,7,ok
yastrike,30,306,9.803921568627452,7,ok
_dxdy,30,306,9.803921568627452,6,ok
celeconfarmars,30,306,9.803921568627452,6,ok
Feya_UEC18_3,30,306,9.803921568627452,6,ok
hidemomo_jp,30,306,9.803921568627452,6,ok
imgg,30,306,9.803921568627452,6,ok
koba_glowegg,30,306,9.803921568627452,6,ok
kotokebu091213,30,306,9.803921568627452,6,ok
KOTTYPES,30,306,9.803921568627452,6,ok
matsu_bacchus,30,306,9.803921568627452,6,ok
mkmkboo,30,306,9.803921568627452,6,ok
sjun25252,30,306,9.803921568627452,6,ok
taryako_nana,30,306,9.803921568627452,6,ok
tsudeeerA,30,306,9.803921568627452,6,ok
Yo51Ho,30,306,9.803921568627452,6,ok
02648692854,30,306,9.803921568627452,5,ok
abcd9999971,30,306,9.803921568627452,5,ok
car_kankona,30,306,9.803921568627452,5,ok
car_pripara,30,306,9.803921568627452,5,ok
carp5tomoya,30,306,9.803921568627452,5,ok
hana_tumatteru,30,306,9.803921568627452,5,ok
Hanabuta_MNT,30,306,9.803921568627452,5,ok
Kanna718,30,306,9.803921568627452,5,ok
Kaxtsuchin,30,306,9.803921568627452,5,ok
label,30,306,9.803921568627452,5,ok
Luke_Morris,30,306,9.803921568627452,5,ok
Makinawitch,30,306,9.803921568627452,5,ok
makotomakotodc,30,306,9.803921568627452,5,ok
mega_0524,30,306,9.803921568627452,5,ok
MMN_ADRENA,30,306,9.803921568627452,5,ok
ralfx,30,306,9.803921568627452,5,ok
St0714S,30,306,9.803921568627452,5,ok
T1000i0819,30,306,9.803921568627452,5,ok
tales_KYO,30,306,9.803921568627452,5,ok
tsubasa874live,30,306,9.803921568627452,5,ok
05021005_Racuto,30,306,9.803921568627452,4,ok
___s___k___f___,30,306,9.803921568627452,4,ok
Bijun0630,30,306,9.803921568627452,4,ok
chiri_shiro,30,306,9.803921568627452,4,ok
garlic1124,30,306,9.803921568627452,4,ok
H2O30334395,30,306,9.803921568627452,4,ok
ion_ohirune,30,306,9.803921568627452,4,ok
minachi_0824,30,306,9.803921568627452,4,ok
momo_mimokana,30,306,9.803921568627452,4,ok
ParabolicBlue57,30,306,9.803921568627452,4,ok
ri2meister,30,306,9.803921568627452,4,ok
rjtt1634,30,306,9.803921568627452,4,ok
shin1425,30,306,9.803921568627452,4,ok
SpheAki1028Soma,30,306,9.803921568627452,4,ok
taka8305,30,306,9.803921568627452,4,ok
to_you_0427,30,306,9.803921568627452,4,ok
xp00,30,306,9.803921568627452,4,ok
botan357,30,306,9.803921568627452,3,ok
brk6012,30,306,9.803921568627452,3,ok
Charles_0817,30,306,9.803921568627452,3,ok
DZPAPIER,30,306,9.803921568627452,3,ok
hobi9_jgx,30,306,9.803921568627452,3,ok
KoeChD,30,306,9.803921568627452,3,ok
kuountohukouha,30,306,9.803921568627452,3,ok
legalscape,30,306,9.803921568627452,3,ok
loveokcjing,30,306,9.803921568627452,3,ok
lynxii,30,306,9.803921568627452,3,ok
maialankana0420,30,306,9.803921568627452,3,ok
migiten,30,306,9.803921568627452,3,ok
nanjina23,30,306,9.803921568627452,3,ok
orion_0929,30,306,9.803921568627452,3,ok
panic_ciater,30,306,9.803921568627452,3,ok
pinoconina,30,306,9.803921568627452,3,ok
QCBK,30,306,9.803921568627452,3,ok
riversemogage,30,306,9.803921568627452,3,ok
ryobathei00011,30,306,9.803921568627452,3,ok
sengokuguiness,30,306,9.803921568627452,3,ok
shibasana,30,306,9.803921568627452,3,ok
symphogear0701,30,306,9.803921568627452,3,ok
technobreak2311,30,306,9.803921568627452,3,ok
tonsyu1,30,306,9.803921568627452,3,ok
UFOintheHEAVEN,30,306,9.803921568627452,3,ok
Varu_sky,30,306,9.803921568627452,3,ok
you_san_main,30,306,9.803921568627452,3,ok
577yosoro,30,306,9.803921568627452,2,ok
AstralBurn1234,30,306,9.803921568627452,2,ok
ATkokoro,30,306,9.803921568627452,2,ok
blue_encounter,30,306,9.803921568627452,2,ok
carry_on,30,306,9.803921568627452,2,ok
CUTIE_STREET,30,306,9.803921568627452,2,ok
cyberpunk795847,30,306,9.803921568627452,2,ok
dreamilrand9284,30,306,9.803921568627452,2,ok
Gal_025,30,306,9.803921568627452,2,ok
gurayconbine,30,306,9.803921568627452,2,ok
heart__sword,30,306,9.803921568627452,2,ok
hikawanokaogaii,30,306,9.803921568627452,2,ok
HORAREMON,30,306,9.803921568627452,2,ok
kankurou555,30,306,9.803921568627452,2,ok
kenthesage,30,306,9.803921568627452,2,ok
LLyuuki,30,306,9.803921568627452,2,ok
mainbejiter,30,306,9.803921568627452,2,ok
Mediasenter,30,306,9.803921568627452,2,ok
mosaicsmoozer,30,306,9.803921568627452,2,ok
narunaruneet,30,306,9.803921568627452,2,ok
novenber11,30,306,9.803921568627452,2,ok
okustayim,30,306,9.803921568627452,2,ok
paternoster6853,30,306,9.803921568627452,2,ok
purge_hitze912,30,306,9.803921568627452,2,ok
purple4pur,30,306,9.803921568627452,2,ok
raimusyndrome,30,306,9.803921568627452,2,ok
ramenman,30,306,9.803921568627452,2,ok
ran_Shibuki_803,30,306,9.803921568627452,2,ok
rinsan45128,30,306,9.803921568627452,2,ok
ShuiguaiX35536,30,306,9.803921568627452,2,ok
sonicmove,30,306,9.803921568627452,2,ok
victimwoman,30,306,9.803921568627452,2,ok
Voltagenassense,30,306,9.803921568627452,2,ok
xxxx,30,306,9.803921568627452,2,ok
xzc92775,30,306,9.803921568627452,2,ok
Nerimaki,29,306,9.477124183006536,22,ok
Yasu4715,29,306,9.477124183006536,16,ok
medesu,29,306,9.477124183006536,14,ok
9029y,29,306,9.477124183006536,13,ok
alice_mai,29,306,9.477124183006536,13,ok
honotan0303,29,306,9.477124183006536,12,ok
mugi_joltaso,29,306,9.477124183006536,12,ok
yuukikun0422,29,306,9.477124183006536,12,ok
_kb_u3,29,306,9.477124183006536,11,ok
garbej12,29,306,9.477124183006536,11,ok
Mister_508,29,306,9.477124183006536,11,ok
ray_525,29,306,9.477124183006536,11,ok
showing_sub,29,306,9.477124183006536,11,ok
WD_Tuber_120606,29,306,9.477124183006536,11,ok
dj_m_,29,306,9.477124183006536,10,ok
iRis_pri_exe,29,306,9.477124183006536,10,ok
lucht217,29,306,9.477124183006536,10,ok
moonworks_nrl,29,306,9.477124183006536,10,ok
roadmom9box,29,306,9.477124183006536,10,ok
soyukipo24,29,306,9.477124183006536,10,ok
taii_mitsu,29,306,9.477124183006536,10,ok
wolfsjail,29,306,9.477124183006536,10,ok
xxchasexxx,29,306,9.477124183006536,10,ok
chrysaor7,29,306,9.477124183006536,9,ok
itijolno2799,29,306,9.477124183006536,9,ok
mameccok,29,306,9.477124183006536,9,ok
monana3,29,306,9.477124183006536,9,ok
piyopiyo,29,306,9.477124183006536,9,ok
porinntonn,29,306,9.477124183006536,9,ok
reflectias,29,306,9.477124183006536,9,ok
rinriniym,29,306,9.477124183006536,9,ok
ryo4400nana,29,306,9.477124183006536,9,ok
takumimorin,29,306,9.477124183006536,9,ok
tirorin_0612,29,306,9.477124183006536,9,ok
type_zassyoku,29,306,9.477124183006536,9,ok
yamage1008,29,306,9.477124183006536,9,ok
yaubai,29,306,9.477124183006536,9,ok
2gundamRx78,29,306,9.477124183006536,8,ok
3d2,29,306,9.477124183006536,8,ok
decuple,29,306,9.477124183006536,8,ok
euroheat155,29,306,9.477124183006536,8,ok
FormuIa91,29,306,9.477124183006536,8,ok
fubin0625,29,306,9.477124183006536,8,ok
fufu1455_,29,306,9.477124183006536,8,ok
greenbirdex,29,306,9.477124183006536,8,ok
guradora,29,306,9.477124183006536,8,ok
hantsuki,29,306,9.477124183006536,8,ok
hbk,29,306,9.477124183006536,8,ok
KA_CoLA,29,306,9.477124183006536,8,ok
krepanchi02,29,306,9.477124183006536,8,ok
mochi_ria,29,306,9.477124183006536,8,ok
shinikenshi,29,306,9.477124183006536,8,ok
te6_terin,29,306,9.477124183006536,8,ok
wishfeather27,29,306,9.477124183006536,8,ok
wongsiriru,29,306,9.477124183006536,8,ok
0516ao,29,306,9.477124183006536,7,ok
Gipsy_Rainy,29,306,9.477124183006536,7,ok
ikkenn2,29,306,9.477124183006536,7,ok
katori_Liella,29,306,9.477124183006536,7,ok
kshen02,29,306,9.477124183006536,7,ok
mangooo,29,306,9.477124183006536,7,ok
MiRuHi_S,29,306,9.477124183006536,7,ok
mld0bIm,29,306,9.477124183006536,7,ok
r_nyahaha,29,306,9.477124183006536,7,ok
ryui,29,306,9.477124183006536,7,ok
sean_mamoru2112,29,306,9.477124183006536,7,ok
senpiya,29,306,9.477124183006536,7,ok
tanakatosio,29,306,9.477124183006536,7,ok
wtpmjgdabehkn,29,306,9.477124183006536,7,ok
ZUSHIN,29,306,9.477124183006536,7,ok
12sh_uy,29,306,9.477124183006536,6,ok
fate0119_,29,306,9.477124183006536,6,ok
ichikin24,29,306,9.477124183006536,6,ok
inashin02,29,306,9.477124183006536,6,ok
konohitodenasii,29,306,9.477124183006536,6,ok
namtamgo_72,29,306,9.477124183006536,6,ok
rin_1101B,29,306,9.477124183006536,6,ok
saklottolo,29,306,9.477124183006536,6,ok
signum333,29,306,9.477124183006536,6,ok
Yossi_Yossi,29,306,9.477124183006536,6,ok
0Il_Ixi,29,306,9.477124183006536,5,ok
_Xtk52,29,306,9.477124183006536,5,ok
aansail,29,306,9.477124183006536,5,ok
fakedownkim,29,306,9.477124183006536,5,ok
Haze315,29,306,9.477124183006536,5,ok
momokan_0323,29,306,9.477124183006536,5,ok
Nijinatsu331,29,306,9.477124183006536,5,ok
otsu_kananchu,29,306,9.477124183006536,5,ok
Qvb45X,29,306,9.477124183006536,5,ok
Sound_Box,29,306,9.477124183006536,5,ok
tetsu_koro_pc,29,306,9.477124183006536,5,ok
tyokon1280,29,306,9.477124183006536,5,ok
vvagashi,29,306,9.477124183006536,5,ok
yoshitoki_taso,29,306,9.477124183006536,5,ok
abcd0153486jp,29,306,9.477124183006536,4,ok
GSVHarbert,29,306,9.477124183006536,4,ok
HappyDive77,29,306,9.477124183006536,4,ok
jackbompson,29,306,9.477124183006536,4,ok
jirijiri,29,306,9.477124183006536,4,ok
kmiy_168,29,306,9.477124183006536,4,ok
Motiganai,29,306,9.477124183006536,4,ok
Nakisha16huang,29,306,9.477124183006536,4,ok
non_2777,29,306,9.477124183006536,4,ok
saku19667,29,306,9.477124183006536,4,ok
strikerdrago,29,306,9.477124183006536,4,ok
wool_kaza,29,306,9.477124183006536,4,ok
_No1R,29,306,9.477124183006536,3,ok
aki__tea,29,306,9.477124183006536,3,ok
carrot_akn,29,306,9.477124183006536,3,ok
com,29,306,9.477124183006536,3,ok
Constantin,29,306,9.477124183006536,3,ok
DAV0613,29,306,9.477124183006536,3,ok
dragonpong2002,29,306,9.477124183006536,3,ok
Emuenu_Feb,29,306,9.477124183006536,3,ok
gomagjmga,29,306,9.477124183006536,3,ok
hariiruka,29,306,9.477124183006536,3,ok
Hono9ma,29,306,9.477124183006536,3,ok
kto87,29,306,9.477124183006536,3,ok
leporinae8964,29,306,9.477124183006536,3,ok
m_sir00,29,306,9.477124183006536,3,ok
maaya_taso,29,306,9.477124183006536,3,ok
Mizuki_Ichigaya,29,306,9.477124183006536,3,ok
nanasemaru,29,306,9.477124183006536,3,ok
nas_0903,29,306,9.477124183006536,3,ok
nyaaaaankick,29,306,9.477124183006536,3,ok
pino_kamome,29,306,9.477124183006536,3,ok
Reno_Rokka,29,306,9.477124183006536,3,ok
SHINxCO,29,306,9.477124183006536,3,ok
sieda723,29,306,9.477124183006536,3,ok
SltystGm3110,29,306,9.477124183006536,3,ok
steevenasain,29,306,9.477124183006536,3,ok
taozimeijiuyeguangbei,29,306,9.477124183006536,3,ok
tekken_god22,29,306,9.477124183006536,3,ok
Tsubasa,29,306,9.477124183006536,3,ok
wlcjsfud,29,306,9.477124183006536,3,ok
xzanadew779,29,306,9.477124183006536,3,ok
015qoo,29,306,9.477124183006536,2,ok
6600kiyoshi_2,29,306,9.477124183006536,2,ok
874_mix,29,306,9.477124183006536,2,ok
_Kente,29,306,9.477124183006536,2,ok
C3fUm,29,306,9.477124183006536,2,ok
cathsung,29,306,9.477124183006536,2,ok
haarlchv,29,306,9.477124183006536,2,ok
Hibikin,29,306,9.477124183006536,2,ok
imosann,29,306,9.477124183006536,2,ok
Iro_yoha29,29,306,9.477124183006536,2,ok
jl2dx,29,306,9.477124183006536,2,ok
junison912,29,306,9.477124183006536,2,ok
kbsu0553,29,306,9.477124183006536,2,ok
ke05ntok,29,306,9.477124183006536,2,ok
konome_,29,306,9.477124183006536,2,ok
minato_1212_,29,306,9.477124183006536,2,ok
nico_i_lohas,29,306,9.477124183006536,2,ok
nico_walkbear,29,306,9.477124183006536,2,ok
nutella_prod,29,306,9.477124183006536,2,ok
pkn_q8,29,306,9.477124183006536,2,ok
pyua12,29,306,9.477124183006536,2,ok
RSN,29,306,9.477124183006536,2,ok
ryun__ta,29,306,9.477124183006536,2,ok
saya54_,29,306,9.477124183006536,2,ok
shingood98,29,306,9.477124183006536,2,ok
sparklepipsi,29,306,9.477124183006536,2,ok
tmHego_,29,306,9.477124183006536,2,ok
toaru_chu,29,306,9.477124183006536,2,ok
y8Qc5yyAyU7rFFT,29,306,9.477124183006536,2,ok
ya0201ay,29,306,9.477124183006536,2,ok
YazawaMaki_,29,306,9.477124183006536,2,ok
aimu_yd1830,29,306,9.477124183006536,1,ok
Ashe,29,306,9.477124183006536,1,ok
Ashe0519,29,306,9.477124183006536,1,ok
christmas725,29,306,9.477124183006536,1,ok
hitomal1100,29,306,9.477124183006536,1,ok
miyabi_precure,29,306,9.477124183006536,1,ok
nibvZEAyKY6v8OG,29,306,9.477124183006536,1,ok
sa_0710,29,306,9.477124183006536,1,ok
saodakeya39,29,306,9.477124183006536,1,ok
Roselite0118,28,306,9.15032679738562,16,ok
val_1091,28,306,9.15032679738562,15,ok
2ndrod,28,306,9.15032679738562,13,ok
53_tokn_so,28,306,9.15032679738562,13,ok
alcohol_mikan,28,306,9.15032679738562,12,ok
brian_0828,28,306,9.15032679738562,12,ok
Dshiki_0314,28,306,9.15032679738562,12,ok
1u_na,28,306,9.15032679738562,11,ok
cure_cus,28,306,9.15032679738562,11,ok
hematitepmll,28,306,9.15032679738562,11,ok
yukiringo_m,28,306,9.15032679738562,11,ok
F_sakusaku,28,306,9.15032679738562,10,ok
ikuyasam_k,28,306,9.15032679738562,10,ok
jastice0216,28,306,9.15032679738562,10,ok
rinosuke,28,306,9.15032679738562,10,ok
rokumusai,28,306,9.15032679738562,10,ok
T_Zenpai,28,306,9.15032679738562,10,ok
tatti5,28,306,9.15032679738562,10,ok
airdochitose,28,306,9.15032679738562,9,ok
amenoasa.kiri,28,306,9.15032679738562,9,ok
AyaseFbg75,28,306,9.15032679738562,9,ok
citrus_098,28,306,9.15032679738562,9,ok
event_fairy,28,306,9.15032679738562,9,ok
izoona_82se,28,306,9.15032679738562,9,ok
kazusora0920,28,306,9.15032679738562,9,ok
koki_trysail417,28,306,9.15032679738562,9,ok
Lion0513515230,28,306,9.15032679738562,9,ok
skedan7black,28,306,9.15032679738562,9,ok
teetee701kann,28,306,9.15032679738562,9,ok
tokimeki_golem,28,306,9.15032679738562,9,ok
tttksph,28,306,9.15032679738562,9,ok
yunfei,28,306,9.15032679738562,9,ok
277,28,306,9.15032679738562,8,ok
_se77_,28,306,9.15032679738562,8,ok
ABlover_kz,28,306,9.15032679738562,8,ok
ajikitch,28,306,9.15032679738562,8,ok
Caad8Onkt,28,306,9.15032679738562,8,ok
chronos,28,306,9.15032679738562,8,ok
fas_hayato,28,306,9.15032679738562,8,ok
hartmaann112,28,306,9.15032679738562,8,ok
kaigm_ohana,28,306,9.15032679738562,8,ok
kaimps51_1,28,306,9.15032679738562,8,ok
mdop288,28,306,9.15032679738562,8,ok
mocho_rojin,28,306,9.15032679738562,8,ok
mzhzh,28,306,9.15032679738562,8,ok
nzhzpr,28,306,9.15032679738562,8,ok
ogatti_tan,28,306,9.15032679738562,8,ok
orangerwby,28,306,9.15032679738562,8,ok
shirakawa_sei,28,306,9.15032679738562,8,ok
sojyu_bot,28,306,9.15032679738562,8,ok
ybdo,28,306,9.15032679738562,8,ok
_koh_itoh_,28,306,9.15032679738562,7,ok
bkr_aimi,28,306,9.15032679738562,7,ok
chocolatenuts,28,306,9.15032679738562,7,ok
masaglay,28,306,9.15032679738562,7,ok
oboro_ede_,28,306,9.15032679738562,7,ok
oldpier,28,306,9.15032679738562,7,ok
pookyppee,28,306,9.15032679738562,7,ok
saten3333,28,306,9.15032679738562,7,ok
ue_inorin,28,306,9.15032679738562,7,ok
AobaSuki,28,306,9.15032679738562,6,ok
emoringadaisuki,28,306,9.15032679738562,6,ok
eventer_pla,28,306,9.15032679738562,6,ok
fuyu_cue,28,306,9.15032679738562,6,ok
gasu_y,28,306,9.15032679738562,6,ok
genmori,28,306,9.15032679738562,6,ok
kou_eventer,28,306,9.15032679738562,6,ok
koufx_e93LSD,28,306,9.15032679738562,6,ok
kutenruli,28,306,9.15032679738562,6,ok
maron313,28,306,9.15032679738562,6,ok
micchi_nm7,28,306,9.15032679738562,6,ok
pe_toms136,28,306,9.15032679738562,6,ok
plus_k,28,306,9.15032679738562,6,ok
RiN0715,28,306,9.15032679738562,6,ok
SkY_Cazityl,28,306,9.15032679738562,6,ok
yomogimochiLL,28,306,9.15032679738562,6,ok
zenki_S0U,28,306,9.15032679738562,6,ok
abc29427326,28,306,9.15032679738562,5,ok
gochiusa0410,28,306,9.15032679738562,5,ok
gs2123,28,306,9.15032679738562,5,ok
hokkorikka,28,306,9.15032679738562,5,ok
k4blammo,28,306,9.15032679738562,5,ok
LoveLivetrain32,28,306,9.15032679738562,5,ok
maccha_gelato,28,306,9.15032679738562,5,ok
MIN_kk07,28,306,9.15032679738562,5,ok
neg_enroute,28,306,9.15032679738562,5,ok
PeriPeri,28,306,9.15032679738562,5,ok
Ryan,28,306,9.15032679738562,5,ok
SmilingSpiral,28,306,9.15032679738562,5,ok
totalpiper,28,306,9.15032679738562,5,ok
Wizongod,28,306,9.15032679738562,5,ok
Yes_lulucan,28,306,9.15032679738562,5,ok
yluidsaai417,28,306,9.15032679738562,5,ok
yushi_star,28,306,9.15032679738562,5,ok
Akaihosh5950,28,306,9.15032679738562,4,ok
akiiishiii,28,306,9.15032679738562,4,ok
BACH,28,306,9.15032679738562,4,ok
bell9201,28,306,9.15032679738562,4,ok
Ikazuchis_diary,28,306,9.15032679738562,4,ok
kinorikin,28,306,9.15032679738562,4,ok
kokusin_umi,28,306,9.15032679738562,4,ok
Neophilia,28,306,9.15032679738562,4,ok
no_llic_,28,306,9.15032679738562,4,ok
repineviolet,28,306,9.15032679738562,4,ok
s0405,28,306,9.15032679738562,4,ok
shiraitodai_hs,28,306,9.15032679738562,4,ok
Shu_12S,28,306,9.15032679738562,4,ok
starlight_nanjo,28,306,9.15032679738562,4,ok
vol1034,28,306,9.15032679738562,4,ok
Yankee9837,28,306,9.15032679738562,4,ok
1585350653,28,306,9.15032679738562,3,ok
a12582002,28,306,9.15032679738562,3,ok
K4zuhira_kun,28,306,9.15032679738562,3,ok
lcrbreaker,28,306,9.15032679738562,3,ok
miyabitt_0302,28,306,9.15032679738562,3,ok
miyakuni_akari,28,306,9.15032679738562,3,ok
mok9096,28,306,9.15032679738562,3,ok
pockyG89,28,306,9.15032679738562,3,ok
ppElisha219,28,306,9.15032679738562,3,ok
subtract_x,28,306,9.15032679738562,3,ok
suika_games,28,306,9.15032679738562,3,ok
yo2p,28,306,9.15032679738562,3,ok
zyszys1234,28,306,9.15032679738562,3,ok
2567646130,28,306,9.15032679738562,2,ok
auther77,28,306,9.15032679738562,2,ok
c25423,28,306,9.15032679738562,2,ok
himajin009a,28,306,9.15032679738562,2,ok
keynu0117,28,306,9.15032679738562,2,ok
maron,28,306,9.15032679738562,2,ok
nakonakoyaaa,28,306,9.15032679738562,2,ok
RanTk,28,306,9.15032679738562,2,ok
Taz926Taz,28,306,9.15032679738562,2,ok
umaumaiy,28,306,9.15032679738562,2,ok
yangyunying258,28,306,9.15032679738562,2,ok
yoshi85174869,28,306,9.15032679738562,2,ok
yui1997_c,28,306,9.15032679738562,2,ok
zhxhfl0309,28,306,9.15032679738562,2,ok
cocoranchi,27,306,8.823529411764707,15,ok
bgpyb775,27,306,8.823529411764707,14,ok
kin0nik,27,306,8.823529411764707,13,ok
swiminthewaterwata,27,306,8.823529411764707,13,ok
matchan1093,27,306,8.823529411764707,12,ok
pbqbl,27,306,8.823529411764707,12,ok
Youjyo_Daisuki,27,306,8.823529411764707,12,ok
Z_ivent,27,306,8.823529411764707,12,ok
Clarafa__,27,306,8.823529411764707,11,ok
gomgom0712,27,306,8.823529411764707,11,ok
Ima_bh02,27,306,8.823529411764707,11,ok
inago_773,27,306,8.823529411764707,11,ok
kotoriechika,27,306,8.823529411764707,11,ok
nagi_t0716,27,306,8.823529411764707,11,ok
ruwebs,27,306,8.823529411764707,11,ok
takdrive,27,306,8.823529411764707,11,ok
tashmello,27,306,8.823529411764707,11,ok
yuki_r,27,306,8.823529411764707,11,ok
Aliveshizu_sk,27,306,8.823529411764707,10,ok
beshi502,27,306,8.823529411764707,10,ok
Cory_doras_yk,27,306,8.823529411764707,10,ok
dokuromima,27,306,8.823529411764707,10,ok
gudo_n_,27,306,8.823529411764707,10,ok
Lequipe_,27,306,8.823529411764707,10,ok
lovelive_252520,27,306,8.823529411764707,10,ok
minicbm,27,306,8.823529411764707,10,ok
nanoni_kana,27,306,8.823529411764707,10,ok
omutti21,27,306,8.823529411764707,10,ok
rakugaki8177_1,27,306,8.823529411764707,10,ok
shsmta,27,306,8.823529411764707,10,ok
takahina17,27,306,8.823529411764707,10,ok
BambooRider85,27,306,8.823529411764707,9,ok
cesario_7,27,306,8.823529411764707,9,ok
fuji_jolno,27,306,8.823529411764707,9,ok
kirarinriki,27,306,8.823529411764707,9,ok
kunonon,27,306,8.823529411764707,9,ok
roiti333,27,306,8.823529411764707,9,ok
SGSWfumi,27,306,8.823529411764707,9,ok
taa_minori,27,306,8.823529411764707,9,ok
wantan745,27,306,8.823529411764707,9,ok
1998100324yu,27,306,8.823529411764707,8,ok
bw_pak,27,306,8.823529411764707,8,ok
CheGaTac,27,306,8.823529411764707,8,ok
deep_purpooo,27,306,8.823529411764707,8,ok
gadget_try,27,306,8.823529411764707,8,ok
hirabaru_hi17,27,306,8.823529411764707,8,ok
jimmy___,27,306,8.823529411764707,8,ok
LiK_BUH1018,27,306,8.823529411764707,8,ok
rodopedoro,27,306,8.823529411764707,8,ok
rogela_backup,27,306,8.823529411764707,8,ok
s_sayama,27,306,8.823529411764707,8,ok
sun373,27,306,8.823529411764707,8,ok
tsumg07_02,27,306,8.823529411764707,8,ok
yamao_0023,27,306,8.823529411764707,8,ok
zoll0127,27,306,8.823529411764707,8,ok
gachikoi_yameta,27,306,8.823529411764707,7,ok
hakoniwanohero,27,306,8.823529411764707,7,ok
hatarakukuruma,27,306,8.823529411764707,7,ok
kimuroute,27,306,8.823529411764707,7,ok
kinoshitafreedom,27,306,8.823529411764707,7,ok
kochibiki7_25,27,306,8.823529411764707,7,ok
Kuwai_mrmr,27,306,8.823529411764707,7,ok
mapoooun,27,306,8.823529411764707,7,ok
tamai526,27,306,8.823529411764707,7,ok
yuki_ernie,27,306,8.823529411764707,7,ok
yuremitu_1341,27,306,8.823529411764707,7,ok
1998again,27,306,8.823529411764707,6,ok
54mi_j,27,306,8.823529411764707,6,ok
8ri510tommy,27,306,8.823529411764707,6,ok
cello_GOSHI,27,306,8.823529411764707,6,ok
emo_eupho,27,306,8.823529411764707,6,ok
jpoprocknroll,27,306,8.823529411764707,6,ok
luke_T_horizon,27,306,8.823529411764707,6,ok
minmin01201,27,306,8.823529411764707,6,ok
naota7,27,306,8.823529411764707,6,ok
pencase65,27,306,8.823529411764707,6,ok
ringaring122,27,306,8.823529411764707,6,ok
supaida_maltu,27,306,8.823529411764707,6,ok
tumoni,27,306,8.823529411764707,6,ok
vicuna8585,27,306,8.823529411764707,6,ok
373_Gir_Synph,27,306,8.823529411764707,5,ok
after____school,27,306,8.823529411764707,5,ok
Airflow07F,27,306,8.823529411764707,5,ok
Festa22Ll,27,306,8.823529411764707,5,ok
foulballcatch,27,306,8.823529411764707,5,ok
hinokihijiri,27,306,8.823529411764707,5,ok
kashipesan,27,306,8.823529411764707,5,ok
katoken_yryr,27,306,8.823529411764707,5,ok
okano000170,27,306,8.823529411764707,5,ok
sion_0316,27,306,8.823529411764707,5,ok
TAK_koubaibu,27,306,8.823529411764707,5,ok
tensei_0su4,27,306,8.823529411764707,5,ok
alpaca,27,306,8.823529411764707,4,ok
aokabi_111,27,306,8.823529411764707,4,ok
boumidori,27,306,8.823529411764707,4,ok
fuuta6212,27,306,8.823529411764707,4,ok
hdhdsuusowlEhxg,27,306,8.823529411764707,4,ok
huangtongzhou0601,27,306,8.823529411764707,4,ok
i_moyashi0114,27,306,8.823529411764707,4,ok
Johan062,27,306,8.823529411764707,4,ok
konbanwug,27,306,8.823529411764707,4,ok
Kyo_gp1203,27,306,8.823529411764707,4,ok
marines963,27,306,8.823529411764707,4,ok
meepok,27,306,8.823529411764707,4,ok
nomistar_keionT,27,306,8.823529411764707,4,ok
passion_head,27,306,8.823529411764707,4,ok
rankojansi,27,306,8.823529411764707,4,ok
shane_kt,27,306,8.823529411764707,4,ok
The_late_Lock,27,306,8.823529411764707,4,ok
tszman0705,27,306,8.823529411764707,4,ok
yabaiyatsuCHIRI,27,306,8.823529411764707,4,ok
ynr,27,306,8.823529411764707,4,ok
yoka,27,306,8.823529411764707,4,ok
yu_kiririn,27,306,8.823529411764707,4,ok
763barikan,27,306,8.823529411764707,3,ok
7th_dark,27,306,8.823529411764707,3,ok
BlazingKINTAMA,27,306,8.823529411764707,3,ok
boba12,27,306,8.823529411764707,3,ok
Hataku,27,306,8.823529411764707,3,ok
Hayato,27,306,8.823529411764707,3,ok
kitashirakawa,27,306,8.823529411764707,3,ok
kokoro,27,306,8.823529411764707,3,ok
LeonBBG,27,306,8.823529411764707,3,ok
m999,27,306,8.823529411764707,3,ok
odachi_0812,27,306,8.823529411764707,3,ok
ohboke_koboke,27,306,8.823529411764707,3,ok
orng_RG450,27,306,8.823529411764707,3,ok
osakashizuku,27,306,8.823529411764707,3,ok
reina_syuki,27,306,8.823529411764707,3,ok
reirako0,27,306,8.823529411764707,3,ok
Rim_n3,27,306,8.823529411764707,3,ok
Roselia_raa,27,306,8.823529411764707,3,ok
Ss_7777,27,306,8.823529411764707,3,ok
teitoku_sphere,27,306,8.823529411764707,3,ok
tomoz_electric,27,306,8.823529411764707,3,ok
TOYAMA_KANAHO,27,306,8.823529411764707,3,ok
TRIALDANCE,27,306,8.823529411764707,3,ok
wert1027,27,306,8.823529411764707,3,ok
1588_568,27,306,8.823529411764707,2,ok
aiken_ADMSN,27,306,8.823529411764707,2,ok
charlie_tw_,27,306,8.823529411764707,2,ok
cockkawasaki,27,306,8.823529411764707,2,ok
docter_G,27,306,8.823529411764707,2,ok
edajimahei8,27,306,8.823529411764707,2,ok
enjoy_your_life,27,306,8.823529411764707,2,ok
hamaaaaan,27,306,8.823529411764707,2,ok
Kazayaman_K,27,306,8.823529411764707,2,ok
KIGUNASU193726,27,306,8.823529411764707,2,ok
kuroutolinegoe,27,306,8.823529411764707,2,ok
liuzhenwang54188,27,306,8.823529411764707,2,ok
ludovic_giuly,27,306,8.823529411764707,2,ok
massulme,27,306,8.823529411764707,2,ok
Matsuura_HPT,27,306,8.823529411764707,2,ok
maya1125nyan,27,306,8.823529411764707,2,ok
Michel_coda_836,27,306,8.823529411764707,2,ok
mmrin220,27,306,8.823529411764707,2,ok
mozuku513,27,306,8.823529411764707,2,ok
naoseven2,27,306,8.823529411764707,2,ok
neiborhesfood,27,306,8.823529411764707,2,ok
nkmrdiskd,27,306,8.823529411764707,2,ok
nnkoai_BD,27,306,8.823529411764707,2,ok
OS08265590,27,306,8.823529411764707,2,ok
pinkapplepie,27,306,8.823529411764707,2,ok
Rensumisu_maaya,27,306,8.823529411764707,2,ok
reo_0814,27,306,8.823529411764707,2,ok
SEKAINOYAZAWA12,27,306,8.823529411764707,2,ok
superpig520,27,306,8.823529411764707,2,ok
totoriott3,27,306,8.823529411764707,2,ok
UZ_chino,27,306,8.823529411764707,2,ok
yogibobox6015,27,306,8.823529411764707,2,ok
zanbot_br,27,306,8.823529411764707,2,ok
kotori7676,26,306,8.49673202614379,13,ok
warabi4U,26,306,8.49673202614379,12,ok
0t4q0,26,306,8.49673202614379,11,ok
hahoukensi,26,306,8.49673202614379,11,ok
Kubi__Neck__,26,306,8.49673202614379,11,ok
ms_sukoya,26,306,8.49673202614379,11,ok
podofa,26,306,8.49673202614379,11,ok
tensandayo,26,306,8.49673202614379,11,ok
tsuka0120tsuka,26,306,8.49673202614379,11,ok
WotaOtaRoisu,26,306,8.49673202614379,11,ok
ak0211,26,306,8.49673202614379,10,ok
arutatsu,26,306,8.49673202614379,10,ok
bckneat,26,306,8.49673202614379,10,ok
bok9n,26,306,8.49673202614379,10,ok
Dan_0709,26,306,8.49673202614379,10,ok
djk_eso,26,306,8.49673202614379,10,ok
hiderinp,26,306,8.49673202614379,10,ok
jima712,26,306,8.49673202614379,10,ok
masakisin555,26,306,8.49673202614379,10,ok
miho_858,26,306,8.49673202614379,10,ok
nana7suzuko,26,306,8.49673202614379,10,ok
nukohope,26,306,8.49673202614379,10,ok
_ChqtoRa_,26,306,8.49673202614379,9,ok
janshi7tohmatsu,26,306,8.49673202614379,9,ok
K0421Aki,26,306,8.49673202614379,9,ok
laphroig_10,26,306,8.49673202614379,9,ok
MALMUNIA,26,306,8.49673202614379,9,ok
mnmris,26,306,8.49673202614379,9,ok
orangelagoon17,26,306,8.49673202614379,9,ok
ozone_milkytom,26,306,8.49673202614379,9,ok
SKY_844,26,306,8.49673202614379,9,ok
chalto0422,26,306,8.49673202614379,8,ok
eritatw,26,306,8.49673202614379,8,ok
hide_joule,26,306,8.49673202614379,8,ok
kazuki29,26,306,8.49673202614379,8,ok
kazuyuki_orange,26,306,8.49673202614379,8,ok
kikizakuzaku,26,306,8.49673202614379,8,ok
Kyojyu0929,26,306,8.49673202614379,8,ok
m_beer_mug,26,306,8.49673202614379,8,ok
piyo_2angel,26,306,8.49673202614379,8,ok
satais_0128,26,306,8.49673202614379,8,ok
schfesact,26,306,8.49673202614379,8,ok
secresan,26,306,8.49673202614379,8,ok
yamatosuky,26,306,8.49673202614379,8,ok
180,26,306,8.49673202614379,7,ok
atohsiakusa,26,306,8.49673202614379,7,ok
Azure,26,306,8.49673202614379,7,ok
channel,26,306,8.49673202614379,7,ok
dis_se,26,306,8.49673202614379,7,ok
ILL327,26,306,8.49673202614379,7,ok
itkq,26,306,8.49673202614379,7,ok
jk900157,26,306,8.49673202614379,7,ok
KGO1119,26,306,8.49673202614379,7,ok
kite_gaogaigar,26,306,8.49673202614379,7,ok
konoha_sin,26,306,8.49673202614379,7,ok
la_incudine,26,306,8.49673202614379,7,ok
ryousuke_neko,26,306,8.49673202614379,7,ok
takemodoki,26,306,8.49673202614379,7,ok
xlucia,26,306,8.49673202614379,7,ok
abcben001,26,306,8.49673202614379,6,ok
fanta_ADV,26,306,8.49673202614379,6,ok
fufu1455,26,306,8.49673202614379,6,ok
hoduee,26,306,8.49673202614379,6,ok
iivvyy0102,26,306,8.49673202614379,6,ok
JogTakahiro08,26,306,8.49673202614379,6,ok
Judger,26,306,8.49673202614379,6,ok
koba3,26,306,8.49673202614379,6,ok
KOHmilP,26,306,8.49673202614379,6,ok
mog765,26,306,8.49673202614379,6,ok
mysister398,26,306,8.49673202614379,6,ok
rozetta_357,26,306,8.49673202614379,6,ok
sawayaka_kinryu,26,306,8.49673202614379,6,ok
shoP_lovelymint,26,306,8.49673202614379,6,ok
yucha_yuicom,26,306,8.49673202614379,6,ok
zanmai77,26,306,8.49673202614379,6,ok
1moy,26,306,8.49673202614379,5,ok
banitoon,26,306,8.49673202614379,5,ok
dongxian,26,306,8.49673202614379,5,ok
fhdow_s,26,306,8.49673202614379,5,ok
Gawacha_,26,306,8.49673202614379,5,ok
hiyocho1993,26,306,8.49673202614379,5,ok
hungryharapeko,26,306,8.49673202614379,5,ok
Inp822,26,306,8.49673202614379,5,ok
jyun_jyun_12,26,306,8.49673202614379,5,ok
koki_shumi,26,306,8.49673202614379,5,ok
lxdascc,26,306,8.49673202614379,5,ok
masayohane,26,306,8.49673202614379,5,ok
miroestrol,26,306,8.49673202614379,5,ok
Momonga15Inamin,26,306,8.49673202614379,5,ok
nanase_nikoniko,26,306,8.49673202614379,5,ok
nori_nori79,26,306,8.49673202614379,5,ok
sssbr23,26,306,8.49673202614379,5,ok
sumaki04,26,306,8.49673202614379,5,ok
syarotaso_715,26,306,8.49673202614379,5,ok
WUC_smrg,26,306,8.49673202614379,5,ok
yuiogura_kayu,26,306,8.49673202614379,5,ok
alisa_ris,26,306,8.49673202614379,4,ok
hanayou815,26,306,8.49673202614379,4,ok
Kakeru_Aida,26,306,8.49673202614379,4,ok
kamitarou,26,306,8.49673202614379,4,ok
kayura77nm,26,306,8.49673202614379,4,ok
kokwemomo,26,306,8.49673202614379,4,ok
maebashi_witch_,26,306,8.49673202614379,4,ok
neonnana77,26,306,8.49673202614379,4,ok
nightfadez,26,306,8.49673202614379,4,ok
pii_ask,26,306,8.49673202614379,4,ok
pjwdark,26,306,8.49673202614379,4,ok
ropinch,26,306,8.49673202614379,4,ok
taka.eagle0510,26,306,8.49673202614379,4,ok
yutamonta,26,306,8.49673202614379,4,ok
at61201,26,306,8.49673202614379,3,ok
inori_mikan0,26,306,8.49673202614379,3,ok
jinrui700,26,306,8.49673202614379,3,ok
KaBanchu_,26,306,8.49673202614379,3,ok
kaoriXcr,26,306,8.49673202614379,3,ok
katohic,26,306,8.49673202614379,3,ok
matthew14314,26,306,8.49673202614379,3,ok
matthewleechunon,26,306,8.49673202614379,3,ok
NAVER,26,306,8.49673202614379,3,ok
Payload,26,306,8.49673202614379,3,ok
Ramu_ot,26,306,8.49673202614379,3,ok
rie46_n,26,306,8.49673202614379,3,ok
shiki_boh,26,306,8.49673202614379,3,ok
souen1996,26,306,8.49673202614379,3,ok
sssAlchemy,26,306,8.49673202614379,3,ok
tomyuan520,26,306,8.49673202614379,3,ok
wa_kazusa,26,306,8.49673202614379,3,ok
yang_,26,306,8.49673202614379,3,ok
yossie0037,26,306,8.49673202614379,3,ok
yukijiru_,26,306,8.49673202614379,3,ok
yusa_110,26,306,8.49673202614379,3,ok
ANIMEOK,26,306,8.49673202614379,2,ok
avishinian,26,306,8.49673202614379,2,ok
BlackSun_11,26,306,8.49673202614379,2,ok
ccxvo,26,306,8.49673202614379,2,ok
fshizaki,26,306,8.49673202614379,2,ok
Kame_826GS,26,306,8.49673202614379,2,ok
Lily_x_Maple,26,306,8.49673202614379,2,ok
Makki_0419,26,306,8.49673202614379,2,ok
mehtan96,26,306,8.49673202614379,2,ok
mijiadaklorj,26,306,8.49673202614379,2,ok
mushroom3676,26,306,8.49673202614379,2,ok
musukogames,26,306,8.49673202614379,2,ok
nightlight1104,26,306,8.49673202614379,2,ok
ninebird_0228,26,306,8.49673202614379,2,ok
nise_kitahachi,26,306,8.49673202614379,2,ok
Paseli_ten_406,26,306,8.49673202614379,2,ok
RyokuchaLatte,26,306,8.49673202614379,2,ok
s_zzZ__,26,306,8.49673202614379,2,ok
smectic_g,26,306,8.49673202614379,2,ok
touyama_c_m,26,306,8.49673202614379,2,ok
wenriena,26,306,8.49673202614379,2,ok
yuubon_divine,26,306,8.49673202614379,2,ok
zmc2141,26,306,8.49673202614379,2,ok
01.01.miku.01.01,26,306,8.49673202614379,1,ok
blacklogue,26,306,8.49673202614379,1,ok
crocodile_body,26,306,8.49673202614379,1,ok
hiromu,26,306,8.49673202614379,1,ok
ika5757,26,306,8.49673202614379,1,ok
indiaglooming,26,306,8.49673202614379,1,ok
kingcrueso,26,306,8.49673202614379,1,ok
kyuublicstation,26,306,8.49673202614379,1,ok
rx782.sdakhr,26,306,8.49673202614379,1,ok
Ryuki_678,26,306,8.49673202614379,1,ok
samsewixn,26,306,8.49673202614379,1,ok
spidermoon4738,26,306,8.49673202614379,1,ok
AventLife,25,306,8.169934640522875,21,ok
Chelsea_nao,25,306,8.169934640522875,13,ok
op_tintin,25,306,8.169934640522875,13,ok
cz,25,306,8.169934640522875,12,ok
raparapa_dd,25,306,8.169934640522875,12,ok
tokkai_hobby,25,306,8.169934640522875,12,ok
unlimited_gunma,25,306,8.169934640522875,12,ok
wakataka910,25,306,8.169934640522875,12,ok
a_nicomaki,25,306,8.169934640522875,11,ok
css186,25,306,8.169934640522875,11,ok
hayate20101,25,306,8.169934640522875,11,ok
izutune,25,306,8.169934640522875,11,ok
marcy_77,25,306,8.169934640522875,11,ok
nyororom_t,25,306,8.169934640522875,11,ok
Symbolic_View,25,306,8.169934640522875,11,ok
bami004200,25,306,8.169934640522875,10,ok
baraishere,25,306,8.169934640522875,10,ok
chuuuubet,25,306,8.169934640522875,10,ok
desertgale06,25,306,8.169934640522875,10,ok
fu_min238,25,306,8.169934640522875,10,ok
gawachi_,25,306,8.169934640522875,10,ok
j2003123456,25,306,8.169934640522875,10,ok
kurogane_t,25,306,8.169934640522875,10,ok
mayoooon_LiSA,25,306,8.169934640522875,10,ok
rabit9999,25,306,8.169934640522875,10,ok
tumuzi0211,25,306,8.169934640522875,10,ok
7NnAaCnHaT7,25,306,8.169934640522875,9,ok
aipon_0523_eir,25,306,8.169934640522875,9,ok
atari1206,25,306,8.169934640522875,9,ok
chiyo_m,25,306,8.169934640522875,9,ok
ENRi_0923,25,306,8.169934640522875,9,ok
hk_tk1016,25,306,8.169934640522875,9,ok
inkarylchan,25,306,8.169934640522875,9,ok
kaori_ton,25,306,8.169934640522875,9,ok
konbu_umekage,25,306,8.169934640522875,9,ok
kumakiti0930,25,306,8.169934640522875,9,ok
LuckyCaprese,25,306,8.169934640522875,9,ok
Midori_YYC,25,306,8.169934640522875,9,ok
raikkonen0630,25,306,8.169934640522875,9,ok
rerusub7,25,306,8.169934640522875,9,ok
Scarlet_devil_,25,306,8.169934640522875,9,ok
amanattou01,25,306,8.169934640522875,8,ok
axel_wttj_0433,25,306,8.169934640522875,8,ok
cool_cat77,25,306,8.169934640522875,8,ok
fujikyurapidEXP,25,306,8.169934640522875,8,ok
hal_show,25,306,8.169934640522875,8,ok
kensan0000,25,306,8.169934640522875,8,ok
Kuma_VEVE,25,306,8.169934640522875,8,ok
maaya_aki,25,306,8.169934640522875,8,ok
May_goatY,25,306,8.169934640522875,8,ok
minamiKawa373,25,306,8.169934640522875,8,ok
sasasa,25,306,8.169934640522875,8,ok
shmirp,25,306,8.169934640522875,8,ok
sunao_sou,25,306,8.169934640522875,8,ok
zaki,25,306,8.169934640522875,8,ok
630_Senton,25,306,8.169934640522875,7,ok
AAA765346283,25,306,8.169934640522875,7,ok
aachan7609,25,306,8.169934640522875,7,ok
banjolno,25,306,8.169934640522875,7,ok
butachi1027,25,306,8.169934640522875,7,ok
figicalcontact,25,306,8.169934640522875,7,ok
kiri_same,25,306,8.169934640522875,7,ok
mnch3,25,306,8.169934640522875,7,ok
sinn,25,306,8.169934640522875,7,ok
suraraism,25,306,8.169934640522875,7,ok
takayuki_r32,25,306,8.169934640522875,7,ok
Yabuki_M401,25,306,8.169934640522875,7,ok
ZERO_nm7,25,306,8.169934640522875,7,ok
2coni5ll,25,306,8.169934640522875,6,ok
ban08_yb18,25,306,8.169934640522875,6,ok
boku20376655,25,306,8.169934640522875,6,ok
camel874,25,306,8.169934640522875,6,ok
Chiikawa_wa,25,306,8.169934640522875,6,ok
F15eagle007,25,306,8.169934640522875,6,ok
fortissimo_0802,25,306,8.169934640522875,6,ok
inter4ever,25,306,8.169934640522875,6,ok
k3t_autumn,25,306,8.169934640522875,6,ok
kazu410621,25,306,8.169934640522875,6,ok
Lyle_ari_akari,25,306,8.169934640522875,6,ok
misokatutooden,25,306,8.169934640522875,6,ok
namihei1pon,25,306,8.169934640522875,6,ok
nightofraunnz,25,306,8.169934640522875,6,ok
nise_taku,25,306,8.169934640522875,6,ok
Rinki_0315,25,306,8.169934640522875,6,ok
sailing_wind,25,306,8.169934640522875,6,ok
sanbikinotora99,25,306,8.169934640522875,6,ok
yrm,25,306,8.169934640522875,6,ok
Black_Yukki,25,306,8.169934640522875,5,ok
chol_maaya,25,306,8.169934640522875,5,ok
compl3x_n,25,306,8.169934640522875,5,ok
EF64SEN,25,306,8.169934640522875,5,ok
gochi_mame,25,306,8.169934640522875,5,ok
Hasuniju0522,25,306,8.169934640522875,5,ok
hawwkn_y,25,306,8.169934640522875,5,ok
hego8810,25,306,8.169934640522875,5,ok
kinako_0112,25,306,8.169934640522875,5,ok
kugyup_sizuka,25,306,8.169934640522875,5,ok
masaki,25,306,8.169934640522875,5,ok
meltdauner,25,306,8.169934640522875,5,ok
MissionBlew,25,306,8.169934640522875,5,ok
monst8740117,25,306,8.169934640522875,5,ok
Nery9101,25,306,8.169934640522875,5,ok
OmOchichan_ovo,25,306,8.169934640522875,5,ok
pledge_nu_san,25,306,8.169934640522875,5,ok
reachest,25,306,8.169934640522875,5,ok
ripok_4,25,306,8.169934640522875,5,ok
TobuPana874,25,306,8.169934640522875,5,ok
trik_32,25,306,8.169934640522875,5,ok
Y_u_ui_Chan,25,306,8.169934640522875,5,ok
yutori_9i6,25,306,8.169934640522875,5,ok
_NatuRingo,25,306,8.169934640522875,4,ok
aishite898,25,306,8.169934640522875,4,ok
Aisk1436,25,306,8.169934640522875,4,ok
anon2192127463,25,306,8.169934640522875,4,ok
char0tigre0,25,306,8.169934640522875,4,ok
h70130,25,306,8.169934640522875,4,ok
hoshiai08,25,306,8.169934640522875,4,ok
inori_uzunyan,25,306,8.169934640522875,4,ok
Kosmo,25,306,8.169934640522875,4,ok
Lemon_,25,306,8.169934640522875,4,ok
Melzen586,25,306,8.169934640522875,4,ok
Mikhail_0u0,25,306,8.169934640522875,4,ok
okanP8810,25,306,8.169934640522875,4,ok
panyao330501_1,25,306,8.169934640522875,4,ok
potemo_amita,25,306,8.169934640522875,4,ok
poteto4178,25,306,8.169934640522875,4,ok
rain_grp422,25,306,8.169934640522875,4,ok
reicharuruu,25,306,8.169934640522875,4,ok
sai_ani68,25,306,8.169934640522875,4,ok
styharu_jam,25,306,8.169934640522875,4,ok
syuuta0906,25,306,8.169934640522875,4,ok
type_ult0422,25,306,8.169934640522875,4,ok
yuzukizhou,25,306,8.169934640522875,4,ok
zai_no_gyu,25,306,8.169934640522875,4,ok
0402Kada,25,306,8.169934640522875,3,ok
_rica_2_1,25,306,8.169934640522875,3,ok
akabeko,25,306,8.169934640522875,3,ok
cyruse78,25,306,8.169934640522875,3,ok
FIN_SEVEN,25,306,8.169934640522875,3,ok
helloharo2,25,306,8.169934640522875,3,ok
HITA__919,25,306,8.169934640522875,3,ok
k0uTeTsu0721,25,306,8.169934640522875,3,ok
kisara0929,25,306,8.169934640522875,3,ok
monsuke141,25,306,8.169934640522875,3,ok
ossho,25,306,8.169934640522875,3,ok
ponzu_giants,25,306,8.169934640522875,3,ok
putonmasucara,25,306,8.169934640522875,3,ok
ryu_levo,25,306,8.169934640522875,3,ok
study_study,25,306,8.169934640522875,3,ok
Tauther,25,306,8.169934640522875,3,ok
vAIDuDAHC27AGO0,25,306,8.169934640522875,3,ok
vivid_loveit,25,306,8.169934640522875,3,ok
W36637457,25,306,8.169934640522875,3,ok
waltz,25,306,8.169934640522875,3,ok
yating078,25,306,8.169934640522875,3,ok
7016P,25,306,8.169934640522875,2,ok
_NanP,25,306,8.169934640522875,2,ok
_rica_2,25,306,8.169934640522875,2,ok
bo_ei_show23gs,25,306,8.169934640522875,2,ok
brothers_noise,25,306,8.169934640522875,2,ok
chankuro_2470,25,306,8.169934640522875,2,ok
cyz13799,25,306,8.169934640522875,2,ok
Greedy_cry,25,306,8.169934640522875,2,ok
HOKO_1108,25,306,8.169934640522875,2,ok
huukagasorin,25,306,8.169934640522875,2,ok
meganyoro,25,306,8.169934640522875,2,ok
mtk_spl,25,306,8.169934640522875,2,ok
RoTo33P,25,306,8.169934640522875,2,ok
shiny_azs,25,306,8.169934640522875,2,ok
t_o_m_o,25,306,8.169934640522875,2,ok
taise_yoshi,25,306,8.169934640522875,2,ok
toyck990,25,306,8.169934640522875,2,ok
uACotNO8xSgiCz7,25,306,8.169934640522875,2,ok
uma3_cybersec,25,306,8.169934640522875,2,ok
sould_out,25,306,8.169934640522875,1,ok
karakuri919,24,306,7.8431372549019605,20,ok
love_kayaseri,24,306,7.8431372549019605,12,ok
3_3_honoka3,24,306,7.8431372549019605,11,ok
aruremon1,24,306,7.8431372549019605,11,ok
C_ornata,24,306,7.8431372549019605,11,ok
ksyu3802,24,306,7.8431372549019605,11,ok
moonset_1210,24,306,7.8431372549019605,11,ok
Tore_Ten,24,306,7.8431372549019605,11,ok
chiru,24,306,7.8431372549019605,10,ok
fateXnanoha,24,306,7.8431372549019605,10,ok
NorTom000,24,306,7.8431372549019605,10,ok
pri_mra,24,306,7.8431372549019605,10,ok
Shiny_7_Star3,24,306,7.8431372549019605,10,ok
caol_a2,24,306,7.8431372549019605,9,ok
k9591,24,306,7.8431372549019605,9,ok
lammtarra0202,24,306,7.8431372549019605,9,ok
masa_skny,24,306,7.8431372549019605,9,ok
misonicomi456,24,306,7.8431372549019605,9,ok
yn65311,24,306,7.8431372549019605,9,ok
yuuhipoke314,24,306,7.8431372549019605,9,ok
amarun_go,24,306,7.8431372549019605,8,ok
aur_eu,24,306,7.8431372549019605,8,ok
azumon,24,306,7.8431372549019605,8,ok
hama_mss,24,306,7.8431372549019605,8,ok
himi_gatikoi,24,306,7.8431372549019605,8,ok
jormungand24,24,306,7.8431372549019605,8,ok
kajikyoncom,24,306,7.8431372549019605,8,ok
kaku310,24,306,7.8431372549019605,8,ok
katoma3125,24,306,7.8431372549019605,8,ok
kei_naga_831,24,306,7.8431372549019605,8,ok
minori279,24,306,7.8431372549019605,8,ok
nokionokionokio,24,306,7.8431372549019605,8,ok
ponjuice,24,306,7.8431372549019605,8,ok
tani_113,24,306,7.8431372549019605,8,ok
WATAYASAN,24,306,7.8431372549019605,8,ok
Yo_Yo6700,24,306,7.8431372549019605,8,ok
3titanium,24,306,7.8431372549019605,7,ok
bu_____to,24,306,7.8431372549019605,7,ok
CordeliaGlauca,24,306,7.8431372549019605,7,ok
flower_hiromaru,24,306,7.8431372549019605,7,ok
hikitabayashi,24,306,7.8431372549019605,7,ok
hiro_777_2,24,306,7.8431372549019605,7,ok
HOTD_pati,24,306,7.8431372549019605,7,ok
Kirifuri283,24,306,7.8431372549019605,7,ok
Kou_haya_10,24,306,7.8431372549019605,7,ok
Marisa2971,24,306,7.8431372549019605,7,ok
milky_n6,24,306,7.8431372549019605,7,ok
pine_nm,24,306,7.8431372549019605,7,ok
sora_lunchpack,24,306,7.8431372549019605,7,ok
worksr_1197,24,306,7.8431372549019605,7,ok
yassan2560,24,306,7.8431372549019605,7,ok
8hoursleeper,24,306,7.8431372549019605,6,ok
_4202826,24,306,7.8431372549019605,6,ok
a_s_hajime,24,306,7.8431372549019605,6,ok
asaplusplus,24,306,7.8431372549019605,6,ok
banjo_8963,24,306,7.8431372549019605,6,ok
bbffanmember426,24,306,7.8431372549019605,6,ok
CoCo_456_11,24,306,7.8431372549019605,6,ok
DADADA_Z,24,306,7.8431372549019605,6,ok
GEAR97982714,24,306,7.8431372549019605,6,ok
ghoulhuman,24,306,7.8431372549019605,6,ok
Hinata_compose,24,306,7.8431372549019605,6,ok
ichigen,24,306,7.8431372549019605,6,ok
kyona__LL,24,306,7.8431372549019605,6,ok
lambda_delta_34,24,306,7.8431372549019605,6,ok
mappymaker,24,306,7.8431372549019605,6,ok
Matikaneeieimun,24,306,7.8431372549019605,6,ok
mi_yoko,24,306,7.8431372549019605,6,ok
nanase_o_,24,306,7.8431372549019605,6,ok
nesssif,24,306,7.8431372549019605,6,ok
Nunuma_eve,24,306,7.8431372549019605,6,ok
potadou_inamim,24,306,7.8431372549019605,6,ok
Shiina_zi,24,306,7.8431372549019605,6,ok
shuiwulaiyisha,24,306,7.8431372549019605,6,ok
yuhino_51001F,24,306,7.8431372549019605,6,ok
ABAB,24,306,7.8431372549019605,5,ok
aonisai004,24,306,7.8431372549019605,5,ok
Bitter_sweet38,24,306,7.8431372549019605,5,ok
chibiryu_18,24,306,7.8431372549019605,5,ok
chocolat,24,306,7.8431372549019605,5,ok
dai_hichanlove,24,306,7.8431372549019605,5,ok
hayao0,24,306,7.8431372549019605,5,ok
Loli_tiger,24,306,7.8431372549019605,5,ok
nekoandcoffee,24,306,7.8431372549019605,5,ok
sho_event,24,306,7.8431372549019605,5,ok
tada,24,306,7.8431372549019605,5,ok
tomat032,24,306,7.8431372549019605,5,ok
tomouragata613,24,306,7.8431372549019605,5,ok
zz990218,24,306,7.8431372549019605,5,ok
86293,24,306,7.8431372549019605,4,ok
ATT,24,306,7.8431372549019605,4,ok
dew_point,24,306,7.8431372549019605,4,ok
futiansaku9,24,306,7.8431372549019605,4,ok
gilf_siglz,24,306,7.8431372549019605,4,ok
gorogoro9696,24,306,7.8431372549019605,4,ok
HibikiMt,24,306,7.8431372549019605,4,ok
hyron_iwata,24,306,7.8431372549019605,4,ok
Icky_27,24,306,7.8431372549019605,4,ok
imamurakohei,24,306,7.8431372549019605,4,ok
izumi_smiley,24,306,7.8431372549019605,4,ok
k4bo_2912,24,306,7.8431372549019605,4,ok
kcl_231,24,306,7.8431372549019605,4,ok
keen3737,24,306,7.8431372549019605,4,ok
ki_fe,24,306,7.8431372549019605,4,ok
KTkm28,24,306,7.8431372549019605,4,ok
nantan_digital,24,306,7.8431372549019605,4,ok
noyolip,24,306,7.8431372549019605,4,ok
RamWorks,24,306,7.8431372549019605,4,ok
Rezalia_,24,306,7.8431372549019605,4,ok
Rojina,24,306,7.8431372549019605,4,ok
smkn_ohagi,24,306,7.8431372549019605,4,ok
soroban0727,24,306,7.8431372549019605,4,ok
sphere_narisei,24,306,7.8431372549019605,4,ok
Tokuzawa353567,24,306,7.8431372549019605,4,ok
xx___emiuws,24,306,7.8431372549019605,4,ok
yossy_13,24,306,7.8431372549019605,4,ok
yumeto,24,306,7.8431372549019605,4,ok
airu,24,306,7.8431372549019605,3,ok
AnakinChan4,24,306,7.8431372549019605,3,ok
BirdHouseSignal,24,306,7.8431372549019605,3,ok
chiduka,24,306,7.8431372549019605,3,ok
delta_ip_qk6rd,24,306,7.8431372549019605,3,ok
eriumi,24,306,7.8431372549019605,3,ok
fw_louise,24,306,7.8431372549019605,3,ok
gekidanjunnko,24,306,7.8431372549019605,3,ok
harukawasetuna,24,306,7.8431372549019605,3,ok
ILR_Rimu,24,306,7.8431372549019605,3,ok
kanadndn,24,306,7.8431372549019605,3,ok
oia,24,306,7.8431372549019605,3,ok
Rencha_1202,24,306,7.8431372549019605,3,ok
replicaAP_1,24,306,7.8431372549019605,3,ok
Silent_Biblword,24,306,7.8431372549019605,3,ok
silvia_solt,24,306,7.8431372549019605,3,ok
Sora_my_mother,24,306,7.8431372549019605,3,ok
12jump722,24,306,7.8431372549019605,2,ok
2467491255bin,24,306,7.8431372549019605,2,ok
A4__sub,24,306,7.8431372549019605,2,ok
asumin_butyou,24,306,7.8431372549019605,2,ok
azue3,24,306,7.8431372549019605,2,ok
basix,24,306,7.8431372549019605,2,ok
degitaltatto,24,306,7.8431372549019605,2,ok
DLDIN,24,306,7.8431372549019605,2,ok
eie6987,24,306,7.8431372549019605,2,ok
EpokWind,24,306,7.8431372549019605,2,ok
familyplus53,24,306,7.8431372549019605,2,ok
friedel_crafts,24,306,7.8431372549019605,2,ok
GaigerCounter,24,306,7.8431372549019605,2,ok
Gealach,24,306,7.8431372549019605,2,ok
germanfirst309,24,306,7.8431372549019605,2,ok
Hookahiro,24,306,7.8431372549019605,2,ok
hzlhn96,24,306,7.8431372549019605,2,ok
itakonjoshi6369,24,306,7.8431372549019605,2,ok
itsunya0919,24,306,7.8431372549019605,2,ok
kamiki,24,306,7.8431372549019605,2,ok
kazu_00,24,306,7.8431372549019605,2,ok
kemolover1991,24,306,7.8431372549019605,2,ok
kixxstarter6173,24,306,7.8431372549019605,2,ok
kuo0131,24,306,7.8431372549019605,2,ok
L_I_B_P,24,306,7.8431372549019605,2,ok
mentenai,24,306,7.8431372549019605,2,ok
miku.storm.39,24,306,7.8431372549019605,2,ok
misakuranankotu,24,306,7.8431372549019605,2,ok
misojiny9325,24,306,7.8431372549019605,2,ok
monadance6285,24,306,7.8431372549019605,2,ok
moonface,24,306,7.8431372549019605,2,ok
mthzhan66,24,306,7.8431372549019605,2,ok
naginagisa0708,24,306,7.8431372549019605,2,ok
nanakoupdroad,24,306,7.8431372549019605,2,ok
nemeliss0603,24,306,7.8431372549019605,2,ok
OnmyouG73,24,306,7.8431372549019605,2,ok
ozuanime,24,306,7.8431372549019605,2,ok
s031a15,24,306,7.8431372549019605,2,ok
seancherng.jp,24,306,7.8431372549019605,2,ok
SeemToBeMistery,24,306,7.8431372549019605,2,ok
shibaraku_wait,24,306,7.8431372549019605,2,ok
slash.sirokuma,24,306,7.8431372549019605,2,ok
solu15f,24,306,7.8431372549019605,2,ok
tacowasabi,24,306,7.8431372549019605,2,ok
tokyoelectron,24,306,7.8431372549019605,2,ok
xiaoyan,24,306,7.8431372549019605,2,ok
Yipstery,24,306,7.8431372549019605,2,ok
yoshiki_418,24,306,7.8431372549019605,2,ok
youheykitano,24,306,7.8431372549019605,2,ok
yuuuuuuto,24,306,7.8431372549019605,2,ok
aa0903507541,24,306,7.8431372549019605,1,ok
beatmania2064,24,306,7.8431372549019605,1,ok
BluepenVery,24,306,7.8431372549019605,1,ok
burmeranpantu,24,306,7.8431372549019605,1,ok
mikanofstand,24,306,7.8431372549019605,1,ok
nexon917462583,24,306,7.8431372549019605,1,ok
q1w2e3r4guy,24,306,7.8431372549019605,1,ok
Wolf55200,24,306,7.8431372549019605,1,ok
Xiang0624,24,306,7.8431372549019605,1,ok
zong17334,24,306,7.8431372549019605,1,ok
zsakso2,24,306,7.8431372549019605,1,ok
Junichi2997,23,306,7.516339869281046,11,ok
kanae_yukachi,23,306,7.516339869281046,11,ok
kawasemi6,23,306,7.516339869281046,11,ok
Crim17So9n,23,306,7.516339869281046,10,ok
detective,23,306,7.516339869281046,10,ok
marichin_chin,23,306,7.516339869281046,10,ok
mm419_ll04,23,306,7.516339869281046,10,ok
7brenner,23,306,7.516339869281046,9,ok
akaribeee523,23,306,7.516339869281046,9,ok
fripnt0717,23,306,7.516339869281046,9,ok
iRis_a_zack,23,306,7.516339869281046,9,ok
LET_KI_DO,23,306,7.516339869281046,9,ok
m_maki0419,23,306,7.516339869281046,9,ok
ORICAN375,23,306,7.516339869281046,9,ok
shinoonk,23,306,7.516339869281046,9,ok
toi_kai_2014,23,306,7.516339869281046,9,ok
19920201Ryota,23,306,7.516339869281046,8,ok
BridgetoDream,23,306,7.516339869281046,8,ok
chisaeves,23,306,7.516339869281046,8,ok
ennderu,23,306,7.516339869281046,8,ok
gundamgaita,23,306,7.516339869281046,8,ok
hiddaman_12,23,306,7.516339869281046,8,ok
Hiro_Nagoya,23,306,7.516339869281046,8,ok
honyakoromochi,23,306,7.516339869281046,8,ok
imagn_I,23,306,7.516339869281046,8,ok
Ks_keitoku,23,306,7.516339869281046,8,ok
kurk_sh,23,306,7.516339869281046,8,ok
Mireichang,23,306,7.516339869281046,8,ok
mogetan_373fan,23,306,7.516339869281046,8,ok
nagitsun229,23,306,7.516339869281046,8,ok
nanjoumimo,23,306,7.516339869281046,8,ok
otome_minato,23,306,7.516339869281046,8,ok
Pan_Maker,23,306,7.516339869281046,8,ok
Royz_2543,23,306,7.516339869281046,8,ok
Sakura_Saiun,23,306,7.516339869281046,8,ok
UchidaAyaoshi,23,306,7.516339869281046,8,ok
UNISON_myusic,23,306,7.516339869281046,8,ok
aikawa023525,23,306,7.516339869281046,7,ok
chocolamint,23,306,7.516339869281046,7,ok
donris_yu,23,306,7.516339869281046,7,ok
gitemochi,23,306,7.516339869281046,7,ok
himajnas,23,306,7.516339869281046,7,ok
jacobite_17,23,306,7.516339869281046,7,ok
leafa0623,23,306,7.516339869281046,7,ok
m1212eiki2,23,306,7.516339869281046,7,ok
masataka571,23,306,7.516339869281046,7,ok
monasu,23,306,7.516339869281046,7,ok
nekohirominn,23,306,7.516339869281046,7,ok
nogorooo,23,306,7.516339869281046,7,ok
oreimo3300,23,306,7.516339869281046,7,ok
Passwardsan,23,306,7.516339869281046,7,ok
sameimaru,23,306,7.516339869281046,7,ok
seafish10000,23,306,7.516339869281046,7,ok
1mozi,23,306,7.516339869281046,6,ok
a8106,23,306,7.516339869281046,6,ok
ashika_sea,23,306,7.516339869281046,6,ok
bushidotypezero,23,306,7.516339869281046,6,ok
C_MikiS,23,306,7.516339869281046,6,ok
hakuto_2002,23,306,7.516339869281046,6,ok
KyuDaze,23,306,7.516339869281046,6,ok
okireS_,23,306,7.516339869281046,6,ok
Oveldas,23,306,7.516339869281046,6,ok
oyn__,23,306,7.516339869281046,6,ok
S_You_1_,23,306,7.516339869281046,6,ok
shogun0216,23,306,7.516339869281046,6,ok
tanigawa0731,23,306,7.516339869281046,6,ok
trc_pd,23,306,7.516339869281046,6,ok
wakaba,23,306,7.516339869281046,6,ok
wshu4019,23,306,7.516339869281046,6,ok
Y0ut00,23,306,7.516339869281046,6,ok
zawaka_end,23,306,7.516339869281046,6,ok
3y3s,23,306,7.516339869281046,5,ok
aasobiyou,23,306,7.516339869281046,5,ok
barubaru_397,23,306,7.516339869281046,5,ok
BESTrawberry,23,306,7.516339869281046,5,ok
Gechi_keke,23,306,7.516339869281046,5,ok
go_shin1225,23,306,7.516339869281046,5,ok
H3PO4_r1n,23,306,7.516339869281046,5,ok
hono_moza,23,306,7.516339869281046,5,ok
hurikaketamago,23,306,7.516339869281046,5,ok
ike_1225,23,306,7.516339869281046,5,ok
Kirin14514,23,306,7.516339869281046,5,ok
LL9_18,23,306,7.516339869281046,5,ok
Love_Nozomi69,23,306,7.516339869281046,5,ok
massgame,23,306,7.516339869281046,5,ok
mushroomsensei,23,306,7.516339869281046,5,ok
nagi_125,23,306,7.516339869281046,5,ok
rac_a_rche,23,306,7.516339869281046,5,ok
redonofu_x,23,306,7.516339869281046,5,ok
shinnopo,23,306,7.516339869281046,5,ok
Shirogoto100,23,306,7.516339869281046,5,ok
Shubantoouka,23,306,7.516339869281046,5,ok
soramimi_cake,23,306,7.516339869281046,5,ok
Star0229rn,23,306,7.516339869281046,5,ok
takimoto_piano,23,306,7.516339869281046,5,ok
tsuno_matsu,23,306,7.516339869281046,5,ok
0628Oga,23,306,7.516339869281046,4,ok
151515cherry,23,306,7.516339869281046,4,ok
ayakagull,23,306,7.516339869281046,4,ok
benson40111,23,306,7.516339869281046,4,ok
KH346315765,23,306,7.516339869281046,4,ok
killer_bars,23,306,7.516339869281046,4,ok
kind0320,23,306,7.516339869281046,4,ok
koalaking,23,306,7.516339869281046,4,ok
Koby_2535,23,306,7.516339869281046,4,ok
kurobina6513,23,306,7.516339869281046,4,ok
noan1218,23,306,7.516339869281046,4,ok
nyoronyoro0515,23,306,7.516339869281046,4,ok
Pipin_ll,23,306,7.516339869281046,4,ok
rada_bashishi,23,306,7.516339869281046,4,ok
ryo_ver32,23,306,7.516339869281046,4,ok
sotan_sound,23,306,7.516339869281046,4,ok
sunsunsun1284,23,306,7.516339869281046,4,ok
tako_nagu1717,23,306,7.516339869281046,4,ok
Tatami_8,23,306,7.516339869281046,4,ok
wachi529,23,306,7.516339869281046,4,ok
wiss_wiss,23,306,7.516339869281046,4,ok
yuu_karmina,23,306,7.516339869281046,4,ok
akiccling66,23,306,7.516339869281046,3,ok
alan_3925,23,306,7.516339869281046,3,ok
BanaOren,23,306,7.516339869281046,3,ok
cosmic_Lazily,23,306,7.516339869281046,3,ok
harapekoda,23,306,7.516339869281046,3,ok
ichikanohutomom,23,306,7.516339869281046,3,ok
IPo9nl,23,306,7.516339869281046,3,ok
isnbidog,23,306,7.516339869281046,3,ok
kyouyous,23,306,7.516339869281046,3,ok
Number_YEEL,23,306,7.516339869281046,3,ok
ponta_sphere,23,306,7.516339869281046,3,ok
poppinzhang,23,306,7.516339869281046,3,ok
puwa,23,306,7.516339869281046,3,ok
rin_rippi1101,23,306,7.516339869281046,3,ok
rirumu_rem,23,306,7.516339869281046,3,ok
youmu_00,23,306,7.516339869281046,3,ok
Zeon0228,23,306,7.516339869281046,3,ok
zichendai756,23,306,7.516339869281046,3,ok
Aimnm78121,23,306,7.516339869281046,2,ok
Aofujihskw1231,23,306,7.516339869281046,2,ok
aomori175,23,306,7.516339869281046,2,ok
arigatoaimin,23,306,7.516339869281046,2,ok
CG_miya,23,306,7.516339869281046,2,ok
eygaralbert,23,306,7.516339869281046,2,ok
George_simons,23,306,7.516339869281046,2,ok
Helena,23,306,7.516339869281046,2,ok
kamikaze_kaze02,23,306,7.516339869281046,2,ok
KONI3608,23,306,7.516339869281046,2,ok
misakano,23,306,7.516339869281046,2,ok
nac46,23,306,7.516339869281046,2,ok
nananananana_na,23,306,7.516339869281046,2,ok
nanmandabu,23,306,7.516339869281046,2,ok
naru6266,23,306,7.516339869281046,2,ok
NemuReZNable,23,306,7.516339869281046,2,ok
QgWv4,23,306,7.516339869281046,2,ok
qingzhanchuxing,23,306,7.516339869281046,2,ok
rhythm2005,23,306,7.516339869281046,2,ok
riam_yamyam,23,306,7.516339869281046,2,ok
rrrk90909,23,306,7.516339869281046,2,ok
Rudolf_4121,23,306,7.516339869281046,2,ok
shichigatsu,23,306,7.516339869281046,2,ok
supervaizerpm,23,306,7.516339869281046,2,ok
taihotechnology,23,306,7.516339869281046,2,ok
takungogo,23,306,7.516339869281046,2,ok
watanabeshark,23,306,7.516339869281046,2,ok
xxLovely_Vitaxx,23,306,7.516339869281046,2,ok
YAMITUKI2525,23,306,7.516339869281046,2,ok
zpdldhs0,23,306,7.516339869281046,2,ok
cuuuube_km,22,306,7.18954248366013,21,ok
syarutann,22,306,7.18954248366013,20,ok
korn1192bear,22,306,7.18954248366013,15,ok
aren01,22,306,7.18954248366013,13,ok
gemini__brother,22,306,7.18954248366013,12,ok
nanasakiAI1234,22,306,7.18954248366013,12,ok
ClowShinrou,22,306,7.18954248366013,11,ok
garnet_017,22,306,7.18954248366013,11,ok
INA0170,22,306,7.18954248366013,11,ok
Masabo_HDA,22,306,7.18954248366013,11,ok
adachijapan3,22,306,7.18954248366013,10,ok
DreamDrive787,22,306,7.18954248366013,10,ok
HINA_cafaholic,22,306,7.18954248366013,10,ok
lpt_voltecker,22,306,7.18954248366013,10,ok
yashi_1224,22,306,7.18954248366013,10,ok
yosuu_d,22,306,7.18954248366013,10,ok
aaa1349,22,306,7.18954248366013,9,ok
C_yoshinori,22,306,7.18954248366013,9,ok
DomiKounosuke,22,306,7.18954248366013,9,ok
riz,22,306,7.18954248366013,9,ok
toshiki_0101,22,306,7.18954248366013,9,ok
y_y_mofu_mofu,22,306,7.18954248366013,9,ok
YKO,22,306,7.18954248366013,9,ok
caz_sgks,22,306,7.18954248366013,8,ok
chishang125,22,306,7.18954248366013,8,ok
D4C,22,306,7.18954248366013,8,ok
gomasaba,22,306,7.18954248366013,8,ok
hanedaroberto,22,306,7.18954248366013,8,ok
kama13903,22,306,7.18954248366013,8,ok
mazeclow,22,306,7.18954248366013,8,ok
mysterist,22,306,7.18954248366013,8,ok
nan,22,306,7.18954248366013,8,ok
orangezaku,22,306,7.18954248366013,8,ok
sakkun0913,22,306,7.18954248366013,8,ok
sieben_akY,22,306,7.18954248366013,8,ok
souyasubaru,22,306,7.18954248366013,8,ok
TIME_F0R_TEA,22,306,7.18954248366013,8,ok
tt_tomaton,22,306,7.18954248366013,8,ok
_t_choco,22,306,7.18954248366013,7,ok
daichi_rin_oshi,22,306,7.18954248366013,7,ok
DONKEY1951,22,306,7.18954248366013,7,ok
foxword03,22,306,7.18954248366013,7,ok
fusugi,22,306,7.18954248366013,7,ok
himagine66,22,306,7.18954248366013,7,ok
Ibuki_Foru,22,306,7.18954248366013,7,ok
ikanagon,22,306,7.18954248366013,7,ok
keikyu_wing,22,306,7.18954248366013,7,ok
kommunityhell,22,306,7.18954248366013,7,ok
koutya_c3,22,306,7.18954248366013,7,ok
Lemontea,22,306,7.18954248366013,7,ok
morinokuma,22,306,7.18954248366013,7,ok
nadekosneak,22,306,7.18954248366013,7,ok
nt1mi22,22,306,7.18954248366013,7,ok
pacapacaRpaca,22,306,7.18954248366013,7,ok
r2works,22,306,7.18954248366013,7,ok
rikkun803,22,306,7.18954248366013,7,ok
rokugou3,22,306,7.18954248366013,7,ok
scarlet0504,22,306,7.18954248366013,7,ok
tchoco,22,306,7.18954248366013,7,ok
Umisuika,22,306,7.18954248366013,7,ok
vegamomo,22,306,7.18954248366013,7,ok
wakubanana,22,306,7.18954248366013,7,ok
watson0310,22,306,7.18954248366013,7,ok
yamachan_375,22,306,7.18954248366013,7,ok
22_1_99,22,306,7.18954248366013,6,ok
33ki,22,306,7.18954248366013,6,ok
77sacredforce,22,306,7.18954248366013,6,ok
__mmyts,22,306,7.18954248366013,6,ok
akira_rugby,22,306,7.18954248366013,6,ok
canon4271,22,306,7.18954248366013,6,ok
Crystalniconico,22,306,7.18954248366013,6,ok
eiran_11,22,306,7.18954248366013,6,ok
falkata,22,306,7.18954248366013,6,ok
gannosuke79,22,306,7.18954248366013,6,ok
kake_chan,22,306,7.18954248366013,6,ok
kana_kin713,22,306,7.18954248366013,6,ok
keiryu342,22,306,7.18954248366013,6,ok
kyaro,22,306,7.18954248366013,6,ok
lh_e66,22,306,7.18954248366013,6,ok
MaZqz,22,306,7.18954248366013,6,ok
milkpich,22,306,7.18954248366013,6,ok
Myname_is_Yuto,22,306,7.18954248366013,6,ok
NowOnHero,22,306,7.18954248366013,6,ok
pineapple613,22,306,7.18954248366013,6,ok
POIPOIMAAYA,22,306,7.18954248366013,6,ok
purple_iris0,22,306,7.18954248366013,6,ok
Ruikyan_,22,306,7.18954248366013,6,ok
sokolive,22,306,7.18954248366013,6,ok
tokag_e,22,306,7.18954248366013,6,ok
transhe,22,306,7.18954248366013,6,ok
tsucchi,22,306,7.18954248366013,6,ok
ailnsui,22,306,7.18954248366013,5,ok
athra517,22,306,7.18954248366013,5,ok
best_tubuko_JP,22,306,7.18954248366013,5,ok
Dame__Tamago,22,306,7.18954248366013,5,ok
desuros,22,306,7.18954248366013,5,ok
ex_mono,22,306,7.18954248366013,5,ok
gawao_12,22,306,7.18954248366013,5,ok
gomyo,22,306,7.18954248366013,5,ok
GX55944362,22,306,7.18954248366013,5,ok
holmesasn,22,306,7.18954248366013,5,ok
HonoZaurus,22,306,7.18954248366013,5,ok
immr_ay,22,306,7.18954248366013,5,ok
ka_keiei_,22,306,7.18954248366013,5,ok
kagonuke_k16,22,306,7.18954248366013,5,ok
kanade_wanko,22,306,7.18954248366013,5,ok
kashiwa27cal,22,306,7.18954248366013,5,ok
katsura394,22,306,7.18954248366013,5,ok
kke_bemani,22,306,7.18954248366013,5,ok
menhealer_otaku,22,306,7.18954248366013,5,ok
minamimo215,22,306,7.18954248366013,5,ok
nagi_Sakurage,22,306,7.18954248366013,5,ok
nomow_fa,22,306,7.18954248366013,5,ok
otokentu,22,306,7.18954248366013,5,ok
P_is_Yorimoi,22,306,7.18954248366013,5,ok
Ponytails35,22,306,7.18954248366013,5,ok
push,22,306,7.18954248366013,5,ok
reburosu,22,306,7.18954248366013,5,ok
RipperLo,22,306,7.18954248366013,5,ok
s_taro_,22,306,7.18954248366013,5,ok
SeeK_Lov,22,306,7.18954248366013,5,ok
shimubou,22,306,7.18954248366013,5,ok
shin252521,22,306,7.18954248366013,5,ok
sksksakuya,22,306,7.18954248366013,5,ok
stmake_pate,22,306,7.18954248366013,5,ok
suna201,22,306,7.18954248366013,5,ok
takenoko_pro,22,306,7.18954248366013,5,ok
tonaben489,22,306,7.18954248366013,5,ok
tukiakari,22,306,7.18954248366013,5,ok
ura_bialds72,22,306,7.18954248366013,5,ok
VoyageTz31,22,306,7.18954248366013,5,ok
WDP,22,306,7.18954248366013,5,ok
woo_331,22,306,7.18954248366013,5,ok
yatuhata,22,306,7.18954248366013,5,ok
yurinyan_pi,22,306,7.18954248366013,5,ok
_1C_rs_,22,306,7.18954248366013,4,ok
Aegis07cc,22,306,7.18954248366013,4,ok
aisakanon_,22,306,7.18954248366013,4,ok
BREATH,22,306,7.18954248366013,4,ok
categoraized,22,306,7.18954248366013,4,ok
chiso1873,22,306,7.18954248366013,4,ok
CNA_Bld,22,306,7.18954248366013,4,ok
cyma_ds,22,306,7.18954248366013,4,ok
erickamkam,22,306,7.18954248366013,4,ok
GORO,22,306,7.18954248366013,4,ok
GSaberlily725,22,306,7.18954248366013,4,ok
katusa218,22,306,7.18954248366013,4,ok
Lusty_P,22,306,7.18954248366013,4,ok
minto,22,306,7.18954248366013,4,ok
nisi0624,22,306,7.18954248366013,4,ok
nsk141127,22,306,7.18954248366013,4,ok
Riko__Nozomi,22,306,7.18954248366013,4,ok
risuyuy,22,306,7.18954248366013,4,ok
RT_879,22,306,7.18954248366013,4,ok
tmc_forever,22,306,7.18954248366013,4,ok
toy_rin,22,306,7.18954248366013,4,ok
yorokses1,22,306,7.18954248366013,4,ok
yuzutetsu1,22,306,7.18954248366013,4,ok
64bit,22,306,7.18954248366013,3,ok
aimisedai,22,306,7.18954248366013,3,ok
Ayase_eagles,22,306,7.18954248366013,3,ok
Backspe,22,306,7.18954248366013,3,ok
c500702081,22,306,7.18954248366013,3,ok
chardashlove,22,306,7.18954248366013,3,ok
chinhee9068,22,306,7.18954248366013,3,ok
cutc77803,22,306,7.18954248366013,3,ok
ebbandf10w2013,22,306,7.18954248366013,3,ok
Gorillaz,22,306,7.18954248366013,3,ok
hamakoo414,22,306,7.18954248366013,3,ok
Ichinose_Mihane,22,306,7.18954248366013,3,ok
Imomori_Aya,22,306,7.18954248366013,3,ok
issa3538,22,306,7.18954248366013,3,ok
k_usamin,22,306,7.18954248366013,3,ok
mizukappu_QAQ,22,306,7.18954248366013,3,ok
nazfinalvent,22,306,7.18954248366013,3,ok
NsxQh7,22,306,7.18954248366013,3,ok
okuboka,22,306,7.18954248366013,3,ok
remi3310,22,306,7.18954248366013,3,ok
ruoyu_YUP,22,306,7.18954248366013,3,ok
ryoririri,22,306,7.18954248366013,3,ok
Ryu_7_COYG,22,306,7.18954248366013,3,ok
siro__yan,22,306,7.18954248366013,3,ok
surf_coaster,22,306,7.18954248366013,3,ok
taimiao,22,306,7.18954248366013,3,ok
UmiMegami,22,306,7.18954248366013,3,ok
3284allegro,22,306,7.18954248366013,2,ok
7K_teenCrisis,22,306,7.18954248366013,2,ok
Aki1238,22,306,7.18954248366013,2,ok
AL2ata,22,306,7.18954248366013,2,ok
aot_to_talk,22,306,7.18954248366013,2,ok
aya_maruyama,22,306,7.18954248366013,2,ok
bandorisaikoo,22,306,7.18954248366013,2,ok
chenzihan_666,22,306,7.18954248366013,2,ok
dozaemon2006,22,306,7.18954248366013,2,ok
EndCredits,22,306,7.18954248366013,2,ok
Feyw,22,306,7.18954248366013,2,ok
ichijou29,22,306,7.18954248366013,2,ok
jeffery8226x,22,306,7.18954248366013,2,ok
kaettekita_man,22,306,7.18954248366013,2,ok
Kinoko_yc,22,306,7.18954248366013,2,ok
kmyxxx,22,306,7.18954248366013,2,ok
kokose360,22,306,7.18954248366013,2,ok
lindo_thunder,22,306,7.18954248366013,2,ok
luvia999,22,306,7.18954248366013,2,ok
Lyleroz,22,306,7.18954248366013,2,ok
makkingdorrow,22,306,7.18954248366013,2,ok
mikage1192,22,306,7.18954248366013,2,ok
mn0310BangDream,22,306,7.18954248366013,2,ok
nrysm,22,306,7.18954248366013,2,ok
nyaashin,22,306,7.18954248366013,2,ok
TcE531_,22,306,7.18954248366013,2,ok
trick_star0083,22,306,7.18954248366013,2,ok
x_kenchan_x,22,306,7.18954248366013,2,ok
xx_kenchan_xx,22,306,7.18954248366013,2,ok
Xx_yacchi_xX,22,306,7.18954248366013,2,ok
yokkun21919,22,306,7.18954248366013,2,ok
You_minami_,22,306,7.18954248366013,2,ok
dont_BanV,22,306,7.18954248366013,1,ok
hasimori_yomori,22,306,7.18954248366013,1,ok
higehatter_KEN,22,306,7.18954248366013,1,ok
kayanon315,22,306,7.18954248366013,1,ok
koku_5566,22,306,7.18954248366013,1,ok
madoka_777,22,306,7.18954248366013,1,ok
ponta_sphere10s,22,306,7.18954248366013,1,ok
Sirasagi_Cisato,22,306,7.18954248366013,1,ok
sugi_typeR,22,306,7.18954248366013,1,ok
t621_mj,22,306,7.18954248366013,1,ok
tonka____,21,306,6.862745098039216,14,ok
nonam3,21,306,6.862745098039216,12,ok
KEN1024AI,21,306,6.862745098039216,11,ok
redbeer_takeshi,21,306,6.862745098039216,11,ok
rub_a_dob,21,306,6.862745098039216,11,ok
ryotohmi,21,306,6.862745098039216,11,ok
terasugitter,21,306,6.862745098039216,11,ok
papapaaman,21,306,6.862745098039216,10,ok
sakananoayu,21,306,6.862745098039216,10,ok
tarumae_tintin,21,306,6.862745098039216,10,ok
tyatyamaru786,21,306,6.862745098039216,10,ok
Vanishing_Age,21,306,6.862745098039216,10,ok
crispysadawo,21,306,6.862745098039216,9,ok
cyan_milkian,21,306,6.862745098039216,9,ok
i_am_eventer,21,306,6.862745098039216,9,ok
jxatmm3,21,306,6.862745098039216,9,ok
light_pawapoke,21,306,6.862745098039216,9,ok
yuya_srx,21,306,6.862745098039216,9,ok
btrusrmy,21,306,6.862745098039216,8,ok
chekki,21,306,6.862745098039216,8,ok
j0y_b0y,21,306,6.862745098039216,8,ok
kasunoko,21,306,6.862745098039216,8,ok
KogponPR,21,306,6.862745098039216,8,ok
nk_rkym,21,306,6.862745098039216,8,ok
pai2h,21,306,6.862745098039216,8,ok
syarurusakuya,21,306,6.862745098039216,8,ok
UrikoLove,21,306,6.862745098039216,8,ok
warabi_209,21,306,6.862745098039216,8,ok
15k_gin7,21,306,6.862745098039216,7,ok
_aschan,21,306,6.862745098039216,7,ok
_az_33,21,306,6.862745098039216,7,ok
akekko61,21,306,6.862745098039216,7,ok
blue_let0kudake,21,306,6.862745098039216,7,ok
drop0415,21,306,6.862745098039216,7,ok
Eugene_S,21,306,6.862745098039216,7,ok
Fai_ry_Cats,21,306,6.862745098039216,7,ok
fujishige1221,21,306,6.862745098039216,7,ok
getride_,21,306,6.862745098039216,7,ok
Highball900mL,21,306,6.862745098039216,7,ok
moorin_RR,21,306,6.862745098039216,7,ok
nassy51f,21,306,6.862745098039216,7,ok
perico2321,21,306,6.862745098039216,7,ok
ruoneoXT,21,306,6.862745098039216,7,ok
shilphyHAL,21,306,6.862745098039216,7,ok
snowmemory26,21,306,6.862745098039216,7,ok
Sorakanadechan,21,306,6.862745098039216,7,ok
syatuel,21,306,6.862745098039216,7,ok
Takoyaki_IMT,21,306,6.862745098039216,7,ok
terryyukh,21,306,6.862745098039216,7,ok
UDONfrom1221,21,306,6.862745098039216,7,ok
yossyda_39,21,306,6.862745098039216,7,ok
yu_sonic417,21,306,6.862745098039216,7,ok
_lilac_yk,21,306,6.862745098039216,6,ok
AgriPB,21,306,6.862745098039216,6,ok
allen0517,21,306,6.862745098039216,6,ok
arbshortcake,21,306,6.862745098039216,6,ok
AyairoSeed,21,306,6.862745098039216,6,ok
brown_lemon,21,306,6.862745098039216,6,ok
cata1y,21,306,6.862745098039216,6,ok
checkers,21,306,6.862745098039216,6,ok
goikpo,21,306,6.862745098039216,6,ok
jimitetsu,21,306,6.862745098039216,6,ok
Karen_Axela,21,306,6.862745098039216,6,ok
Kei_523,21,306,6.862745098039216,6,ok
Kosuzu_Amazing,21,306,6.862745098039216,6,ok
long_away_from,21,306,6.862745098039216,6,ok
mistei_plus,21,306,6.862745098039216,6,ok
nay43at,21,306,6.862745098039216,6,ok
neko_rin,21,306,6.862745098039216,6,ok
revo_0310,21,306,6.862745098039216,6,ok
riria_yoshiki,21,306,6.862745098039216,6,ok
sagi26412,21,306,6.862745098039216,6,ok
shiromohu,21,306,6.862745098039216,6,ok
siline6107,21,306,6.862745098039216,6,ok
sk_,21,306,6.862745098039216,6,ok
t_arisu_rab,21,306,6.862745098039216,6,ok
tnftyh810,21,306,6.862745098039216,6,ok
wonderland,21,306,6.862745098039216,6,ok
yoshiaki_2427,21,306,6.862745098039216,6,ok
1_Shi_Ho,21,306,6.862745098039216,5,ok
__sa,21,306,6.862745098039216,5,ok
akisg,21,306,6.862745098039216,5,ok
aquanaut_314,21,306,6.862745098039216,5,ok
ED24700481,21,306,6.862745098039216,5,ok
F_Gakepputi,21,306,6.862745098039216,5,ok
fav_hobby_mitsu,21,306,6.862745098039216,5,ok
gomaabura_try,21,306,6.862745098039216,5,ok
GRKB_krwy,21,306,6.862745098039216,5,ok
hiinaataa0329,21,306,6.862745098039216,5,ok
Itsuki_9535,21,306,6.862745098039216,5,ok
Kanaderuu,21,306,6.862745098039216,5,ok
kannagi66727,21,306,6.862745098039216,5,ok
kurotohime,21,306,6.862745098039216,5,ok
LysGracieux_511,21,306,6.862745098039216,5,ok
maaya_salt,21,306,6.862745098039216,5,ok
nanamitime,21,306,6.862745098039216,5,ok
Nocturne0216s,21,306,6.862745098039216,5,ok
noizm,21,306,6.862745098039216,5,ok
nununuttyo,21,306,6.862745098039216,5,ok
ossan_110,21,306,6.862745098039216,5,ok
ryo_eagles,21,306,6.862745098039216,5,ok
SALTY979,21,306,6.862745098039216,5,ok
senbei_fortune,21,306,6.862745098039216,5,ok
sy_5n,21,306,6.862745098039216,5,ok
TECHOMOCHI_,21,306,6.862745098039216,5,ok
terako219,21,306,6.862745098039216,5,ok
tsukingkong,21,306,6.862745098039216,5,ok
wakaharuyuPP,21,306,6.862745098039216,5,ok
yuuyuu_7,21,306,6.862745098039216,5,ok
Aqours_anshuka,21,306,6.862745098039216,4,ok
axler3500,21,306,6.862745098039216,4,ok
ayasa_soma,21,306,6.862745098039216,4,ok
ayasa_soma_1,21,306,6.862745098039216,4,ok
behoimi,21,306,6.862745098039216,4,ok
chokorei7,21,306,6.862745098039216,4,ok
for_homes,21,306,6.862745098039216,4,ok
honeywaterlemon,21,306,6.862745098039216,4,ok
kei7aUMi,21,306,6.862745098039216,4,ok
kiki_kaikai,21,306,6.862745098039216,4,ok
kiyowananuko,21,306,6.862745098039216,4,ok
kkz_ria,21,306,6.862745098039216,4,ok
mag_rou,21,306,6.862745098039216,4,ok
miya_td_13,21,306,6.862745098039216,4,ok
mohe_coco,21,306,6.862745098039216,4,ok
pad_hakako,21,306,6.862745098039216,4,ok
Re_Sa_or_Na,21,306,6.862745098039216,4,ok
retrospectivek2,21,306,6.862745098039216,4,ok
run_,21,306,6.862745098039216,4,ok
Salvere555,21,306,6.862745098039216,4,ok
SN00201,21,306,6.862745098039216,4,ok
takechi,21,306,6.862745098039216,4,ok
triplemini3356,21,306,6.862745098039216,4,ok
UsSrn_Gu15,21,306,6.862745098039216,4,ok
Usu__LL,21,306,6.862745098039216,4,ok
39751323nmi,21,306,6.862745098039216,3,ok
3gt46,21,306,6.862745098039216,3,ok
45o2,21,306,6.862745098039216,3,ok
_kurax3,21,306,6.862745098039216,3,ok
abua_levocla,21,306,6.862745098039216,3,ok
ajtgpjd,21,306,6.862745098039216,3,ok
Akad0ri,21,306,6.862745098039216,3,ok
bd_romu,21,306,6.862745098039216,3,ok
CHISATO__TO,21,306,6.862745098039216,3,ok
edaomo,21,306,6.862745098039216,3,ok
f800gt_mog_712,21,306,6.862745098039216,3,ok
fishimage1992,21,306,6.862745098039216,3,ok
garikson,21,306,6.862745098039216,3,ok
golf_ranko,21,306,6.862745098039216,3,ok
hks1010_a,21,306,6.862745098039216,3,ok
holo774,21,306,6.862745098039216,3,ok
huo__long,21,306,6.862745098039216,3,ok
hyouketuhiro,21,306,6.862745098039216,3,ok
jol7_lli,21,306,6.862745098039216,3,ok
kasmiya,21,306,6.862745098039216,3,ok
kirongumist,21,306,6.862745098039216,3,ok
kizunaamigo,21,306,6.862745098039216,3,ok
krsn_0408,21,306,6.862745098039216,3,ok
leftvtrover,21,306,6.862745098039216,3,ok
LoveKK_0204,21,306,6.862745098039216,3,ok
masa114,21,306,6.862745098039216,3,ok
masa_0817,21,306,6.862745098039216,3,ok
mbqjt282,21,306,6.862745098039216,3,ok
mercury2radio,21,306,6.862745098039216,3,ok
nashihisan,21,306,6.862745098039216,3,ok
nettle,21,306,6.862745098039216,3,ok
nzysr17,21,306,6.862745098039216,3,ok
penguin_local,21,306,6.862745098039216,3,ok
rona,21,306,6.862745098039216,3,ok
sacraneco,21,306,6.862745098039216,3,ok
sazanka_lubby,21,306,6.862745098039216,3,ok
sendaixxxxcity,21,306,6.862745098039216,3,ok
shinokichi_1110,21,306,6.862745098039216,3,ok
skh373,21,306,6.862745098039216,3,ok
sora665000,21,306,6.862745098039216,3,ok
t_toshisan,21,306,6.862745098039216,3,ok
tomhawk0,21,306,6.862745098039216,3,ok
tomo_k4869,21,306,6.862745098039216,3,ok
tunayosi7th_hvn,21,306,6.862745098039216,3,ok
WJH,21,306,6.862745098039216,3,ok
y_zrrh,21,306,6.862745098039216,3,ok
ynu_suwa,21,306,6.862745098039216,3,ok
asano_perfume,21,306,6.862745098039216,2,ok
batman_zo521,21,306,6.862745098039216,2,ok
daidai20010304,21,306,6.862745098039216,2,ok
DEXIT,21,306,6.862745098039216,2,ok
dreamer199506,21,306,6.862745098039216,2,ok
haruume_scm,21,306,6.862745098039216,2,ok
hrk_sek_M,21,306,6.862745098039216,2,ok
Kaizoku_King__,21,306,6.862745098039216,2,ok
kanamachi_off,21,306,6.862745098039216,2,ok
kokoro202,21,306,6.862745098039216,2,ok
lilydgc,21,306,6.862745098039216,2,ok
littlejh2005,21,306,6.862745098039216,2,ok
mmrnpp,21,306,6.862745098039216,2,ok
NeodymBox,21,306,6.862745098039216,2,ok
notyourproblem,21,306,6.862745098039216,2,ok
pepsi_cola_man,21,306,6.862745098039216,2,ok
pullmeunder,21,306,6.862745098039216,2,ok
Ragethis,21,306,6.862745098039216,2,ok
ramginn_yryr,21,306,6.862745098039216,2,ok
Saitofaith,21,306,6.862745098039216,2,ok
seedsdinning,21,306,6.862745098039216,2,ok
torme2000,21,306,6.862745098039216,2,ok
Uta_rinlove1216,21,306,6.862745098039216,2,ok
varacuda2645,21,306,6.862745098039216,2,ok
vettel07_777,21,306,6.862745098039216,2,ok
wang804799287,21,306,6.862745098039216,2,ok
wisper_wise,21,306,6.862745098039216,2,ok
you075,21,306,6.862745098039216,2,ok
yugu_rotte_toy,21,306,6.862745098039216,2,ok
ASH_274,21,306,6.862745098039216,1,ok
Bally_Bornet,21,306,6.862745098039216,1,ok
beniiroreizu,21,306,6.862745098039216,1,ok
ejfdl1,21,306,6.862745098039216,1,ok
enomototakashi,21,306,6.862745098039216,1,ok
gizmode839347,21,306,6.862745098039216,1,ok
Keigoku_niku,21,306,6.862745098039216,1,ok
kiyokawaV1,21,306,6.862745098039216,1,ok
korokke,21,306,6.862745098039216,1,ok
kouki.fc.506,21,306,6.862745098039216,1,ok
kuni93,21,306,6.862745098039216,1,ok
lanser4143769,21,306,6.862745098039216,1,ok
masterkeaton,21,306,6.862745098039216,1,ok
maxlin,21,306,6.862745098039216,1,ok
mintobaffalo,21,306,6.862745098039216,1,ok
nonta_kyoto77,21,306,6.862745098039216,1,ok
Oaser,21,306,6.862745098039216,1,ok
peorth0720,21,306,6.862745098039216,1,ok
popo_uyuu,21,306,6.862745098039216,1,ok
projectseemless,21,306,6.862745098039216,1,ok
reimu,21,306,6.862745098039216,1,ok
sausagehead,21,306,6.862745098039216,1,ok
schoolzoon7131,21,306,6.862745098039216,1,ok
SeaN_tSe,21,306,6.862745098039216,1,ok
sosnoharuhi,21,306,6.862745098039216,1,ok
soulmate9147,21,306,6.862745098039216,1,ok
sutopuri77,21,306,6.862745098039216,1,ok
tooboerakuma,21,306,6.862745098039216,1,ok
voltagenainteen,21,306,6.862745098039216,1,ok
yakiudon_tw,21,306,6.862745098039216,1,ok
meow_929,20,306,6.535947712418301,14,ok
Reira_777,20,306,6.535947712418301,13,ok
HBcDs,20,306,6.535947712418301,12,ok
futamu_run_111,20,306,6.535947712418301,11,ok
kzsrmm,20,306,6.535947712418301,10,ok
p_tolemy0,20,306,6.535947712418301,10,ok
yasuko0084,20,306,6.535947712418301,10,ok
black0103,20,306,6.535947712418301,9,ok
mirabeila3,20,306,6.535947712418301,9,ok
443Moon,20,306,6.535947712418301,8,ok
ajiro14,20,306,6.535947712418301,8,ok
eiji071001,20,306,6.535947712418301,8,ok
mryktys,20,306,6.535947712418301,8,ok
NRusi,20,306,6.535947712418301,8,ok
OH_1315_,20,306,6.535947712418301,8,ok
saya_sayatinn_,20,306,6.535947712418301,8,ok
tomo_mimo,20,306,6.535947712418301,8,ok
white_wing_117,20,306,6.535947712418301,8,ok
yaugor,20,306,6.535947712418301,8,ok
yuh_pana,20,306,6.535947712418301,8,ok
0_157a_a,20,306,6.535947712418301,7,ok
ash01duelink,20,306,6.535947712418301,7,ok
bbbyokon,20,306,6.535947712418301,7,ok
chokko_a,20,306,6.535947712418301,7,ok
crossly_hy,20,306,6.535947712418301,7,ok
doujan2,20,306,6.535947712418301,7,ok
drache_h02,20,306,6.535947712418301,7,ok
etamaruNyan,20,306,6.535947712418301,7,ok
fesiawind,20,306,6.535947712418301,7,ok
hamyu044,20,306,6.535947712418301,7,ok
hmkmsn14,20,306,6.535947712418301,7,ok
kikirara1357,20,306,6.535947712418301,7,ok
loven2,20,306,6.535947712418301,7,ok
mmzkzk,20,306,6.535947712418301,7,ok
saitaman_27,20,306,6.535947712418301,7,ok
Sakura_Ayq,20,306,6.535947712418301,7,ok
sha_choP,20,306,6.535947712418301,7,ok
smorita,20,306,6.535947712418301,7,ok
sphere_1115,20,306,6.535947712418301,7,ok
style_tiachan,20,306,6.535947712418301,7,ok
ari_yuikaori,20,306,6.535947712418301,6,ok
charlie_hmy,20,306,6.535947712418301,6,ok
chuxxxdon,20,306,6.535947712418301,6,ok
derbyjocky223,20,306,6.535947712418301,6,ok
fs017182,20,306,6.535947712418301,6,ok
fuka0728,20,306,6.535947712418301,6,ok
gab_1123,20,306,6.535947712418301,6,ok
Giss_0213,20,306,6.535947712418301,6,ok
grgreen_onion,20,306,6.535947712418301,6,ok
Habakyan,20,306,6.535947712418301,6,ok
hinlai96,20,306,6.535947712418301,6,ok
kumasplovdream,20,306,6.535947712418301,6,ok
LAIKANGHUNG,20,306,6.535947712418301,6,ok
mikan_mkyk,20,306,6.535947712418301,6,ok
pierrotpcs,20,306,6.535947712418301,6,ok
Ryo2_ty,20,306,6.535947712418301,6,ok
sasaki_afilia,20,306,6.535947712418301,6,ok
sbIMtown,20,306,6.535947712418301,6,ok
syokou_818,20,306,6.535947712418301,6,ok
tb4071,20,306,6.535947712418301,6,ok
yayoi_izumi,20,306,6.535947712418301,6,ok
you506_5,20,306,6.535947712418301,6,ok
yws_77,20,306,6.535947712418301,6,ok
adashima,20,306,6.535947712418301,5,ok
amazu_noeme,20,306,6.535947712418301,5,ok
asuraso,20,306,6.535947712418301,5,ok
avataremie,20,306,6.535947712418301,5,ok
bf_hrmaky,20,306,6.535947712418301,5,ok
forest020407,20,306,6.535947712418301,5,ok
fubin625,20,306,6.535947712418301,5,ok
furedora,20,306,6.535947712418301,5,ok
futo1106pocket,20,306,6.535947712418301,5,ok
gobojustaway,20,306,6.535947712418301,5,ok
hajimechantkan,20,306,6.535947712418301,5,ok
imasphereLL,20,306,6.535947712418301,5,ok
JegyPotter,20,306,6.535947712418301,5,ok
JUNHYEOK,20,306,6.535947712418301,5,ok
karubi_F_,20,306,6.535947712418301,5,ok
lovliv_sphetan,20,306,6.535947712418301,5,ok
medakabox67,20,306,6.535947712418301,5,ok
Mikado,20,306,6.535947712418301,5,ok
miyasaki,20,306,6.535947712418301,5,ok
mizuishi123,20,306,6.535947712418301,5,ok
nex0599_neu,20,306,6.535947712418301,5,ok
noshuke_Japan,20,306,6.535947712418301,5,ok
pekihan,20,306,6.535947712418301,5,ok
randsomeware69,20,306,6.535947712418301,5,ok
roninikkyo,20,306,6.535947712418301,5,ok
s_____,20,306,6.535947712418301,5,ok
Satoharu_dayo,20,306,6.535947712418301,5,ok
Shimazaki_hasu,20,306,6.535947712418301,5,ok
silkkydry46,20,306,6.535947712418301,5,ok
soaringhear,20,306,6.535947712418301,5,ok
strawman_b,20,306,6.535947712418301,5,ok
Tario,20,306,6.535947712418301,5,ok
tetris_R2334,20,306,6.535947712418301,5,ok
tetuhausenpachi,20,306,6.535947712418301,5,ok
tony7216,20,306,6.535947712418301,5,ok
uciris11,20,306,6.535947712418301,5,ok
yuyu1098,20,306,6.535947712418301,5,ok
a_keiichi,20,306,6.535947712418301,4,ok
anji_hi,20,306,6.535947712418301,4,ok
deldel_chan,20,306,6.535947712418301,4,ok
dkurokob,20,306,6.535947712418301,4,ok
drkshn_,20,306,6.535947712418301,4,ok
izaboh,20,306,6.535947712418301,4,ok
karuraAnastasia,20,306,6.535947712418301,4,ok
LunarQuickness3,20,306,6.535947712418301,4,ok
me___me,20,306,6.535947712418301,4,ok
mikumas,20,306,6.535947712418301,4,ok
mori_ca85991151,20,306,6.535947712418301,4,ok
mtntwu,20,306,6.535947712418301,4,ok
n0gi111,20,306,6.535947712418301,4,ok
SHIBUCHO,20,306,6.535947712418301,4,ok
sky__kidd,20,306,6.535947712418301,4,ok
t7s_3244,20,306,6.535947712418301,4,ok
taichi39110,20,306,6.535947712418301,4,ok
takahasy28,20,306,6.535947712418301,4,ok
tire014tkg,20,306,6.535947712418301,4,ok
yae_happa,20,306,6.535947712418301,4,ok
yktvx9,20,306,6.535947712418301,4,ok
004,20,306,6.535947712418301,3,ok
1ce9reeam,20,306,6.535947712418301,3,ok
3277nm7,20,306,6.535947712418301,3,ok
7thwraith,20,306,6.535947712418301,3,ok
abc123jack1,20,306,6.535947712418301,3,ok
AriCmark_,20,306,6.535947712418301,3,ok
cattie0709,20,306,6.535947712418301,3,ok
de_eichi,20,306,6.535947712418301,3,ok
DIAMANTE_J,20,306,6.535947712418301,3,ok
dotto_monyu,20,306,6.535947712418301,3,ok
ebi___chi,20,306,6.535947712418301,3,ok
FW,20,306,6.535947712418301,3,ok
Genelal295540,20,306,6.535947712418301,3,ok
imai4398,20,306,6.535947712418301,3,ok
inabasyokuhin,20,306,6.535947712418301,3,ok
K_Jin0,20,306,6.535947712418301,3,ok
k_ma_ts5129,20,306,6.535947712418301,3,ok
kazup_p,20,306,6.535947712418301,3,ok
kokoroko0204,20,306,6.535947712418301,3,ok
Komiya_Rhodes,20,306,6.535947712418301,3,ok
m1cku,20,306,6.535947712418301,3,ok
mise_rable,20,306,6.535947712418301,3,ok
momolab,20,306,6.535947712418301,3,ok
nagity___,20,306,6.535947712418301,3,ok
nayatoy,20,306,6.535947712418301,3,ok
nishiwakideath,20,306,6.535947712418301,3,ok
pisco95,20,306,6.535947712418301,3,ok
reanda0403,20,306,6.535947712418301,3,ok
rinnemyojin,20,306,6.535947712418301,3,ok
suoung402,20,306,6.535947712418301,3,ok
tako_11,20,306,6.535947712418301,3,ok
tetaryo,20,306,6.535947712418301,3,ok
toursp0,20,306,6.535947712418301,3,ok
tubamenjolno,20,306,6.535947712418301,3,ok
urara_yui_,20,306,6.535947712418301,3,ok
yamayama232323,20,306,6.535947712418301,3,ok
you0114,20,306,6.535947712418301,3,ok
yume_ani,20,306,6.535947712418301,3,ok
yuyuyuimas315,20,306,6.535947712418301,3,ok
Zeroblade,20,306,6.535947712418301,3,ok
124Mizusin,20,306,6.535947712418301,2,ok
_theoria,20,306,6.535947712418301,2,ok
abc123jack,20,306,6.535947712418301,2,ok
Achasope,20,306,6.535947712418301,2,ok
Aironix_aimi,20,306,6.535947712418301,2,ok
azuki_8_1979,20,306,6.535947712418301,2,ok
ball_keeper,20,306,6.535947712418301,2,ok
blaconryukisi,20,306,6.535947712418301,2,ok
bleach,20,306,6.535947712418301,2,ok
busket2525,20,306,6.535947712418301,2,ok
creephipe,20,306,6.535947712418301,2,ok
dancefact,20,306,6.535947712418301,2,ok
debu_chocobo777,20,306,6.535947712418301,2,ok
Delta_keity,20,306,6.535947712418301,2,ok
Delta_keity514,20,306,6.535947712418301,2,ok
DphVi,20,306,6.535947712418301,2,ok
echo_ii,20,306,6.535947712418301,2,ok
EvEBOMB3Liker,20,306,6.535947712418301,2,ok
forcus,20,306,6.535947712418301,2,ok
Gewehr_99,20,306,6.535947712418301,2,ok
gn_mikafu,20,306,6.535947712418301,2,ok
Gohome,20,306,6.535947712418301,2,ok
golost8444,20,306,6.535947712418301,2,ok
hao_OuO,20,306,6.535947712418301,2,ok
hiro_JadeStern,20,306,6.535947712418301,2,ok
iDOLMASTER000,20,306,6.535947712418301,2,ok
ikoan_chan,20,306,6.535947712418301,2,ok
JasmineFES,20,306,6.535947712418301,2,ok
JULIA_BCNR33,20,306,6.535947712418301,2,ok
kimisora,20,306,6.535947712418301,2,ok
kkkkuwayama,20,306,6.535947712418301,2,ok
kudoyuri513,20,306,6.535947712418301,2,ok
kuwaina,20,306,6.535947712418301,2,ok
m9a10417,20,306,6.535947712418301,2,ok
macoaoaaa,20,306,6.535947712418301,2,ok
mark_dg,20,306,6.535947712418301,2,ok
Michelangelo,20,306,6.535947712418301,2,ok
mura0,20,306,6.535947712418301,2,ok
nankurunaisa,20,306,6.535947712418301,2,ok
nazotenryu,20,306,6.535947712418301,2,ok
NERV_2015,20,306,6.535947712418301,2,ok
nigo23888843,20,306,6.535947712418301,2,ok
osamu1204,20,306,6.535947712418301,2,ok
pazudora12031,20,306,6.535947712418301,2,ok
picaso_n,20,306,6.535947712418301,2,ok
qetuouo,20,306,6.535947712418301,2,ok
raku0611,20,306,6.535947712418301,2,ok
renhahi,20,306,6.535947712418301,2,ok
reusuW,20,306,6.535947712418301,2,ok
ROLEX375477186,20,306,6.535947712418301,2,ok
sacn0te,20,306,6.535947712418301,2,ok
shiro_mamushi,20,306,6.535947712418301,2,ok
simsimbump,20,306,6.535947712418301,2,ok
so_1,20,306,6.535947712418301,2,ok
takatsuka_TB,20,306,6.535947712418301,2,ok
tantanm30248568,20,306,6.535947712418301,2,ok
ToK,20,306,6.535947712418301,2,ok
umi25,20,306,6.535947712418301,2,ok
vogue6679,20,306,6.535947712418301,2,ok
waki,20,306,6.535947712418301,2,ok
wangluozhen2,20,306,6.535947712418301,2,ok
x_nami_tama_730,20,306,6.535947712418301,2,ok
Y_AOI,20,306,6.535947712418301,2,ok
yorito46,20,306,6.535947712418301,2,ok
youthfuldays,20,306,6.535947712418301,2,ok
yskwtkhr525,20,306,6.535947712418301,2,ok
yuu_1199,20,306,6.535947712418301,2,ok
zxr2333,20,306,6.535947712418301,2,ok
aoihito3215,20,306,6.535947712418301,1,ok
bitcoin337091,20,306,6.535947712418301,1,ok
brokenhorizon,20,306,6.535947712418301,1,ok
brokenhorizon0828,20,306,6.535947712418301,1,ok
BURST__,20,306,6.535947712418301,1,ok
cherrypink0421,20,306,6.535947712418301,1,ok
daybreak_ys,20,306,6.535947712418301,1,ok
haku990424,20,306,6.535947712418301,1,ok
haruka139,20,306,6.535947712418301,1,ok
liusu119,20,306,6.535947712418301,1,ok
midnight_fog,20,306,6.535947712418301,1,ok
Muramasa_Brade,20,306,6.535947712418301,1,ok
Muv_luv_AL,20,306,6.535947712418301,1,ok
nyusatsu_01,20,306,6.535947712418301,1,ok
pain_774,20,306,6.535947712418301,1,ok
Rainbow_Densha,20,306,6.535947712418301,1,ok
ryu_min,20,306,6.535947712418301,1,ok
sayonaraconmai,20,306,6.535947712418301,1,ok
Shuzenji_Makino,20,306,6.535947712418301,1,ok
TalesShadow,20,306,6.535947712418301,1,ok
uneakcocoon00,20,306,6.535947712418301,1,ok
WHlTE_obt,20,306,6.535947712418301,1,ok
y0wane_89,20,306,6.535947712418301,1,ok
iceman_2ndG,19,306,6.209150326797386,12,ok
maguro_lovelive,19,306,6.209150326797386,10,ok
mkmklmp,19,306,6.209150326797386,10,ok
nor_ger,19,306,6.209150326797386,10,ok
otal_2,19,306,6.209150326797386,10,ok
bluemoon0501,19,306,6.209150326797386,9,ok
joniki54,19,306,6.209150326797386,9,ok
kyotoP,19,306,6.209150326797386,9,ok
star_765imAs,19,306,6.209150326797386,9,ok
toshiki_fukumiz,19,306,6.209150326797386,9,ok
Unknownn,19,306,6.209150326797386,9,ok
consamik1,19,306,6.209150326797386,8,ok
gonsukeXXX,19,306,6.209150326797386,8,ok
haruweedblow,19,306,6.209150326797386,8,ok
mosyama_no555,19,306,6.209150326797386,8,ok
Pamela_sgr11,19,306,6.209150326797386,8,ok
T_okitsugu,19,306,6.209150326797386,8,ok
zvuc,19,306,6.209150326797386,8,ok
0203_gisu,19,306,6.209150326797386,7,ok
__g__e__S__o,19,306,6.209150326797386,7,ok
_ya41_,19,306,6.209150326797386,7,ok
eiheideichein,19,306,6.209150326797386,7,ok
gekkohstar,19,306,6.209150326797386,7,ok
jango023,19,306,6.209150326797386,7,ok
kiryuch77,19,306,6.209150326797386,7,ok
maxikitidaikiti,19,306,6.209150326797386,7,ok
moguuu_moguuu,19,306,6.209150326797386,7,ok
Nao_Nao_7,19,306,6.209150326797386,7,ok
no14_you,19,306,6.209150326797386,7,ok
okachan_0417,19,306,6.209150326797386,7,ok
p__hone,19,306,6.209150326797386,7,ok
Ryoakiaki,19,306,6.209150326797386,7,ok
sla_g,19,306,6.209150326797386,7,ok
tensei18,19,306,6.209150326797386,7,ok
Anker_jabaki,19,306,6.209150326797386,6,ok
aos,19,306,6.209150326797386,6,ok
c_ll_tjnz3,19,306,6.209150326797386,6,ok
cla_itu,19,306,6.209150326797386,6,ok
Cookie_iori,19,306,6.209150326797386,6,ok
deru10,19,306,6.209150326797386,6,ok
dice_ds,19,306,6.209150326797386,6,ok
dyingmylife,19,306,6.209150326797386,6,ok
k_kadora,19,306,6.209150326797386,6,ok
Kaede_XV1,19,306,6.209150326797386,6,ok
kenp6542,19,306,6.209150326797386,6,ok
maruningen,19,306,6.209150326797386,6,ok
Mikasa_ya,19,306,6.209150326797386,6,ok
nyttommyp,19,306,6.209150326797386,6,ok
onifan,19,306,6.209150326797386,6,ok
t06kf017,19,306,6.209150326797386,6,ok
xo___o___o___ox,19,306,6.209150326797386,6,ok
yumezora_0ji3,19,306,6.209150326797386,6,ok
yusuke791213,19,306,6.209150326797386,6,ok
430LU5,19,306,6.209150326797386,5,ok
_cyanate,19,306,6.209150326797386,5,ok
_oharamari_,19,306,6.209150326797386,5,ok
_ytb_s,19,306,6.209150326797386,5,ok
Anninfinity_,19,306,6.209150326797386,5,ok
AsobiTamashii,19,306,6.209150326797386,5,ok
BlastHzEx,19,306,6.209150326797386,5,ok
C1021mayn2,19,306,6.209150326797386,5,ok
clnct,19,306,6.209150326797386,5,ok
Fuwari0320,19,306,6.209150326797386,5,ok
g4reh,19,306,6.209150326797386,5,ok
hnmr_jj,19,306,6.209150326797386,5,ok
icchii_mm,19,306,6.209150326797386,5,ok
issyonidaiojo,19,306,6.209150326797386,5,ok
kotooka,19,306,6.209150326797386,5,ok
kunow09,19,306,6.209150326797386,5,ok
lake_1913,19,306,6.209150326797386,5,ok
m_jersey0826,19,306,6.209150326797386,5,ok
maru_mmrn,19,306,6.209150326797386,5,ok
masa_fumifumi,19,306,6.209150326797386,5,ok
moriasukacn,19,306,6.209150326797386,5,ok
nyanyanya1bay,19,306,6.209150326797386,5,ok
peoplezz123,19,306,6.209150326797386,5,ok
reze13mr,19,306,6.209150326797386,5,ok
rinkamirei_2872,19,306,6.209150326797386,5,ok
rippi_rinpna,19,306,6.209150326797386,5,ok
rocher_173,19,306,6.209150326797386,5,ok
Ruka_tlsp,19,306,6.209150326797386,5,ok
savefate,19,306,6.209150326797386,5,ok
ta1_ch1105_ks,19,306,6.209150326797386,5,ok
Tackey3618,19,306,6.209150326797386,5,ok
tento,19,306,6.209150326797386,5,ok
Tracyking,19,306,6.209150326797386,5,ok
Yu_NextFlowers,19,306,6.209150326797386,5,ok
yum101120,19,306,6.209150326797386,5,ok
Yunbokun0624,19,306,6.209150326797386,5,ok
heyz_k,19,306,6.209150326797386,4,ok
igaguri43811,19,306,6.209150326797386,4,ok
joker_of_fate,19,306,6.209150326797386,4,ok
kanamari_please,19,306,6.209150326797386,4,ok
kizame_gato,19,306,6.209150326797386,4,ok
koebuta_JUN,19,306,6.209150326797386,4,ok
l___nico___l,19,306,6.209150326797386,4,ok
links821,19,306,6.209150326797386,4,ok
marutama_ouka,19,306,6.209150326797386,4,ok
nagameno_sora,19,306,6.209150326797386,4,ok
Nick421_main,19,306,6.209150326797386,4,ok
Ri_tnLs,19,306,6.209150326797386,4,ok
Rob_ust,19,306,6.209150326797386,4,ok
sayunanase,19,306,6.209150326797386,4,ok
Tak_Kaede,19,306,6.209150326797386,4,ok
takayama_m586,19,306,6.209150326797386,4,ok
Ten_ha_Sorairo,19,306,6.209150326797386,4,ok
toy2qee,19,306,6.209150326797386,4,ok
tutalike24,19,306,6.209150326797386,4,ok
typemoonnet,19,306,6.209150326797386,4,ok
youyu11007,19,306,6.209150326797386,4,ok
zrn_105,19,306,6.209150326797386,4,ok
akatukizuna,19,306,6.209150326797386,3,ok
BlackDobermann,19,306,6.209150326797386,3,ok
blue_moon_k,19,306,6.209150326797386,3,ok
chibisan22,19,306,6.209150326797386,3,ok
convine,19,306,6.209150326797386,3,ok
Dacchi_bomdia,19,306,6.209150326797386,3,ok
daiki0530,19,306,6.209150326797386,3,ok
deflis,19,306,6.209150326797386,3,ok
E04nin,19,306,6.209150326797386,3,ok
erinana,19,306,6.209150326797386,3,ok
HAROooooooooo46,19,306,6.209150326797386,3,ok
kirame7,19,306,6.209150326797386,3,ok
ko_ceder21,19,306,6.209150326797386,3,ok
kokofubu_1,19,306,6.209150326797386,3,ok
kuro_senj,19,306,6.209150326797386,3,ok
lonagodesu,19,306,6.209150326797386,3,ok
magicartroom,19,306,6.209150326797386,3,ok
MaruS,19,306,6.209150326797386,3,ok
nanapiyo_99th,19,306,6.209150326797386,3,ok
oh_that_will,19,306,6.209150326797386,3,ok
platinumhnhn,19,306,6.209150326797386,3,ok
poappy,19,306,6.209150326797386,3,ok
putiputi_puttyo,19,306,6.209150326797386,3,ok
Refly_K375,19,306,6.209150326797386,3,ok
shunito133,19,306,6.209150326797386,3,ok
SkinMilk,19,306,6.209150326797386,3,ok
sora96,19,306,6.209150326797386,3,ok
syobon1190,19,306,6.209150326797386,3,ok
Takatsuki_sa13,19,306,6.209150326797386,3,ok
TrySailer,19,306,6.209150326797386,3,ok
Wave_All_Re,19,306,6.209150326797386,3,ok
xiaofangyeye,19,306,6.209150326797386,3,ok
yc39_yozora,19,306,6.209150326797386,3,ok
yukiusa_nyan,19,306,6.209150326797386,3,ok
yuuzw_39,19,306,6.209150326797386,3,ok
210Utimura,19,306,6.209150326797386,2,ok
_93311,19,306,6.209150326797386,2,ok
Aquavit5511,19,306,6.209150326797386,2,ok
asuka_ahahahaha,19,306,6.209150326797386,2,ok
averity119,19,306,6.209150326797386,2,ok
banzai_bonsai,19,306,6.209150326797386,2,ok
calnadalvaly,19,306,6.209150326797386,2,ok
Carp,19,306,6.209150326797386,2,ok
chobi_chu,19,306,6.209150326797386,2,ok
dangeroussoon,19,306,6.209150326797386,2,ok
funako0810,19,306,6.209150326797386,2,ok
H21Mana,19,306,6.209150326797386,2,ok
h_kana,19,306,6.209150326797386,2,ok
HeavensRock,19,306,6.209150326797386,2,ok
honya_run08,19,306,6.209150326797386,2,ok
hoppin03,19,306,6.209150326797386,2,ok
Hyoizaburo,19,306,6.209150326797386,2,ok
inorare_minase,19,306,6.209150326797386,2,ok
kanaria_riri,19,306,6.209150326797386,2,ok
king_leo,19,306,6.209150326797386,2,ok
kknose_,19,306,6.209150326797386,2,ok
kko_es010,19,306,6.209150326797386,2,ok
latteS2iori,19,306,6.209150326797386,2,ok
MaRiA,19,306,6.209150326797386,2,ok
minasakilee,19,306,6.209150326797386,2,ok
missshio,19,306,6.209150326797386,2,ok
mk_siro,19,306,6.209150326797386,2,ok
myjian_tw,19,306,6.209150326797386,2,ok
NemesisRain,19,306,6.209150326797386,2,ok
nn_yzrh,19,306,6.209150326797386,2,ok
nori_nori331,19,306,6.209150326797386,2,ok
p_per_,19,306,6.209150326797386,2,ok
qsen_kh,19,306,6.209150326797386,2,ok
qt_bebe,19,306,6.209150326797386,2,ok
qudam_tw,19,306,6.209150326797386,2,ok
robachin_0813,19,306,6.209150326797386,2,ok
ropponasi.kuroikirin,19,306,6.209150326797386,2,ok
ruirui346_1,19,306,6.209150326797386,2,ok
switch_field13,19,306,6.209150326797386,2,ok
tamakiss,19,306,6.209150326797386,2,ok
tbt282tbt,19,306,6.209150326797386,2,ok
Thames_GG,19,306,6.209150326797386,2,ok
Thanatos,19,306,6.209150326797386,2,ok
tn_____00,19,306,6.209150326797386,2,ok
TOKACHI7,19,306,6.209150326797386,2,ok
tommy_tomitake,19,306,6.209150326797386,2,ok
ToRiRiA313_SKuR,19,306,6.209150326797386,2,ok
whitetail_yuki,19,306,6.209150326797386,2,ok
wsavitar,19,306,6.209150326797386,2,ok
yuu_y_e,19,306,6.209150326797386,2,ok
zensoutaityou,19,306,6.209150326797386,2,ok
8WFrIrirV1iFHH9,19,306,6.209150326797386,1,ok
9chiruchiru9,19,306,6.209150326797386,1,ok
astonmartin950125,19,306,6.209150326797386,1,ok
BobbyHunter,19,306,6.209150326797386,1,ok
brent0533,19,306,6.209150326797386,1,ok
bVxZ41GDGiOz7lq,19,306,6.209150326797386,1,ok
chaafan,19,306,6.209150326797386,1,ok
changeorg,19,306,6.209150326797386,1,ok
fasnowy,19,306,6.209150326797386,1,ok
flyingfinn_aki,19,306,6.209150326797386,1,ok
gandalfkohinata,19,306,6.209150326797386,1,ok
hibiki_mayuge78,19,306,6.209150326797386,1,ok
hiiide809,19,306,6.209150326797386,1,ok
hirarin_xp,19,306,6.209150326797386,1,ok
hotcocoa2485,19,306,6.209150326797386,1,ok
htmlkarin,19,306,6.209150326797386,1,ok
ice_echizen,19,306,6.209150326797386,1,ok
kigunasumini,19,306,6.209150326797386,1,ok
kisonP,19,306,6.209150326797386,1,ok
KMJS,19,306,6.209150326797386,1,ok
kokuto_milk,19,306,6.209150326797386,1,ok
kwon32980,19,306,6.209150326797386,1,ok
lcq2436312033,19,306,6.209150326797386,1,ok
MmqZg,19,306,6.209150326797386,1,ok
nagasakikoumei,19,306,6.209150326797386,1,ok
Nep12une,19,306,6.209150326797386,1,ok
nilaishuor,19,306,6.209150326797386,1,ok
robot_arm,19,306,6.209150326797386,1,ok
Setchan_0924,19,306,6.209150326797386,1,ok
shitake_px,19,306,6.209150326797386,1,ok
soo_syyant,19,306,6.209150326797386,1,ok
stfnm_,19,306,6.209150326797386,1,ok
sumihira_0522,19,306,6.209150326797386,1,ok
wata_0816,19,306,6.209150326797386,1,ok
x_dy_t,19,306,6.209150326797386,1,ok
YaMF2AiKBtryXtT,19,306,6.209150326797386,1,ok
yuu_soratsuki,19,306,6.209150326797386,1,ok
riajubakuhatu77,18,306,5.88235294117647,15,ok
you0106,18,306,5.88235294117647,12,ok
shuflle123,18,306,5.88235294117647,11,ok
daiginjo,18,306,5.88235294117647,10,ok
K_akiken,18,306,5.88235294117647,10,ok
yuutaka62,18,306,5.88235294117647,10,ok
c_418039,18,306,5.88235294117647,9,ok
hidesan19800121,18,306,5.88235294117647,9,ok
jinpei3203,18,306,5.88235294117647,9,ok
minamikaze1224,18,306,5.88235294117647,9,ok
natu0424,18,306,5.88235294117647,9,ok
ak_anet21,18,306,5.88235294117647,8,ok
gott5182,18,306,5.88235294117647,8,ok
matcha0711,18,306,5.88235294117647,8,ok
Schwarz_H,18,306,5.88235294117647,8,ok
shinkisama,18,306,5.88235294117647,8,ok
yoshi_765mil,18,306,5.88235294117647,8,ok
_kiribati,18,306,5.88235294117647,7,ok
_m_aabo,18,306,5.88235294117647,7,ok
aria_dm2525,18,306,5.88235294117647,7,ok
dean_fujimoto,18,306,5.88235294117647,7,ok
hakurotd20,18,306,5.88235294117647,7,ok
harris_seiyu,18,306,5.88235294117647,7,ok
Hikonyannnn,18,306,5.88235294117647,7,ok
kraaliy,18,306,5.88235294117647,7,ok
last_fortune16,18,306,5.88235294117647,7,ok
mmiz_kucchi,18,306,5.88235294117647,7,ok
oSIRIs_1000,18,306,5.88235294117647,7,ok
shi_shun_qui,18,306,5.88235294117647,7,ok
tirol_baum,18,306,5.88235294117647,7,ok
yukihi,18,306,5.88235294117647,7,ok
4inryu,18,306,5.88235294117647,6,ok
archYK5,18,306,5.88235294117647,6,ok
AsahinaRay4th,18,306,5.88235294117647,6,ok
cra_trysail,18,306,5.88235294117647,6,ok
dreamlight625,18,306,5.88235294117647,6,ok
Egoist_ssra,18,306,5.88235294117647,6,ok
Funneldora,18,306,5.88235294117647,6,ok
gatagata7443,18,306,5.88235294117647,6,ok
hiro_aaysy,18,306,5.88235294117647,6,ok
horaryu,18,306,5.88235294117647,6,ok
kazuhisa_0814,18,306,5.88235294117647,6,ok
kyanori_kyky,18,306,5.88235294117647,6,ok
lapin_de_neige,18,306,5.88235294117647,6,ok
my_shining_ray,18,306,5.88235294117647,6,ok
nasuhaikuroneko,18,306,5.88235294117647,6,ok
passout,18,306,5.88235294117647,6,ok
ryoryo96,18,306,5.88235294117647,6,ok
snowdrop,18,306,5.88235294117647,6,ok
Soli_0222,18,306,5.88235294117647,6,ok
tatu_bou,18,306,5.88235294117647,6,ok
tatuya0120,18,306,5.88235294117647,6,ok
tokii_714,18,306,5.88235294117647,6,ok
XYZ,18,306,5.88235294117647,6,ok
1983paru,18,306,5.88235294117647,5,ok
AnswererExpress,18,306,5.88235294117647,5,ok
azuma_aruto,18,306,5.88235294117647,5,ok
datchan_yu_blue,18,306,5.88235294117647,5,ok
dekigen,18,306,5.88235294117647,5,ok
filmo_getInfo,18,306,5.88235294117647,5,ok
gyudonburin,18,306,5.88235294117647,5,ok
jyokai_8,18,306,5.88235294117647,5,ok
kashiwa_radio,18,306,5.88235294117647,5,ok
kimuko_tanioka,18,306,5.88235294117647,5,ok
kk_rb,18,306,5.88235294117647,5,ok
LDT,18,306,5.88235294117647,5,ok
LiSAyooooooshio_1,18,306,5.88235294117647,5,ok
Minyamin,18,306,5.88235294117647,5,ok
nagaretakegami,18,306,5.88235294117647,5,ok
piyo_tsun_1208,18,306,5.88235294117647,5,ok
prinz_yuru01,18,306,5.88235294117647,5,ok
sio_pen,18,306,5.88235294117647,5,ok
tomoaki_c,18,306,5.88235294117647,5,ok
umi_nex,18,306,5.88235294117647,5,ok
yansu_wacca,18,306,5.88235294117647,5,ok
yopivah3,18,306,5.88235294117647,5,ok
yuriority,18,306,5.88235294117647,5,ok
yuuyuu_nico,18,306,5.88235294117647,5,ok
Zeroerror,18,306,5.88235294117647,5,ok
1kuro17,18,306,5.88235294117647,4,ok
59smochi914,18,306,5.88235294117647,4,ok
_shio_kuro,18,306,5.88235294117647,4,ok
aoimegunadesu,18,306,5.88235294117647,4,ok
bspo41.24,18,306,5.88235294117647,4,ok
common12121212,18,306,5.88235294117647,4,ok
Glaceon_mania,18,306,5.88235294117647,4,ok
hakurai_,18,306,5.88235294117647,4,ok
hkcampu,18,306,5.88235294117647,4,ok
holoreimu,18,306,5.88235294117647,4,ok
hotlimit_873,18,306,5.88235294117647,4,ok
hyoukaheadphone,18,306,5.88235294117647,4,ok
kb0083,18,306,5.88235294117647,4,ok
keionloveyatou,18,306,5.88235294117647,4,ok
kiwi250r,18,306,5.88235294117647,4,ok
Koasing,18,306,5.88235294117647,4,ok
MagicalGirlUC,18,306,5.88235294117647,4,ok
maxwaver89,18,306,5.88235294117647,4,ok
momomotaku_,18,306,5.88235294117647,4,ok
nasa7R,18,306,5.88235294117647,4,ok
Occur0703,18,306,5.88235294117647,4,ok
oREo_0105,18,306,5.88235294117647,4,ok
power_medicine,18,306,5.88235294117647,4,ok
purewrite18,18,306,5.88235294117647,4,ok
riyoksa,18,306,5.88235294117647,4,ok
sa__,18,306,5.88235294117647,4,ok
shimahiroreds,18,306,5.88235294117647,4,ok
sumihira_nf,18,306,5.88235294117647,4,ok
terakawaneko,18,306,5.88235294117647,4,ok
Try_24600,18,306,5.88235294117647,4,ok
yuttaripinetree,18,306,5.88235294117647,4,ok
1145141919,18,306,5.88235294117647,3,ok
a__korokoro,18,306,5.88235294117647,3,ok
AbsoluteSky0226,18,306,5.88235294117647,3,ok
anisukichiro,18,306,5.88235294117647,3,ok
argon_kigasu,18,306,5.88235294117647,3,ok
chaos6228,18,306,5.88235294117647,3,ok
curerija,18,306,5.88235294117647,3,ok
cycles_moonside,18,306,5.88235294117647,3,ok
DDR_Kosmonaut,18,306,5.88235294117647,3,ok
detteiu315,18,306,5.88235294117647,3,ok
GP_you,18,306,5.88235294117647,3,ok
k_k__hide,18,306,5.88235294117647,3,ok
KAZUYA_KINGDOM,18,306,5.88235294117647,3,ok
Kinomoto_Rikka,18,306,5.88235294117647,3,ok
kokurage,18,306,5.88235294117647,3,ok
M0T0Y4FU35,18,306,5.88235294117647,3,ok
makoto_kamisato,18,306,5.88235294117647,3,ok
MkomachiA,18,306,5.88235294117647,3,ok
mochi_nansu,18,306,5.88235294117647,3,ok
Moon_L1ght156,18,306,5.88235294117647,3,ok
natsukawa_maru,18,306,5.88235294117647,3,ok
nerunekocap,18,306,5.88235294117647,3,ok
penpen123,18,306,5.88235294117647,3,ok
r4munecider,18,306,5.88235294117647,3,ok
RA_RS_chiro0928,18,306,5.88235294117647,3,ok
shinoki77,18,306,5.88235294117647,3,ok
shiva_yugi,18,306,5.88235294117647,3,ok
Shu4_aina,18,306,5.88235294117647,3,ok
takuma,18,306,5.88235294117647,3,ok
tsururin1112,18,306,5.88235294117647,3,ok
turara_Icicles,18,306,5.88235294117647,3,ok
yo4mura_LL,18,306,5.88235294117647,3,ok
yuta_yusya,18,306,5.88235294117647,3,ok
335myan,18,306,5.88235294117647,2,ok
__ayrm,18,306,5.88235294117647,2,ok
Berkut0250,18,306,5.88235294117647,2,ok
custommaid7983,18,306,5.88235294117647,2,ok
DeryWu1,18,306,5.88235294117647,2,ok
fangrolf,18,306,5.88235294117647,2,ok
GrayBishop,18,306,5.88235294117647,2,ok
iamy043,18,306,5.88235294117647,2,ok
inoriede_y,18,306,5.88235294117647,2,ok
jaaaojao3,18,306,5.88235294117647,2,ok
Kei_3615,18,306,5.88235294117647,2,ok
koala,18,306,5.88235294117647,2,ok
kumaneru,18,306,5.88235294117647,2,ok
la_vie_en_rose1,18,306,5.88235294117647,2,ok
level5.railgun16,18,306,5.88235294117647,2,ok
m__inayp,18,306,5.88235294117647,2,ok
manmaru__suki,18,306,5.88235294117647,2,ok
missing340,18,306,5.88235294117647,2,ok
N4re_X,18,306,5.88235294117647,2,ok
nidaime_ike,18,306,5.88235294117647,2,ok
peanutneko_TW,18,306,5.88235294117647,2,ok
pepsi_stone,18,306,5.88235294117647,2,ok
retuxflavor,18,306,5.88235294117647,2,ok
rssomei,18,306,5.88235294117647,2,ok
s7788856730,18,306,5.88235294117647,2,ok
tansu313,18,306,5.88235294117647,2,ok
Ting1218,18,306,5.88235294117647,2,ok
tumitasu69086,18,306,5.88235294117647,2,ok
Wolf,18,306,5.88235294117647,2,ok
yozora_ytk,18,306,5.88235294117647,2,ok
5akurafubuki,18,306,5.88235294117647,1,ok
akari201_Ayaka,18,306,5.88235294117647,1,ok
akbnm7,18,306,5.88235294117647,1,ok
alitaso345,18,306,5.88235294117647,1,ok
angorasontyou,18,306,5.88235294117647,1,ok
aoi_love,18,306,5.88235294117647,1,ok
apple_seed,18,306,5.88235294117647,1,ok
astroboy1941,18,306,5.88235294117647,1,ok
Aueppo_1,18,306,5.88235294117647,1,ok
bangdreamniki,18,306,5.88235294117647,1,ok
beyondnode,18,306,5.88235294117647,1,ok
BfNYfyz68u55421,18,306,5.88235294117647,1,ok
BlueSkies329,18,306,5.88235294117647,1,ok
brujita724,18,306,5.88235294117647,1,ok
bunbun398,18,306,5.88235294117647,1,ok
busujima,18,306,5.88235294117647,1,ok
cccp_miruky2,18,306,5.88235294117647,1,ok
cesil_l,18,306,5.88235294117647,1,ok
chocola_BB,18,306,5.88235294117647,1,ok
CleRin_Milky,18,306,5.88235294117647,1,ok
colorz,18,306,5.88235294117647,1,ok
crazy_nuts,18,306,5.88235294117647,1,ok
epidemiku,18,306,5.88235294117647,1,ok
flyert2333,18,306,5.88235294117647,1,ok
fu_373_ru,18,306,5.88235294117647,1,ok
galcc25,18,306,5.88235294117647,1,ok
GinRai0331,18,306,5.88235294117647,1,ok
GQuuuuuuX,18,306,5.88235294117647,1,ok
gtryiomkip0,18,306,5.88235294117647,1,ok
HAMA2007,18,306,5.88235294117647,1,ok
hama_looser15,18,306,5.88235294117647,1,ok
hatti856,18,306,5.88235294117647,1,ok
Hegoten,18,306,5.88235294117647,1,ok
hima_otome,18,306,5.88235294117647,1,ok
hina_heptagram,18,306,5.88235294117647,1,ok
hippopotamasu,18,306,5.88235294117647,1,ok
hokahomu,18,306,5.88235294117647,1,ok
honoka30,18,306,5.88235294117647,1,ok
HRA0403,18,306,5.88235294117647,1,ok
huangxianglong98,18,306,5.88235294117647,1,ok
hyper_economy,18,306,5.88235294117647,1,ok
hyuga_akari7,18,306,5.88235294117647,1,ok
IchigoNeru,18,306,5.88235294117647,1,ok
ido,18,306,5.88235294117647,1,ok
iichico9359503,18,306,5.88235294117647,1,ok
Ikana_temperu,18,306,5.88235294117647,1,ok
jiyuuhiroba,18,306,5.88235294117647,1,ok
jolno_love39,18,306,5.88235294117647,1,ok
jwtemk2,18,306,5.88235294117647,1,ok
Kabe_115,18,306,5.88235294117647,1,ok
kadajkaz,18,306,5.88235294117647,1,ok
kagatuki_otoge,18,306,5.88235294117647,1,ok
kagura.sinn,18,306,5.88235294117647,1,ok
kaneda_akira,18,306,5.88235294117647,1,ok
kbt_voice,18,306,5.88235294117647,1,ok
kiram777,18,306,5.88235294117647,1,ok
kirinoandruri,18,306,5.88235294117647,1,ok
kk78477,18,306,5.88235294117647,1,ok
Kotorinotosaka8,18,306,5.88235294117647,1,ok
kuikomiburuma,18,306,5.88235294117647,1,ok
kurosatsu,18,306,5.88235294117647,1,ok
M7e_aLW,18,306,5.88235294117647,1,ok
ma042439,18,306,5.88235294117647,1,ok
manta7510,18,306,5.88235294117647,1,ok
maple_cookies01,18,306,5.88235294117647,1,ok
matthewng15,18,306,5.88235294117647,1,ok
McQueen,18,306,5.88235294117647,1,ok
mealice0,18,306,5.88235294117647,1,ok
MGAstudio,18,306,5.88235294117647,1,ok
mina67to,18,306,5.88235294117647,1,ok
missunderstand,18,306,5.88235294117647,1,ok
mitarasi,18,306,5.88235294117647,1,ok
mitsuki186,18,306,5.88235294117647,1,ok
miyamo1515,18,306,5.88235294117647,1,ok
moighty,18,306,5.88235294117647,1,ok
mondaiji2102,18,306,5.88235294117647,1,ok
mukuron_ron,18,306,5.88235294117647,1,ok
murasakiimo_29,18,306,5.88235294117647,1,ok
never_give_up,18,306,5.88235294117647,1,ok
ninaimoreview,18,306,5.88235294117647,1,ok
nisemono1204_1,18,306,5.88235294117647,1,ok
nitro_Yb,18,306,5.88235294117647,1,ok
norinori_norio1,18,306,5.88235294117647,1,ok
nounai_ronpa,18,306,5.88235294117647,1,ok
NYLONWARE,18,306,5.88235294117647,1,ok
okdkt,18,306,5.88235294117647,1,ok
omysj_uu,18,306,5.88235294117647,1,ok
orarena,18,306,5.88235294117647,1,ok
OYASSAN,18,306,5.88235294117647,1,ok
paroparo_JAPAN,18,306,5.88235294117647,1,ok
Phili21_orca,18,306,5.88235294117647,1,ok
poison_soda,18,306,5.88235294117647,1,ok
purumooon613,18,306,5.88235294117647,1,ok
ranranran1025,18,306,5.88235294117647,1,ok
realkeeboard,18,306,5.88235294117647,1,ok
renstar8,18,306,5.88235294117647,1,ok
robbiewong1986,18,306,5.88235294117647,1,ok
sa_n_ta_ku,18,306,5.88235294117647,1,ok
saitotamashi,18,306,5.88235294117647,1,ok
satio0913,18,306,5.88235294117647,1,ok
semisomereason,18,306,5.88235294117647,1,ok
shingoro,18,306,5.88235294117647,1,ok
sinfonia66937,18,306,5.88235294117647,1,ok
smoky_taso,18,306,5.88235294117647,1,ok
Sprftw_,18,306,5.88235294117647,1,ok
staplestable77,18,306,5.88235294117647,1,ok
SupAriNa_lol,18,306,5.88235294117647,1,ok
syaruchannn,18,306,5.88235294117647,1,ok
t0804_,18,306,5.88235294117647,1,ok
take_630,18,306,5.88235294117647,1,ok
TOMOSHIBI,18,306,5.88235294117647,1,ok
Torinitoron,18,306,5.88235294117647,1,ok
toyahujita,18,306,5.88235294117647,1,ok
tpok_maru,18,306,5.88235294117647,1,ok
tubist00,18,306,5.88235294117647,1,ok
tyoroi_man0920,18,306,5.88235294117647,1,ok
uni,18,306,5.88235294117647,1,ok
vallkilyprofile,18,306,5.88235294117647,1,ok
Wata_Mikado,18,306,5.88235294117647,1,ok
watadon0809,18,306,5.88235294117647,1,ok
WATER_BLOCK,18,306,5.88235294117647,1,ok
weedend,18,306,5.88235294117647,1,ok
white_snake4971,18,306,5.88235294117647,1,ok
womanrushhour,18,306,5.88235294117647,1,ok
xinzheng0124,18,306,5.88235294117647,1,ok
ykdk_t,18,306,5.88235294117647,1,ok
YOGIBOO,18,306,5.88235294117647,1,ok
yomi,18,306,5.88235294117647,1,ok
Yoshi_kagikko,18,306,5.88235294117647,1,ok
YueYe70216,18,306,5.88235294117647,1,ok
Yui__0516,18,306,5.88235294117647,1,ok
zhouli250380,18,306,5.88235294117647,1,ok
zoctronengine,18,306,5.88235294117647,1,ok
zootopia_pro,18,306,5.88235294117647,1,ok
zzh13426046205,18,306,5.88235294117647,1,ok
hjesus08,17,306,5.555555555555555,11,ok
menou1221,17,306,5.555555555555555,11,ok
thousand_,17,306,5.555555555555555,11,ok
directhack,17,306,5.555555555555555,10,ok
sorikomibird,17,306,5.555555555555555,10,ok
i_L_GIN,17,306,5.555555555555555,9,ok
NCC2893_KAZAKA,17,306,5.555555555555555,9,ok
nenene,17,306,5.555555555555555,9,ok
nenhukhrm9,17,306,5.555555555555555,9,ok
nnbbbbc,17,306,5.555555555555555,9,ok
tansirotan,17,306,5.555555555555555,9,ok
tolnatsume,17,306,5.555555555555555,9,ok
uwaaa,17,306,5.555555555555555,9,ok
GumiRin39,17,306,5.555555555555555,8,ok
hozumi81,17,306,5.555555555555555,8,ok
KAKE_P_531,17,306,5.555555555555555,8,ok
misyaguji1010,17,306,5.555555555555555,8,ok
pipechair,17,306,5.555555555555555,8,ok
plain_holz,17,306,5.555555555555555,8,ok
sayu,17,306,5.555555555555555,8,ok
suzuk10504,17,306,5.555555555555555,8,ok
aroro_2330,17,306,5.555555555555555,7,ok
farlth,17,306,5.555555555555555,7,ok
fukomaster_nm7,17,306,5.555555555555555,7,ok
jiri,17,306,5.555555555555555,7,ok
kryuryu2,17,306,5.555555555555555,7,ok
kunimura_0920,17,306,5.555555555555555,7,ok
kurarin_una,17,306,5.555555555555555,7,ok
kuri00,17,306,5.555555555555555,7,ok
nasupanda,17,306,5.555555555555555,7,ok
okatye1,17,306,5.555555555555555,7,ok
piropillow_242,17,306,5.555555555555555,7,ok
piyopiyo_252,17,306,5.555555555555555,7,ok
takahiro5120,17,306,5.555555555555555,7,ok
yannsu,17,306,5.555555555555555,7,ok
A_marurun_,17,306,5.555555555555555,6,ok
almadms,17,306,5.555555555555555,6,ok
azudog,17,306,5.555555555555555,6,ok
cx9SIFQ6li71PtL,17,306,5.555555555555555,6,ok
fctrack,17,306,5.555555555555555,6,ok
FinSpn,17,306,5.555555555555555,6,ok
iear07,17,306,5.555555555555555,6,ok
jacky_8563,17,306,5.555555555555555,6,ok
kenny_taso,17,306,5.555555555555555,6,ok
kiyone2,17,306,5.555555555555555,6,ok
Kyrdrin,17,306,5.555555555555555,6,ok
man_________zi,17,306,5.555555555555555,6,ok
matsunago0620,17,306,5.555555555555555,6,ok
monaka_stars,17,306,5.555555555555555,6,ok
o2Sora_socute,17,306,5.555555555555555,6,ok
O_komemiso,17,306,5.555555555555555,6,ok
s_koudzuki,17,306,5.555555555555555,6,ok
sin_oguchan1970,17,306,5.555555555555555,6,ok
tabotnc,17,306,5.555555555555555,6,ok
TakeT12,17,306,5.555555555555555,6,ok
taketyo_1206,17,306,5.555555555555555,6,ok
tetsuroup,17,306,5.555555555555555,6,ok
tetteke0308,17,306,5.555555555555555,6,ok
Tiro_092307,17,306,5.555555555555555,6,ok
TiroBF12,17,306,5.555555555555555,6,ok
wirelessroutern,17,306,5.555555555555555,6,ok
ym1p_o,17,306,5.555555555555555,6,ok
ynu_man,17,306,5.555555555555555,6,ok
27u3,17,306,5.555555555555555,5,ok
_chif,17,306,5.555555555555555,5,ok
akki2446,17,306,5.555555555555555,5,ok
bunbunta,17,306,5.555555555555555,5,ok
Chris_TrySail,17,306,5.555555555555555,5,ok
CieRra__vx,17,306,5.555555555555555,5,ok
daiyusaku123,17,306,5.555555555555555,5,ok
dc,17,306,5.555555555555555,5,ok
destroy2012_ptt,17,306,5.555555555555555,5,ok
DouBle_F_NT,17,306,5.555555555555555,5,ok
DYNAREX,17,306,5.555555555555555,5,ok
f_ryo_syo,17,306,5.555555555555555,5,ok
haniwa07,17,306,5.555555555555555,5,ok
hidekichisrw,17,306,5.555555555555555,5,ok
honokare_rupe,17,306,5.555555555555555,5,ok
kareegamu,17,306,5.555555555555555,5,ok
kkmy8_sd,17,306,5.555555555555555,5,ok
kokkurin_p,17,306,5.555555555555555,5,ok
leeanson0904,17,306,5.555555555555555,5,ok
lilacfran,17,306,5.555555555555555,5,ok
mahiro_honono,17,306,5.555555555555555,5,ok
maou0130mio,17,306,5.555555555555555,5,ok
morienyo,17,306,5.555555555555555,5,ok
nan7112kaga,17,306,5.555555555555555,5,ok
nicol0224,17,306,5.555555555555555,5,ok
Nisisanso,17,306,5.555555555555555,5,ok
origampk,17,306,5.555555555555555,5,ok
plastic_winglet,17,306,5.555555555555555,5,ok
rinriniym_,17,306,5.555555555555555,5,ok
S_ukesansan7,17,306,5.555555555555555,5,ok
srednivashtarrr,17,306,5.555555555555555,5,ok
Sweet_Nanon,17,306,5.555555555555555,5,ok
syashin_LL1030,17,306,5.555555555555555,5,ok
Tarareba1030_1,17,306,5.555555555555555,5,ok
toradora_haken,17,306,5.555555555555555,5,ok
usagi_hana,17,306,5.555555555555555,5,ok
yosiko0713,17,306,5.555555555555555,5,ok
zeasu2,17,306,5.555555555555555,5,ok
_rutyna_,17,306,5.555555555555555,4,ok
beatstream_zis9,17,306,5.555555555555555,4,ok
boynder_,17,306,5.555555555555555,4,ok
chekki3aniaca,17,306,5.555555555555555,4,ok
fl99_hv_,17,306,5.555555555555555,4,ok
h_m_n_,17,306,5.555555555555555,4,ok
himrking,17,306,5.555555555555555,4,ok
hskz_n,17,306,5.555555555555555,4,ok
irowota,17,306,5.555555555555555,4,ok
janne00071,17,306,5.555555555555555,4,ok
kaerura_1101,17,306,5.555555555555555,4,ok
Katorea__,17,306,5.555555555555555,4,ok
kisaragiyuu,17,306,5.555555555555555,4,ok
konbunm7,17,306,5.555555555555555,4,ok
LE_Yn39222,17,306,5.555555555555555,4,ok
lock_817,17,306,5.555555555555555,4,ok
LoveJudgement,17,306,5.555555555555555,4,ok
manon_yuu,17,306,5.555555555555555,4,ok
Matetea56,17,306,5.555555555555555,4,ok
nakataka1127,17,306,5.555555555555555,4,ok
natuki715,17,306,5.555555555555555,4,ok
omu_musou,17,306,5.555555555555555,4,ok
pino_mk0829,17,306,5.555555555555555,4,ok
ruin_narbores,17,306,5.555555555555555,4,ok
sa_ki_001,17,306,5.555555555555555,4,ok
saku39suko,17,306,5.555555555555555,4,ok
Sakura_Nagashi_,17,306,5.555555555555555,4,ok
silvercity352,17,306,5.555555555555555,4,ok
syuu_rst,17,306,5.555555555555555,4,ok
T_first_sphere,17,306,5.555555555555555,4,ok
ultraorangeshop,17,306,5.555555555555555,4,ok
up_kind,17,306,5.555555555555555,4,ok
Urrkdr,17,306,5.555555555555555,4,ok
wildflag,17,306,5.555555555555555,4,ok
wintstyle19,17,306,5.555555555555555,4,ok
wugner373,17,306,5.555555555555555,4,ok
2syou1720,17,306,5.555555555555555,3,ok
_sbr25,17,306,5.555555555555555,3,ok
b_umbr,17,306,5.555555555555555,3,ok
bokusu,17,306,5.555555555555555,3,ok
C7D2akW70CA_lls,17,306,5.555555555555555,3,ok
daisuke19811221,17,306,5.555555555555555,3,ok
DQmiharu69,17,306,5.555555555555555,3,ok
em_0116,17,306,5.555555555555555,3,ok
emiya_mitama,17,306,5.555555555555555,3,ok
H_axi2,17,306,5.555555555555555,3,ok
hc_aomidori,17,306,5.555555555555555,3,ok
hm_ppp,17,306,5.555555555555555,3,ok
icsKatic,17,306,5.555555555555555,3,ok
kird0115,17,306,5.555555555555555,3,ok
kud_ast,17,306,5.555555555555555,3,ok
kuttyo,17,306,5.555555555555555,3,ok
kyoma10211021,17,306,5.555555555555555,3,ok
macaronaju_213,17,306,5.555555555555555,3,ok
moritaroimo,17,306,5.555555555555555,3,ok
nanaasge,17,306,5.555555555555555,3,ok
NohohonMaple,17,306,5.555555555555555,3,ok
ozuno,17,306,5.555555555555555,3,ok
raiteizeon28,17,306,5.555555555555555,3,ok
rukisan,17,306,5.555555555555555,3,ok
Ryo37X,17,306,5.555555555555555,3,ok
saki0roze0,17,306,5.555555555555555,3,ok
sunyishsh,17,306,5.555555555555555,3,ok
usadarabiko,17,306,5.555555555555555,3,ok
ys_2d39,17,306,5.555555555555555,3,ok
yueandroid,17,306,5.555555555555555,3,ok
1235tkm,17,306,5.555555555555555,2,ok
abeno_333,17,306,5.555555555555555,2,ok
Absolute_5_,17,306,5.555555555555555,2,ok
aldauph8759,17,306,5.555555555555555,2,ok
Animjebalzome,17,306,5.555555555555555,2,ok
arukei,17,306,5.555555555555555,2,ok
asmape_RK,17,306,5.555555555555555,2,ok
bnkv_sub,17,306,5.555555555555555,2,ok
cappie_2,17,306,5.555555555555555,2,ok
chiribokori,17,306,5.555555555555555,2,ok
craft31talkie,17,306,5.555555555555555,2,ok
fdj119,17,306,5.555555555555555,2,ok
hasekyo31,17,306,5.555555555555555,2,ok
ikhsloudcoree,17,306,5.555555555555555,2,ok
klang_marshero,17,306,5.555555555555555,2,ok
lenmainlzy,17,306,5.555555555555555,2,ok
love.is.all0507,17,306,5.555555555555555,2,ok
miku39cirno,17,306,5.555555555555555,2,ok
miwahome2174,17,306,5.555555555555555,2,ok
MTGSRO,17,306,5.555555555555555,2,ok
mukki_753,17,306,5.555555555555555,2,ok
nonderi99,17,306,5.555555555555555,2,ok
NSK_daaaaaaaash,17,306,5.555555555555555,2,ok
oofura2000,17,306,5.555555555555555,2,ok
oyu_hinanbou_1,17,306,5.555555555555555,2,ok
P18198884,17,306,5.555555555555555,2,ok
peliciaboltics,17,306,5.555555555555555,2,ok
qwerttty15,17,306,5.555555555555555,2,ok
Revo_0107,17,306,5.555555555555555,2,ok
rs_dolphin,17,306,5.555555555555555,2,ok
ruidenn,17,306,5.555555555555555,2,ok
samansatabasa_,17,306,5.555555555555555,2,ok
shijiediN,17,306,5.555555555555555,2,ok
shirokabu1111,17,306,5.555555555555555,2,ok
sora.canvas.mk2,17,306,5.555555555555555,2,ok
special_yukimi,17,306,5.555555555555555,2,ok
stray_cat,17,306,5.555555555555555,2,ok
torigashi,17,306,5.555555555555555,2,ok
tweeter_josh,17,306,5.555555555555555,2,ok
val_brave_P,17,306,5.555555555555555,2,ok
vihotoniki,17,306,5.555555555555555,2,ok
wktk_san,17,306,5.555555555555555,2,ok
xdxdxdbbs01,17,306,5.555555555555555,2,ok
ysi_mran,17,306,5.555555555555555,2,ok
yurusaga6392817,17,306,5.555555555555555,2,ok
yysk0514,17,306,5.555555555555555,2,ok
z19calc,17,306,5.555555555555555,2,ok
0m17_L,17,306,5.555555555555555,1,ok
acewhyspl,17,306,5.555555555555555,1,ok
angusrealguy,17,306,5.555555555555555,1,ok
anima0125_,17,306,5.555555555555555,1,ok
arianiu0324,17,306,5.555555555555555,1,ok
bear_haund,17,306,5.555555555555555,1,ok
bethatong2022,17,306,5.555555555555555,1,ok
blueflower3802,17,306,5.555555555555555,1,ok
boatrace285369,17,306,5.555555555555555,1,ok
casettovision,17,306,5.555555555555555,1,ok
chobits0310,17,306,5.555555555555555,1,ok
chocotochihiro,17,306,5.555555555555555,1,ok
cusulfate,17,306,5.555555555555555,1,ok
destinyCR77,17,306,5.555555555555555,1,ok
drafan_sakura,17,306,5.555555555555555,1,ok
eisogagoisys,17,306,5.555555555555555,1,ok
eunchan2023,17,306,5.555555555555555,1,ok
FV510W,17,306,5.555555555555555,1,ok
gdboyce,17,306,5.555555555555555,1,ok
Genkidama4098,17,306,5.555555555555555,1,ok
giepitasicks,17,306,5.555555555555555,1,ok
Granrozos,17,306,5.555555555555555,1,ok
greatbayroot,17,306,5.555555555555555,1,ok
Hisago,17,306,5.555555555555555,1,ok
IL_BUMP_aE,17,306,5.555555555555555,1,ok
inoran80153264,17,306,5.555555555555555,1,ok
ka_ra_3,17,306,5.555555555555555,1,ok
kanamaria,17,306,5.555555555555555,1,ok
kemicalpink,17,306,5.555555555555555,1,ok
Kibap7,17,306,5.555555555555555,1,ok
kiokukaizan,17,306,5.555555555555555,1,ok
kosame_cho,17,306,5.555555555555555,1,ok
kscmm85,17,306,5.555555555555555,1,ok
lacutyalninven,17,306,5.555555555555555,1,ok
landlove2795,17,306,5.555555555555555,1,ok
Lotus_Mk7,17,306,5.555555555555555,1,ok
luxem02,17,306,5.555555555555555,1,ok
machirochiron,17,306,5.555555555555555,1,ok
me1ty__0,17,306,5.555555555555555,1,ok
megasaramandar,17,306,5.555555555555555,1,ok
miyaken_fhana,17,306,5.555555555555555,1,ok
monsteengine,17,306,5.555555555555555,1,ok
mu_shoku,17,306,5.555555555555555,1,ok
MyGOnoBocchiOta,17,306,5.555555555555555,1,ok
nesmis3074,17,306,5.555555555555555,1,ok
numa5717,17,306,5.555555555555555,1,ok
nwL,17,306,5.555555555555555,1,ok
NyakiJi,17,306,5.555555555555555,1,ok
omiu_moon,17,306,5.555555555555555,1,ok
pallmaller5,17,306,5.555555555555555,1,ok
pnigks_BG,17,306,5.555555555555555,1,ok
poisonsnake373,17,306,5.555555555555555,1,ok
pokelok2003,17,306,5.555555555555555,1,ok
puffday41529306,17,306,5.555555555555555,1,ok
qiuqiu,17,306,5.555555555555555,1,ok
repeatgaiger,17,306,5.555555555555555,1,ok
sakuyang2001,17,306,5.555555555555555,1,ok
sasiyuu,17,306,5.555555555555555,1,ok
Say,17,306,5.555555555555555,1,ok
soltys_tar319,17,306,5.555555555555555,1,ok
TAKUTOALT,17,306,5.555555555555555,1,ok
TheBBBin,17,306,5.555555555555555,1,ok
tocosuuu,17,306,5.555555555555555,1,ok
Tomahawk4948,17,306,5.555555555555555,1,ok
tosiki1912_p,17,306,5.555555555555555,1,ok
Uzumakinaruto,17,306,5.555555555555555,1,ok
vsaxdeth,17,306,5.555555555555555,1,ok
wabisabiparty,17,306,5.555555555555555,1,ok
walukure,17,306,5.555555555555555,1,ok
Yuki90076060,17,306,5.555555555555555,1,ok
Yuzula,17,306,5.555555555555555,1,ok
yxkx_kxrx,17,306,5.555555555555555,1,ok
Zeth_kariN,17,306,5.555555555555555,1,ok
kenpii2525,16,306,5.228758169934641,13,ok
ayarieshon,16,306,5.228758169934641,11,ok
HIbatash,16,306,5.228758169934641,11,ok
oyu1109,16,306,5.228758169934641,11,ok
taru_sake,16,306,5.228758169934641,11,ok
maon0828_nana,16,306,5.228758169934641,10,ok
abu,16,306,5.228758169934641,9,ok
chiruda_16,16,306,5.228758169934641,9,ok
kawa_kisuke,16,306,5.228758169934641,9,ok
Ramzaveil,16,306,5.228758169934641,9,ok
ryukonjp,16,306,5.228758169934641,9,ok
woden115,16,306,5.228758169934641,9,ok
y_snap1994,16,306,5.228758169934641,9,ok
_MARIC,16,306,5.228758169934641,8,ok
CH_Switzerland,16,306,5.228758169934641,8,ok
h2sagittarius,16,306,5.228758169934641,8,ok
JaST_CO,16,306,5.228758169934641,8,ok
konzo_poke,16,306,5.228758169934641,8,ok
nyanwawa,16,306,5.228758169934641,8,ok
Ryo07_hm,16,306,5.228758169934641,8,ok
siyu0703,16,306,5.228758169934641,8,ok
VTR_bs,16,306,5.228758169934641,8,ok
xenojp,16,306,5.228758169934641,8,ok
yuko_MHs,16,306,5.228758169934641,8,ok
adacola,16,306,5.228758169934641,7,ok
ansholno,16,306,5.228758169934641,7,ok
h_tatsuya_a,16,306,5.228758169934641,7,ok
hi6yo4,16,306,5.228758169934641,7,ok
kyoyui_0328,16,306,5.228758169934641,7,ok
natuhuyu,16,306,5.228758169934641,7,ok
polygon1006,16,306,5.228758169934641,7,ok
roto_dennsetu,16,306,5.228758169934641,7,ok
srtm0220,16,306,5.228758169934641,7,ok
tamagoicon2016,16,306,5.228758169934641,7,ok
tetsu_kira,16,306,5.228758169934641,7,ok
tojisa_dayre,16,306,5.228758169934641,7,ok
yoruno,16,306,5.228758169934641,7,ok
aratarockyou,16,306,5.228758169934641,6,ok
BlueTiger,16,306,5.228758169934641,6,ok
empty,16,306,5.228758169934641,6,ok
fumimaru_23,16,306,5.228758169934641,6,ok
jon_smith_kyon,16,306,5.228758169934641,6,ok
junnag111834,16,306,5.228758169934641,6,ok
kamisorilemon,16,306,5.228758169934641,6,ok
karageaz,16,306,5.228758169934641,6,ok
livefes123,16,306,5.228758169934641,6,ok
mabo_Q,16,306,5.228758169934641,6,ok
mikelau864,16,306,5.228758169934641,6,ok
Mr_outside_,16,306,5.228758169934641,6,ok
NoriNori0308,16,306,5.228758169934641,6,ok
ooaku,16,306,5.228758169934641,6,ok
pen2,16,306,5.228758169934641,6,ok
Sphr_121,16,306,5.228758169934641,6,ok
SugarSugarMAGiC,16,306,5.228758169934641,6,ok
tmsama3,16,306,5.228758169934641,6,ok
tpkr,16,306,5.228758169934641,6,ok
tsuyosi,16,306,5.228758169934641,6,ok
_red_garnet_,16,306,5.228758169934641,5,ok
anison_monster,16,306,5.228758169934641,5,ok
Emi_Kaito,16,306,5.228758169934641,5,ok
ham6331_vivid,16,306,5.228758169934641,5,ok
hayate310,16,306,5.228758169934641,5,ok
Kai3x,16,306,5.228758169934641,5,ok
kmgk,16,306,5.228758169934641,5,ok
korona,16,306,5.228758169934641,5,ok
kubotsu,16,306,5.228758169934641,5,ok
lyrical_714,16,306,5.228758169934641,5,ok
maya_CM,16,306,5.228758169934641,5,ok
meichans28,16,306,5.228758169934641,5,ok
merry_jobti,16,306,5.228758169934641,5,ok
moka229y,16,306,5.228758169934641,5,ok
nanceoshi0417,16,306,5.228758169934641,5,ok
nansuuuuu417,16,306,5.228758169934641,5,ok
northm36,16,306,5.228758169934641,5,ok
nyaruuuuu_76,16,306,5.228758169934641,5,ok
omoti_amkocha,16,306,5.228758169934641,5,ok
osacchi_1120,16,306,5.228758169934641,5,ok
rippiEMTN_jake,16,306,5.228758169934641,5,ok
takemurayy22,16,306,5.228758169934641,5,ok
thur0111,16,306,5.228758169934641,5,ok
TokaTenchan,16,306,5.228758169934641,5,ok
tommy_da86,16,306,5.228758169934641,5,ok
ujauja43,16,306,5.228758169934641,5,ok
uno_eins,16,306,5.228758169934641,5,ok
ykou,16,306,5.228758169934641,5,ok
1105tmyzn,16,306,5.228758169934641,4,ok
_kyoumoiihida,16,306,5.228758169934641,4,ok
alfuuu105,16,306,5.228758169934641,4,ok
atusi0708,16,306,5.228758169934641,4,ok
CeriseBouqueter,16,306,5.228758169934641,4,ok
Cinna_chanAY,16,306,5.228758169934641,4,ok
Deast_Moe,16,306,5.228758169934641,4,ok
E_ternal_Star,16,306,5.228758169934641,4,ok
Elehy_,16,306,5.228758169934641,4,ok
fight,16,306,5.228758169934641,4,ok
haru_junkie,16,306,5.228758169934641,4,ok
ikura_oishi,16,306,5.228758169934641,4,ok
jn__ym_,16,306,5.228758169934641,4,ok
kaitouranma,16,306,5.228758169934641,4,ok
kanenaru_rinrin,16,306,5.228758169934641,4,ok
kentk_MKRis,16,306,5.228758169934641,4,ok
kitanomine56,16,306,5.228758169934641,4,ok
ku_ni,16,306,5.228758169934641,4,ok
kuruizaki,16,306,5.228758169934641,4,ok
lhp04,16,306,5.228758169934641,4,ok
Mebius_Looper,16,306,5.228758169934641,4,ok
more,16,306,5.228758169934641,4,ok
nokkuauto22,16,306,5.228758169934641,4,ok
oleo_hsnsr,16,306,5.228758169934641,4,ok
pokeiro_tapuiro,16,306,5.228758169934641,4,ok
Pro765orP,16,306,5.228758169934641,4,ok
raimu,16,306,5.228758169934641,4,ok
ryu_kaku3,16,306,5.228758169934641,4,ok
sagaliver,16,306,5.228758169934641,4,ok
sushibami,16,306,5.228758169934641,4,ok
takeumaP,16,306,5.228758169934641,4,ok
takuyama2dx,16,306,5.228758169934641,4,ok
tetote_tpedc,16,306,5.228758169934641,4,ok
tomo_sc,16,306,5.228758169934641,4,ok
tsubasa_otowa,16,306,5.228758169934641,4,ok
turishi,16,306,5.228758169934641,4,ok
ultark3,16,306,5.228758169934641,4,ok
volcano_201307,16,306,5.228758169934641,4,ok
xperia64528749,16,306,5.228758169934641,4,ok
YEU_leah,16,306,5.228758169934641,4,ok
yu_ra0214,16,306,5.228758169934641,4,ok
yukineko9068,16,306,5.228758169934641,4,ok
yurikbt,16,306,5.228758169934641,4,ok
1_R_R_1192,16,306,5.228758169934641,3,ok
4JT7J3OauajqB77,16,306,5.228758169934641,3,ok
acchan143,16,306,5.228758169934641,3,ok
AF7PLejHS7jmMy4,16,306,5.228758169934641,3,ok
AKUSERA48,16,306,5.228758169934641,3,ok
asurantera72149,16,306,5.228758169934641,3,ok
banpeiyu,16,306,5.228758169934641,3,ok
browndust_8106,16,306,5.228758169934641,3,ok
bunnymissile,16,306,5.228758169934641,3,ok
cantfly_beetle,16,306,5.228758169934641,3,ok
coolmegane,16,306,5.228758169934641,3,ok
Daichi0707,16,306,5.228758169934641,3,ok
elng_k,16,306,5.228758169934641,3,ok
enthu,16,306,5.228758169934641,3,ok
FireRhapsody,16,306,5.228758169934641,3,ok
fration,16,306,5.228758169934641,3,ok
GO_LoveLive8394,16,306,5.228758169934641,3,ok
Green0110Yuto,16,306,5.228758169934641,3,ok
haowei874,16,306,5.228758169934641,3,ok
hassakudonabe,16,306,5.228758169934641,3,ok
imakita,16,306,5.228758169934641,3,ok
inorimaaya,16,306,5.228758169934641,3,ok
isikanta,16,306,5.228758169934641,3,ok
kani0803,16,306,5.228758169934641,3,ok
kiryu,16,306,5.228758169934641,3,ok
kujirako,16,306,5.228758169934641,3,ok
MadMax,16,306,5.228758169934641,3,ok
meya1118,16,306,5.228758169934641,3,ok
million_GOD_007,16,306,5.228758169934641,3,ok
oonabe_zirou,16,306,5.228758169934641,3,ok
powerful_bomber,16,306,5.228758169934641,3,ok
quickone6974,16,306,5.228758169934641,3,ok
Ry_ix25,16,306,5.228758169934641,3,ok
saitama_seidou,16,306,5.228758169934641,3,ok
sherlockde,16,306,5.228758169934641,3,ok
swh1996101527,16,306,5.228758169934641,3,ok
SyuN_yui_junna,16,306,5.228758169934641,3,ok
tato,16,306,5.228758169934641,3,ok
uglyboykingdom,16,306,5.228758169934641,3,ok
uselesswoman,16,306,5.228758169934641,3,ok
usiaaaaaa,16,306,5.228758169934641,3,ok
utuyama,16,306,5.228758169934641,3,ok
Yoroshi1230,16,306,5.228758169934641,3,ok
72sheep,16,306,5.228758169934641,2,ok
90wonn,16,306,5.228758169934641,2,ok
Airu_0118,16,306,5.228758169934641,2,ok
ArGrO0419,16,306,5.228758169934641,2,ok
asjk,16,306,5.228758169934641,2,ok
black_gordy,16,306,5.228758169934641,2,ok
buddhabrand,16,306,5.228758169934641,2,ok
chocococo28,16,306,5.228758169934641,2,ok
crosssli,16,306,5.228758169934641,2,ok
fictionnumber0,16,306,5.228758169934641,2,ok
fjord_mmp,16,306,5.228758169934641,2,ok
Fortune_2s,16,306,5.228758169934641,2,ok
GKID7,16,306,5.228758169934641,2,ok
hajipai645,16,306,5.228758169934641,2,ok
HISTORY_R,16,306,5.228758169934641,2,ok
housyoumarin,16,306,5.228758169934641,2,ok
INFERNO_3962,16,306,5.228758169934641,2,ok
jason890207,16,306,5.228758169934641,2,ok
jloysnenph,16,306,5.228758169934641,2,ok
kabukimono7216,16,306,5.228758169934641,2,ok
KagamineNico,16,306,5.228758169934641,2,ok
kaiyouga2481,16,306,5.228758169934641,2,ok
kazusa_ix,16,306,5.228758169934641,2,ok
keromatsu8716,16,306,5.228758169934641,2,ok
KidZania_2034,16,306,5.228758169934641,2,ok
kingwinered,16,306,5.228758169934641,2,ok
liverhikapy,16,306,5.228758169934641,2,ok
livertineage,16,306,5.228758169934641,2,ok
Magnifisent7,16,306,5.228758169934641,2,ok
marco_bianchini,16,306,5.228758169934641,2,ok
nanaovivid,16,306,5.228758169934641,2,ok
Nanmandabutsu,16,306,5.228758169934641,2,ok
nasty_jzx100,16,306,5.228758169934641,2,ok
negijef,16,306,5.228758169934641,2,ok
nityonkd,16,306,5.228758169934641,2,ok
nktn_xxx,16,306,5.228758169934641,2,ok
novascale,16,306,5.228758169934641,2,ok
NTT_yram,16,306,5.228758169934641,2,ok
oblivious7749,16,306,5.228758169934641,2,ok
oneandonlyone,16,306,5.228758169934641,2,ok
orangejc,16,306,5.228758169934641,2,ok
pokakitt841705,16,306,5.228758169934641,2,ok
pokelabo87960,16,306,5.228758169934641,2,ok
ponyu_p,16,306,5.228758169934641,2,ok
powerpointer83,16,306,5.228758169934641,2,ok
PreStar129,16,306,5.228758169934641,2,ok
Prison___Escape,16,306,5.228758169934641,2,ok
qwe29325624,16,306,5.228758169934641,2,ok
renh_YRYR,16,306,5.228758169934641,2,ok
rikisizo,16,306,5.228758169934641,2,ok
ryanlu428,16,306,5.228758169934641,2,ok
Ryo39_tst,16,306,5.228758169934641,2,ok
SA_music_05,16,306,5.228758169934641,2,ok
Seisyunbuta03,16,306,5.228758169934641,2,ok
shuhanjhe,16,306,5.228758169934641,2,ok
sinkuroido,16,306,5.228758169934641,2,ok
SiskoSone,16,306,5.228758169934641,2,ok
SIZURU,16,306,5.228758169934641,2,ok
snow_shower7,16,306,5.228758169934641,2,ok
suicide_game,16,306,5.228758169934641,2,ok
takupyon_819,16,306,5.228758169934641,2,ok
taxheaven3376,16,306,5.228758169934641,2,ok
tgsaibou,16,306,5.228758169934641,2,ok
TKwan,16,306,5.228758169934641,2,ok
tsubame_787,16,306,5.228758169934641,2,ok
tsuki0605,16,306,5.228758169934641,2,ok
umamusuko7392,16,306,5.228758169934641,2,ok
volca_de_polka,16,306,5.228758169934641,2,ok
wangran0709,16,306,5.228758169934641,2,ok
wd.oozu.bw,16,306,5.228758169934641,2,ok
whitedrops,16,306,5.228758169934641,2,ok
zonasiika,16,306,5.228758169934641,2,ok
zwindows344z,16,306,5.228758169934641,2,ok
476toby,16,306,5.228758169934641,1,ok
914476651,16,306,5.228758169934641,1,ok
araragikym1216,16,306,5.228758169934641,1,ok
bito_89,16,306,5.228758169934641,1,ok
bukto,16,306,5.228758169934641,1,ok
chiharu12160430,16,306,5.228758169934641,1,ok
deaddax822936,16,306,5.228758169934641,1,ok
devilwings,16,306,5.228758169934641,1,ok
dominic_purcell,16,306,5.228758169934641,1,ok
doxtanXnasuga,16,306,5.228758169934641,1,ok
eracsmith32659,16,306,5.228758169934641,1,ok
grisaia_phantom,16,306,5.228758169934641,1,ok
hastume,16,306,5.228758169934641,1,ok
hazabro,16,306,5.228758169934641,1,ok
jiminbts,16,306,5.228758169934641,1,ok
kerotankerotan,16,306,5.228758169934641,1,ok
Kul11a,16,306,5.228758169934641,1,ok
Law38297316,16,306,5.228758169934641,1,ok
mersedesu,16,306,5.228758169934641,1,ok
mitsubakaidou,16,306,5.228758169934641,1,ok
mysteriarc5190,16,306,5.228758169934641,1,ok
Nemofqy,16,306,5.228758169934641,1,ok
NRAVBA336214,16,306,5.228758169934641,1,ok
pusyapara,16,306,5.228758169934641,1,ok
ringoer,16,306,5.228758169934641,1,ok
roxy_music,16,306,5.228758169934641,1,ok
sailormoon,16,306,5.228758169934641,1,ok
sindorimi,16,306,5.228758169934641,1,ok
tohogodzilla,16,306,5.228758169934641,1,ok
tonys91168,16,306,5.228758169934641,1,ok
xDvlQutA1Z5aFhw,16,306,5.228758169934641,1,ok
yhseeu1004,16,306,5.228758169934641,1,ok
ysy3347,16,306,5.228758169934641,1,ok
yuurinnoodle,16,306,5.228758169934641,1,ok
zad_sound,15,306,4.901960784313726,14,ok
grafupu,15,306,4.901960784313726,11,ok
kanimiso20,15,306,4.901960784313726,10,ok
Angus32,15,306,4.901960784313726,9,ok
influ23,15,306,4.901960784313726,9,ok
ironpandax,15,306,4.901960784313726,9,ok
kurukurutoww,15,306,4.901960784313726,9,ok
m_7ponz_,15,306,4.901960784313726,9,ok
srmrist,15,306,4.901960784313726,9,ok
_zcky,15,306,4.901960784313726,8,ok
choco_pooh,15,306,4.901960784313726,8,ok
flyable_yuma,15,306,4.901960784313726,8,ok
Kokoro_Blue,15,306,4.901960784313726,8,ok
midori_namawasa,15,306,4.901960784313726,8,ok
monoporipori,15,306,4.901960784313726,8,ok
nakamu_sail,15,306,4.901960784313726,8,ok
natume_uv,15,306,4.901960784313726,8,ok
psychic_saucer,15,306,4.901960784313726,8,ok
revotch,15,306,4.901960784313726,8,ok
sasatok,15,306,4.901960784313726,8,ok
themars1357,15,306,4.901960784313726,8,ok
Toyothird,15,306,4.901960784313726,8,ok
ys1990,15,306,4.901960784313726,8,ok
Hal_same,15,306,4.901960784313726,7,ok
haotone_,15,306,4.901960784313726,7,ok
marition_IE,15,306,4.901960784313726,7,ok
NormalBoas,15,306,4.901960784313726,7,ok
shaoron821,15,306,4.901960784313726,7,ok
sm7103spr5wu773,15,306,4.901960784313726,7,ok
taikix7,15,306,4.901960784313726,7,ok
takero111,15,306,4.901960784313726,7,ok
TocchiDelta,15,306,4.901960784313726,7,ok
tsmkwtkok,15,306,4.901960784313726,7,ok
Wassyoi,15,306,4.901960784313726,7,ok
1636tgm,15,306,4.901960784313726,6,ok
akira0422,15,306,4.901960784313726,6,ok
himemasa_TypeR,15,306,4.901960784313726,6,ok
hopstepjump,15,306,4.901960784313726,6,ok
KASEI,15,306,4.901960784313726,6,ok
Lily_aynl,15,306,4.901960784313726,6,ok
melty7colors,15,306,4.901960784313726,6,ok
miyuiyk,15,306,4.901960784313726,6,ok
ngnn,15,306,4.901960784313726,6,ok
nu_nu_461,15,306,4.901960784313726,6,ok
PiyYON_chan,15,306,4.901960784313726,6,ok
purin0306,15,306,4.901960784313726,6,ok
shana_milady,15,306,4.901960784313726,6,ok
simita377,15,306,4.901960784313726,6,ok
swordoor,15,306,4.901960784313726,6,ok
utui,15,306,4.901960784313726,6,ok
yuuha_,15,306,4.901960784313726,6,ok
50188CCC,15,306,4.901960784313726,5,ok
arisa__Luna,15,306,4.901960784313726,5,ok
chika_dekamikan,15,306,4.901960784313726,5,ok
endli9P,15,306,4.901960784313726,5,ok
fuka_SMG,15,306,4.901960784313726,5,ok
GLBiMatosf_2,15,306,4.901960784313726,5,ok
HamP_punipuni,15,306,4.901960784313726,5,ok
hato_harukas,15,306,4.901960784313726,5,ok
i19oreyome,15,306,4.901960784313726,5,ok
jpmaglutac,15,306,4.901960784313726,5,ok
juni__nana,15,306,4.901960784313726,5,ok
kast1923,15,306,4.901960784313726,5,ok
kasukasu0417,15,306,4.901960784313726,5,ok
kazuyuki_soccer,15,306,4.901960784313726,5,ok
kijji813,15,306,4.901960784313726,5,ok
maruyoshi3333,15,306,4.901960784313726,5,ok
meganen77,15,306,4.901960784313726,5,ok
mrn_mil,15,306,4.901960784313726,5,ok
namakemonou,15,306,4.901960784313726,5,ok
nayutanized,15,306,4.901960784313726,5,ok
Roselix_K,15,306,4.901960784313726,5,ok
sadocomosa,15,306,4.901960784313726,5,ok
satoris_s,15,306,4.901960784313726,5,ok
SeriMaxiRis_1,15,306,4.901960784313726,5,ok
SrgejP,15,306,4.901960784313726,5,ok
stan54641,15,306,4.901960784313726,5,ok
Takamarupippi,15,306,4.901960784313726,5,ok
taryoWWW,15,306,4.901960784313726,5,ok
tasogare_bun,15,306,4.901960784313726,5,ok
trtrtr,15,306,4.901960784313726,5,ok
warp85gg,15,306,4.901960784313726,5,ok
watanabe426,15,306,4.901960784313726,5,ok
water_____,15,306,4.901960784313726,5,ok
0get_kuroro,15,306,4.901960784313726,4,ok
1234abcd,15,306,4.901960784313726,4,ok
12saku_ui10,15,306,4.901960784313726,4,ok
A_M_Y_A_M_Y,15,306,4.901960784313726,4,ok
agana_4g,15,306,4.901960784313726,4,ok
airp_w01,15,306,4.901960784313726,4,ok
Azuki39_,15,306,4.901960784313726,4,ok
binger9,15,306,4.901960784313726,4,ok
candydrop_,15,306,4.901960784313726,4,ok
claria_room,15,306,4.901960784313726,4,ok
dora1998,15,306,4.901960784313726,4,ok
Echan2_4517,15,306,4.901960784313726,4,ok
Ev_memo,15,306,4.901960784313726,4,ok
hayashitara_999,15,306,4.901960784313726,4,ok
hicow_0123,15,306,4.901960784313726,4,ok
hils_silver,15,306,4.901960784313726,4,ok
hutsu001,15,306,4.901960784313726,4,ok
kingdom08020150,15,306,4.901960784313726,4,ok
kr1n_308,15,306,4.901960784313726,4,ok
LaLamom874,15,306,4.901960784313726,4,ok
lolita_tank89,15,306,4.901960784313726,4,ok
mak_1080,15,306,4.901960784313726,4,ok
mea_tw,15,306,4.901960784313726,4,ok
MTkiraraMAX,15,306,4.901960784313726,4,ok
naru_330,15,306,4.901960784313726,4,ok
NEXT_ARCADIA77,15,306,4.901960784313726,4,ok
numakuso9,15,306,4.901960784313726,4,ok
nvs_nk,15,306,4.901960784313726,4,ok
oreimossss,15,306,4.901960784313726,4,ok
otturin,15,306,4.901960784313726,4,ok
podorski09,15,306,4.901960784313726,4,ok
rakidane,15,306,4.901960784313726,4,ok
rayu_me,15,306,4.901960784313726,4,ok
riku_0870,15,306,4.901960784313726,4,ok
RK_pisifera,15,306,4.901960784313726,4,ok
sachu_1202,15,306,4.901960784313726,4,ok
Sahyun00,15,306,4.901960784313726,4,ok
smilenico252,15,306,4.901960784313726,4,ok
so2525seriko,15,306,4.901960784313726,4,ok
st21st,15,306,4.901960784313726,4,ok
starrysky,15,306,4.901960784313726,4,ok
wakameyowa,15,306,4.901960784313726,4,ok
yodokou_,15,306,4.901960784313726,4,ok
z_Lanze,15,306,4.901960784313726,4,ok
AAAworld_009,15,306,4.901960784313726,3,ok
anohitoHRS,15,306,4.901960784313726,3,ok
aquafrom,15,306,4.901960784313726,3,ok
Asso_o_,15,306,4.901960784313726,3,ok
canda1979825,15,306,4.901960784313726,3,ok
foofooyeah,15,306,4.901960784313726,3,ok
greentea_rev434,15,306,4.901960784313726,3,ok
JiKa_zk,15,306,4.901960784313726,3,ok
kainanohitoma,15,306,4.901960784313726,3,ok
kappy0803,15,306,4.901960784313726,3,ok
kenmine_p,15,306,4.901960784313726,3,ok
kikyou_1315,15,306,4.901960784313726,3,ok
kom__56,15,306,4.901960784313726,3,ok
kuikuiseizin,15,306,4.901960784313726,3,ok
Leman_mizuumi,15,306,4.901960784313726,3,ok
Min_kr91,15,306,4.901960784313726,3,ok
Mina_akagi,15,306,4.901960784313726,3,ok
nagularock6683,15,306,4.901960784313726,3,ok
nekomagunn_1,15,306,4.901960784313726,3,ok
Nori__38,15,306,4.901960784313726,3,ok
p_woods_a,15,306,4.901960784313726,3,ok
Plan_Ishd,15,306,4.901960784313726,3,ok
posake_,15,306,4.901960784313726,3,ok
s_bukako,15,306,4.901960784313726,3,ok
shrimpt010203,15,306,4.901960784313726,3,ok
tabineko104,15,306,4.901960784313726,3,ok
under_2ree_nan,15,306,4.901960784313726,3,ok
zjsummon,15,306,4.901960784313726,3,ok
7135kazu,15,306,4.901960784313726,2,ok
_11117_,15,306,4.901960784313726,2,ok
_hogehogehogeta,15,306,4.901960784313726,2,ok
_Im_so_stupid__,15,306,4.901960784313726,2,ok
_moon_m,15,306,4.901960784313726,2,ok
a_twelfth,15,306,4.901960784313726,2,ok
AT0623carp,15,306,4.901960784313726,2,ok
atsurandom1617,15,306,4.901960784313726,2,ok
Barichiy,15,306,4.901960784313726,2,ok
brighterdays07,15,306,4.901960784313726,2,ok
CYOU,15,306,4.901960784313726,2,ok
dangun1st,15,306,4.901960784313726,2,ok
eldhf74,15,306,4.901960784313726,2,ok
g_ni_u_s,15,306,4.901960784313726,2,ok
Hamu_pi4,15,306,4.901960784313726,2,ok
hbekku,15,306,4.901960784313726,2,ok
iRis_s_kopo,15,306,4.901960784313726,2,ok
KIGUTAMAKI,15,306,4.901960784313726,2,ok
kiki_reona,15,306,4.901960784313726,2,ok
kingyk_na73,15,306,4.901960784313726,2,ok
koryu49,15,306,4.901960784313726,2,ok
kp01nkp,15,306,4.901960784313726,2,ok
kwaleung1997,15,306,4.901960784313726,2,ok
kzhr25252,15,306,4.901960784313726,2,ok
Lana141,15,306,4.901960784313726,2,ok
maa_soukamo,15,306,4.901960784313726,2,ok
morelemon2010,15,306,4.901960784313726,2,ok
MOTTO1127,15,306,4.901960784313726,2,ok
mourimotokeri,15,306,4.901960784313726,2,ok
neco__kaburi,15,306,4.901960784313726,2,ok
nm__7_,15,306,4.901960784313726,2,ok
Nyasanda,15,306,4.901960784313726,2,ok
qqq1980006,15,306,4.901960784313726,2,ok
ritomo35,15,306,4.901960784313726,2,ok
ritomoooo,15,306,4.901960784313726,2,ok
RM2186,15,306,4.901960784313726,2,ok
Rmtaso,15,306,4.901960784313726,2,ok
Rottenparty,15,306,4.901960784313726,2,ok
ruan,15,306,4.901960784313726,2,ok
ry_li_sa,15,306,4.901960784313726,2,ok
SAN_OK_ROCK,15,306,4.901960784313726,2,ok
sashide_ma,15,306,4.901960784313726,2,ok
sdfghjkl45,15,306,4.901960784313726,2,ok
seachicken0417,15,306,4.901960784313726,2,ok
ShioUmi37,15,306,4.901960784313726,2,ok
suzuha_volt,15,306,4.901960784313726,2,ok
takeRRR_2,15,306,4.901960784313726,2,ok
tanuc,15,306,4.901960784313726,2,ok
teanoko,15,306,4.901960784313726,2,ok
tennisponyo123,15,306,4.901960784313726,2,ok
Tetsu_WUGner,15,306,4.901960784313726,2,ok
tomn_hee,15,306,4.901960784313726,2,ok
TutuBallerina,15,306,4.901960784313726,2,ok
volviasmith,15,306,4.901960784313726,2,ok
yamasabidori,15,306,4.901960784313726,2,ok
yasumaro_p,15,306,4.901960784313726,2,ok
Yuecat923,15,306,4.901960784313726,2,ok
yulu,15,306,4.901960784313726,2,ok
Yuya_Z33,15,306,4.901960784313726,2,ok
YY,15,306,4.901960784313726,2,ok
zaka,15,306,4.901960784313726,2,ok
1846281667wxm,15,306,4.901960784313726,1,ok
2653426598,15,306,4.901960784313726,1,ok
2945320571,15,306,4.901960784313726,1,ok
41peach41,15,306,4.901960784313726,1,ok
7f7cef8a93bf,15,306,4.901960784313726,1,ok
aikatu_mika,15,306,4.901960784313726,1,ok
AnzuRikako,15,306,4.901960784313726,1,ok
ap6594cg,15,306,4.901960784313726,1,ok
arupakashika,15,306,4.901960784313726,1,ok
aurelion_sol,15,306,4.901960784313726,1,ok
b0909270377,15,306,4.901960784313726,1,ok
babytoitsu,15,306,4.901960784313726,1,ok
ben951357,15,306,4.901960784313726,1,ok
bigpeach,15,306,4.901960784313726,1,ok
bocdes28634,15,306,4.901960784313726,1,ok
chiyukimylove,15,306,4.901960784313726,1,ok
clannadkeystory,15,306,4.901960784313726,1,ok
cst_heart17,15,306,4.901960784313726,1,ok
darkkokkurisan,15,306,4.901960784313726,1,ok
dragoncaosu,15,306,4.901960784313726,1,ok
EJfdl,15,306,4.901960784313726,1,ok
emotomo_tung,15,306,4.901960784313726,1,ok
eru114514,15,306,4.901960784313726,1,ok
fmura_mura,15,306,4.901960784313726,1,ok
furu_810kokko,15,306,4.901960784313726,1,ok
gouuo123,15,306,4.901960784313726,1,ok
haneman_12_000,15,306,4.901960784313726,1,ok
has0401,15,306,4.901960784313726,1,ok
hone_LLS,15,306,4.901960784313726,1,ok
hori,15,306,4.901960784313726,1,ok
ikimono_fgo,15,306,4.901960784313726,1,ok
ikonoizoi,15,306,4.901960784313726,1,ok
ikuzoshiningru1,15,306,4.901960784313726,1,ok
imlonghao,15,306,4.901960784313726,1,ok
jJOlvI3nj8c1xUY,15,306,4.901960784313726,1,ok
k88205c,15,306,4.901960784313726,1,ok
kajiminn,15,306,4.901960784313726,1,ok
kayotin_sofia,15,306,4.901960784313726,1,ok
Kazuki_X10A,15,306,4.901960784313726,1,ok
kdtlnor,15,306,4.901960784313726,1,ok
kenmkniyiy,15,306,4.901960784313726,1,ok
kingdom,15,306,4.901960784313726,1,ok
kotanuco299,15,306,4.901960784313726,1,ok
kou643750,15,306,4.901960784313726,1,ok
Kui0901,15,306,4.901960784313726,1,ok
kuri_Chemie0303,15,306,4.901960784313726,1,ok
like_mikan,15,306,4.901960784313726,1,ok
ljl070128,15,306,4.901960784313726,1,ok
m52lTbaYVg1Gyd0,15,306,4.901960784313726,1,ok
max_1025,15,306,4.901960784313726,1,ok
megmeg180sx,15,306,4.901960784313726,1,ok
mei_nyan0201,15,306,4.901960784313726,1,ok
Mikan_Ryuu,15,306,4.901960784313726,1,ok
mikanhatena,15,306,4.901960784313726,1,ok
misoglasses,15,306,4.901960784313726,1,ok
mixito_Xevel,15,306,4.901960784313726,1,ok
myrule4967,15,306,4.901960784313726,1,ok
nkn_aso,15,306,4.901960784313726,1,ok
NMNE2PPW,15,306,4.901960784313726,1,ok
nowordsreact,15,306,4.901960784313726,1,ok
o29tso,15,306,4.901960784313726,1,ok
OUR_P13CES,15,306,4.901960784313726,1,ok
penguinJota,15,306,4.901960784313726,1,ok
qianshuix,15,306,4.901960784313726,1,ok
ray930151,15,306,4.901960784313726,1,ok
rentang534,15,306,4.901960784313726,1,ok
ri_onakaitai,15,306,4.901960784313726,1,ok
robertdanielariascubillo,15,306,4.901960784313726,1,ok
Sayo_Gt_Roselia,15,306,4.901960784313726,1,ok
sbymazsk,15,306,4.901960784313726,1,ok
shun12512toaru,15,306,4.901960784313726,1,ok
splashingpoi,15,306,4.901960784313726,1,ok
suyu44540,15,306,4.901960784313726,1,ok
Taishin,15,306,4.901960784313726,1,ok
taiyaki_soiya,15,306,4.901960784313726,1,ok
tokudaigaeru,15,306,4.901960784313726,1,ok
ubopop,15,306,4.901960784313726,1,ok
UtaiRuOwO,15,306,4.901960784313726,1,ok
w0n0w_toto,15,306,4.901960784313726,1,ok
yomi1234,15,306,4.901960784313726,1,ok
yuubon1202,15,306,4.901960784313726,1,ok
kitikiti222,14,306,4.57516339869281,11,ok
amayou7,14,306,4.57516339869281,10,ok
hatiue46,14,306,4.57516339869281,10,ok
tri_edge777,14,306,4.57516339869281,10,ok
ha_ma_cha,14,306,4.57516339869281,9,ok
Nagi0901_kk,14,306,4.57516339869281,9,ok
saraneko_pj,14,306,4.57516339869281,9,ok
sunpyu18,14,306,4.57516339869281,9,ok
159753_android,14,306,4.57516339869281,8,ok
hiralin79,14,306,4.57516339869281,8,ok
polinkey_07,14,306,4.57516339869281,8,ok
wato_315,14,306,4.57516339869281,8,ok
yotumochi,14,306,4.57516339869281,8,ok
10stpon28,14,306,4.57516339869281,7,ok
11127_phw,14,306,4.57516339869281,7,ok
80,14,306,4.57516339869281,7,ok
8416P,14,306,4.57516339869281,7,ok
arcyuka97,14,306,4.57516339869281,7,ok
cepa_gamer,14,306,4.57516339869281,7,ok
chaNano0920,14,306,4.57516339869281,7,ok
h_senshu,14,306,4.57516339869281,7,ok
halu_inori,14,306,4.57516339869281,7,ok
KEN_ChanChan,14,306,4.57516339869281,7,ok
nao49704099,14,306,4.57516339869281,7,ok
NonSugar77,14,306,4.57516339869281,7,ok
oruba_carp,14,306,4.57516339869281,7,ok
pashiwon,14,306,4.57516339869281,7,ok
source3100,14,306,4.57516339869281,7,ok
tome_shiina,14,306,4.57516339869281,7,ok
tougou,14,306,4.57516339869281,7,ok
trinity_pyon2,14,306,4.57516339869281,7,ok
wazin4119,14,306,4.57516339869281,7,ok
yuno__mickey,14,306,4.57516339869281,7,ok
imasuyoo,14,306,4.57516339869281,6,ok
junkichi0,14,306,4.57516339869281,6,ok
mukichan,14,306,4.57516339869281,6,ok
nao_nero_,14,306,4.57516339869281,6,ok
nemuusa13,14,306,4.57516339869281,6,ok
No_Chaaaance,14,306,4.57516339869281,6,ok
pure_TO,14,306,4.57516339869281,6,ok
sg_epk_nd,14,306,4.57516339869281,6,ok
shilo_koji_soku,14,306,4.57516339869281,6,ok
shily_323,14,306,4.57516339869281,6,ok
st_regen_115,14,306,4.57516339869281,6,ok
yutohonoumi,14,306,4.57516339869281,6,ok
zkmy,14,306,4.57516339869281,6,ok
0118Kurosawa,14,306,4.57516339869281,5,ok
_nashi1,14,306,4.57516339869281,5,ok
aaaaaaaay,14,306,4.57516339869281,5,ok
airbe,14,306,4.57516339869281,5,ok
anzuflower,14,306,4.57516339869281,5,ok
cyf_aina723,14,306,4.57516339869281,5,ok
gnome1222,14,306,4.57516339869281,5,ok
hepsiman_nex,14,306,4.57516339869281,5,ok
kasakei0633,14,306,4.57516339869281,5,ok
kishida46,14,306,4.57516339869281,5,ok
mario_kuj,14,306,4.57516339869281,5,ok
mbeat,14,306,4.57516339869281,5,ok
mry_waon,14,306,4.57516339869281,5,ok
nayuneko,14,306,4.57516339869281,5,ok
nora_no_inu,14,306,4.57516339869281,5,ok
ongakukanoteiou,14,306,4.57516339869281,5,ok
PiranoX,14,306,4.57516339869281,5,ok
Respect2D,14,306,4.57516339869281,5,ok
s_ailerf,14,306,4.57516339869281,5,ok
sugar_candy354,14,306,4.57516339869281,5,ok
suguru_0805,14,306,4.57516339869281,5,ok
syusyu1224,14,306,4.57516339869281,5,ok
tatsuya21,14,306,4.57516339869281,5,ok
Tossuu,14,306,4.57516339869281,5,ok
tubasa_77VAB,14,306,4.57516339869281,5,ok
umiumium,14,306,4.57516339869281,5,ok
wata_hari,14,306,4.57516339869281,5,ok
xlycorisx,14,306,4.57516339869281,5,ok
yagi_ws_dc,14,306,4.57516339869281,5,ok
yu__en1730,14,306,4.57516339869281,5,ok
0506_jakk,14,306,4.57516339869281,4,ok
283_Pin,14,306,4.57516339869281,4,ok
adoado_always,14,306,4.57516339869281,4,ok
akira_010101,14,306,4.57516339869281,4,ok
ArcSP24,14,306,4.57516339869281,4,ok
asakaze_10,14,306,4.57516339869281,4,ok
ask_ontology,14,306,4.57516339869281,4,ok
bousan_s,14,306,4.57516339869281,4,ok
cscsdcs,14,306,4.57516339869281,4,ok
Denen_bear,14,306,4.57516339869281,4,ok
extremexenon,14,306,4.57516339869281,4,ok
foolsgo36229924,14,306,4.57516339869281,4,ok
fr_______ange,14,306,4.57516339869281,4,ok
fy_kmr,14,306,4.57516339869281,4,ok
gochikurin,14,306,4.57516339869281,4,ok
huurai0,14,306,4.57516339869281,4,ok
kamakuraseaside,14,306,4.57516339869281,4,ok
kn_oekaki,14,306,4.57516339869281,4,ok
konson3,14,306,4.57516339869281,4,ok
kyoks37_1,14,306,4.57516339869281,4,ok
linnnn149,14,306,4.57516339869281,4,ok
maepon417,14,306,4.57516339869281,4,ok
manda,14,306,4.57516339869281,4,ok
mandarin,14,306,4.57516339869281,4,ok
melontabetai,14,306,4.57516339869281,4,ok
meshii18,14,306,4.57516339869281,4,ok
Michael_Mugi_Z,14,306,4.57516339869281,4,ok
mizutatohana,14,306,4.57516339869281,4,ok
mnhepba,14,306,4.57516339869281,4,ok
mocaaaachu,14,306,4.57516339869281,4,ok
nasunasu,14,306,4.57516339869281,4,ok
odawarasandesu,14,306,4.57516339869281,4,ok
PatMoon,14,306,4.57516339869281,4,ok
raisewa_otk,14,306,4.57516339869281,4,ok
Rayvlee,14,306,4.57516339869281,4,ok
rebel_t_a,14,306,4.57516339869281,4,ok
rei_sunny_peace,14,306,4.57516339869281,4,ok
tfskmd_,14,306,4.57516339869281,4,ok
Tomosuke26,14,306,4.57516339869281,4,ok
TT_Bonsai,14,306,4.57516339869281,4,ok
tunehibikiP,14,306,4.57516339869281,4,ok
turbo_honk,14,306,4.57516339869281,4,ok
watto0413,14,306,4.57516339869281,4,ok
wonkayoshi,14,306,4.57516339869281,4,ok
you_tktt0623,14,306,4.57516339869281,4,ok
Youzo3110925,14,306,4.57516339869281,4,ok
yuuki_chi,14,306,4.57516339869281,4,ok
___Lots_of_love,14,306,4.57516339869281,3,ok
a8800119a,14,306,4.57516339869281,3,ok
AI0097,14,306,4.57516339869281,3,ok
AramoJP,14,306,4.57516339869281,3,ok
bolinriji,14,306,4.57516339869281,3,ok
bwp_gbz,14,306,4.57516339869281,3,ok
cckuok1234,14,306,4.57516339869281,3,ok
cloud_mimorian,14,306,4.57516339869281,3,ok
crina0007,14,306,4.57516339869281,3,ok
cyou97_ice,14,306,4.57516339869281,3,ok
DailyBerry_o0,14,306,4.57516339869281,3,ok
dguo94,14,306,4.57516339869281,3,ok
Dinoinrock16,14,306,4.57516339869281,3,ok
Eclair_Orangelo,14,306,4.57516339869281,3,ok
egoistic___lily,14,306,4.57516339869281,3,ok
enchanted,14,306,4.57516339869281,3,ok
ENRi_ss,14,306,4.57516339869281,3,ok
Eostlouten,14,306,4.57516339869281,3,ok
fs2nanjolno031,14,306,4.57516339869281,3,ok
Gide,14,306,4.57516339869281,3,ok
habantemps,14,306,4.57516339869281,3,ok
hannariyuusya,14,306,4.57516339869281,3,ok
haru86color,14,306,4.57516339869281,3,ok
harutee,14,306,4.57516339869281,3,ok
hiden0521,14,306,4.57516339869281,3,ok
ikachan567,14,306,4.57516339869281,3,ok
jamylas,14,306,4.57516339869281,3,ok
KDarkseven,14,306,4.57516339869281,3,ok
kelvin0128,14,306,4.57516339869281,3,ok
Ki_na128,14,306,4.57516339869281,3,ok
kirater,14,306,4.57516339869281,3,ok
komagomeeen,14,306,4.57516339869281,3,ok
KURO_77,14,306,4.57516339869281,3,ok
Lee4yh,14,306,4.57516339869281,3,ok
LTZZK904,14,306,4.57516339869281,3,ok
Lyui,14,306,4.57516339869281,3,ok
m_teens_m_tears,14,306,4.57516339869281,3,ok
masa_kishow,14,306,4.57516339869281,3,ok
Massu074,14,306,4.57516339869281,3,ok
masutaku2357,14,306,4.57516339869281,3,ok
mattyanyan,14,306,4.57516339869281,3,ok
milkfarm397,14,306,4.57516339869281,3,ok
mirin73m,14,306,4.57516339869281,3,ok
miyako_hd,14,306,4.57516339869281,3,ok
momokoi_p,14,306,4.57516339869281,3,ok
Nanoha,14,306,4.57516339869281,3,ok
ntk495,14,306,4.57516339869281,3,ok
nwtkmr,14,306,4.57516339869281,3,ok
pis122,14,306,4.57516339869281,3,ok
poteto_,14,306,4.57516339869281,3,ok
req_anime,14,306,4.57516339869281,3,ok
ruupin,14,306,4.57516339869281,3,ok
ryu1367,14,306,4.57516339869281,3,ok
ryuu,14,306,4.57516339869281,3,ok
shogo_kurobasu,14,306,4.57516339869281,3,ok
sumchui00,14,306,4.57516339869281,3,ok
suugaku_tw,14,306,4.57516339869281,3,ok
syabon43,14,306,4.57516339869281,3,ok
tadanotenki,14,306,4.57516339869281,3,ok
takuminagato,14,306,4.57516339869281,3,ok
tanyuryan,14,306,4.57516339869281,3,ok
Techtetra,14,306,4.57516339869281,3,ok
tesu,14,306,4.57516339869281,3,ok
think36902340,14,306,4.57516339869281,3,ok
tora2673,14,306,4.57516339869281,3,ok
wafuwafu0,14,306,4.57516339869281,3,ok
wind_of_phobos,14,306,4.57516339869281,3,ok
yucchi1940,14,306,4.57516339869281,3,ok
yun1342,14,306,4.57516339869281,3,ok
0129_0615,14,306,4.57516339869281,2,ok
Ba_7_7_,14,306,4.57516339869281,2,ok
cacao_pero,14,306,4.57516339869281,2,ok
colorless_wind_,14,306,4.57516339869281,2,ok
ctunnoxiaowuno,14,306,4.57516339869281,2,ok
dKVMFCXtpBg8Yya,14,306,4.57516339869281,2,ok
dongxian007_1,14,306,4.57516339869281,2,ok
drgnEmi_7,14,306,4.57516339869281,2,ok
eli_mikuriru910,14,306,4.57516339869281,2,ok
Eureka0726,14,306,4.57516339869281,2,ok
gen_gatari,14,306,4.57516339869281,2,ok
GIANT___KONG,14,306,4.57516339869281,2,ok
hage_tumuzi_18,14,306,4.57516339869281,2,ok
hawk0902,14,306,4.57516339869281,2,ok
HiA_LS,14,306,4.57516339869281,2,ok
hinoene_dv,14,306,4.57516339869281,2,ok
hl_azd,14,306,4.57516339869281,2,ok
IvanTeacup,14,306,4.57516339869281,2,ok
Izmin,14,306,4.57516339869281,2,ok
ka64909615_1,14,306,4.57516339869281,2,ok
kaisai_buta,14,306,4.57516339869281,2,ok
Kamilleasakura,14,306,4.57516339869281,2,ok
kavo1125,14,306,4.57516339869281,2,ok
king19960816,14,306,4.57516339869281,2,ok
kt_inorimachi,14,306,4.57516339869281,2,ok
kuon0423,14,306,4.57516339869281,2,ok
littlewish_231,14,306,4.57516339869281,2,ok
meka279,14,306,4.57516339869281,2,ok
morima_morima,14,306,4.57516339869281,2,ok
naganyaaaan,14,306,4.57516339869281,2,ok
nitori_mmrn,14,306,4.57516339869281,2,ok
nivalis_m,14,306,4.57516339869281,2,ok
phantom38,14,306,4.57516339869281,2,ok
r_123,14,306,4.57516339869281,2,ok
rinzo919,14,306,4.57516339869281,2,ok
S_Gimrikkers,14,306,4.57516339869281,2,ok
sarada_21,14,306,4.57516339869281,2,ok
seek_h_Erase7,14,306,4.57516339869281,2,ok
shana0307,14,306,4.57516339869281,2,ok
shgetun_makiti,14,306,4.57516339869281,2,ok
sj000,14,306,4.57516339869281,2,ok
Subaru,14,306,4.57516339869281,2,ok
Swan,14,306,4.57516339869281,2,ok
taa_1028,14,306,4.57516339869281,2,ok
tws_hiruko,14,306,4.57516339869281,2,ok
U8_YEAS,14,306,4.57516339869281,2,ok
udac1121,14,306,4.57516339869281,2,ok
UGA,14,306,4.57516339869281,2,ok
umiumiumu,14,306,4.57516339869281,2,ok
XLVBB2UL,14,306,4.57516339869281,2,ok
yuyuyu_s4,14,306,4.57516339869281,2,ok
125zplhn,14,306,4.57516339869281,1,ok
3292493618,14,306,4.57516339869281,1,ok
79naku,14,306,4.57516339869281,1,ok
882745d,14,306,4.57516339869281,1,ok
963,14,306,4.57516339869281,1,ok
_rihiton_,14,306,4.57516339869281,1,ok
a1141891495,14,306,4.57516339869281,1,ok
a52948984,14,306,4.57516339869281,1,ok
afoafo_nina8587,14,306,4.57516339869281,1,ok
AGRI_FIRST,14,306,4.57516339869281,1,ok
allcountry7721,14,306,4.57516339869281,1,ok
animegame11,14,306,4.57516339869281,1,ok
AQUARIUS,14,306,4.57516339869281,1,ok
ari__,14,306,4.57516339869281,1,ok
Asia,14,306,4.57516339869281,1,ok
Aungsan_765P,14,306,4.57516339869281,1,ok
avenge_world,14,306,4.57516339869281,1,ok
boatrace5376946,14,306,4.57516339869281,1,ok
bokutitu,14,306,4.57516339869281,1,ok
brand_new_cream,14,306,4.57516339869281,1,ok
braveheart2130,14,306,4.57516339869281,1,ok
burahimo5266,14,306,4.57516339869281,1,ok
chitose_765p,14,306,4.57516339869281,1,ok
churugo,14,306,4.57516339869281,1,ok
chw0519,14,306,4.57516339869281,1,ok
clowasssancross,14,306,4.57516339869281,1,ok
cobrascreen,14,306,4.57516339869281,1,ok
copymind2238,14,306,4.57516339869281,1,ok
crazysolt974425,14,306,4.57516339869281,1,ok
customu_1957,14,306,4.57516339869281,1,ok
cxwal8392,14,306,4.57516339869281,1,ok
DaemoHololive,14,306,4.57516339869281,1,ok
Daisuke26,14,306,4.57516339869281,1,ok
DG,14,306,4.57516339869281,1,ok
dhunter_tw,14,306,4.57516339869281,1,ok
disavailable,14,306,4.57516339869281,1,ok
djdne848,14,306,4.57516339869281,1,ok
dondondonki,14,306,4.57516339869281,1,ok
dsSbutm16NyKcxL,14,306,4.57516339869281,1,ok
enderwikking,14,306,4.57516339869281,1,ok
endmil0910,14,306,4.57516339869281,1,ok
EonLeader,14,306,4.57516339869281,1,ok
eric47414,14,306,4.57516339869281,1,ok
familymart5692,14,306,4.57516339869281,1,ok
foever2021,14,306,4.57516339869281,1,ok
fumitakenorikaz,14,306,4.57516339869281,1,ok
FutuHiTo,14,306,4.57516339869281,1,ok
Galletevoltage,14,306,4.57516339869281,1,ok
gamestop22956,14,306,4.57516339869281,1,ok
gansaviberep,14,306,4.57516339869281,1,ok
garatelavichhe,14,306,4.57516339869281,1,ok
gatsutarou,14,306,4.57516339869281,1,ok
gkaf7543,14,306,4.57516339869281,1,ok
Gyuniventer,14,306,4.57516339869281,1,ok
haise_kiyono,14,306,4.57516339869281,1,ok
Halation,14,306,4.57516339869281,1,ok
hayate1026,14,306,4.57516339869281,1,ok
hiko57,14,306,4.57516339869281,1,ok
hironan_koi,14,306,4.57516339869281,1,ok
hirosaka,14,306,4.57516339869281,1,ok
hope6537,14,306,4.57516339869281,1,ok
hyts_ymm,14,306,4.57516339869281,1,ok
ichinosestar,14,306,4.57516339869281,1,ok
isokusaiP,14,306,4.57516339869281,1,ok
issuemario,14,306,4.57516339869281,1,ok
j_noir_,14,306,4.57516339869281,1,ok
JDYEONG931,14,306,4.57516339869281,1,ok
Jin_Feng,14,306,4.57516339869281,1,ok
joe40785605,14,306,4.57516339869281,1,ok
JY214,14,306,4.57516339869281,1,ok
kagoya901642648,14,306,4.57516339869281,1,ok
kaillin,14,306,4.57516339869281,1,ok
kanael78283871,14,306,4.57516339869281,1,ok
ke2hi_m0no,14,306,4.57516339869281,1,ok
KEFU0719,14,306,4.57516339869281,1,ok
Kenmomen,14,306,4.57516339869281,1,ok
kepaboy475376,14,306,4.57516339869281,1,ok
kimty9503,14,306,4.57516339869281,1,ok
kitaq_dragon,14,306,4.57516339869281,1,ok
kitunekoma41,14,306,4.57516339869281,1,ok
kouheinanahara,14,306,4.57516339869281,1,ok
kzknfk,14,306,4.57516339869281,1,ok
lineinchnails,14,306,4.57516339869281,1,ok
lovelive77,14,306,4.57516339869281,1,ok
lsh1047885,14,306,4.57516339869281,1,ok
lsh20050502,14,306,4.57516339869281,1,ok
macaron_peach_,14,306,4.57516339869281,1,ok
mairu_sip_ll,14,306,4.57516339869281,1,ok
massuru9,14,306,4.57516339869281,1,ok
max0106,14,306,4.57516339869281,1,ok
maynyard453769,14,306,4.57516339869281,1,ok
meteoraspeed,14,306,4.57516339869281,1,ok
minasuters_nild,14,306,4.57516339869281,1,ok
minatohkf,14,306,4.57516339869281,1,ok
minon793,14,306,4.57516339869281,1,ok
mission_control,14,306,4.57516339869281,1,ok
misterstandup,14,306,4.57516339869281,1,ok
Mitch2034,14,306,4.57516339869281,1,ok
mmm2mmm,14,306,4.57516339869281,1,ok
moritake2648177,14,306,4.57516339869281,1,ok
mouse_wash,14,306,4.57516339869281,1,ok
murakore,14,306,4.57516339869281,1,ok
MZWLI,14,306,4.57516339869281,1,ok
n016fara,14,306,4.57516339869281,1,ok
namitokakantoka,14,306,4.57516339869281,1,ok
naomikyanberu,14,306,4.57516339869281,1,ok
neogurenkaizer,14,306,4.57516339869281,1,ok
nikasouakanata,14,306,4.57516339869281,1,ok
nirei217,14,306,4.57516339869281,1,ok
noblessobliju,14,306,4.57516339869281,1,ok
OneT,14,306,4.57516339869281,1,ok
OUTLOOKEXPRESS,14,306,4.57516339869281,1,ok
oxystoxsys,14,306,4.57516339869281,1,ok
oyashirazu,14,306,4.57516339869281,1,ok
pacho_ishi,14,306,4.57516339869281,1,ok
rainieieong,14,306,4.57516339869281,1,ok
Raspberry_Time,14,306,4.57516339869281,1,ok
reckressfire,14,306,4.57516339869281,1,ok
reito_blackhair,14,306,4.57516339869281,1,ok
Ritsuma,14,306,4.57516339869281,1,ok
Roselia1314520,14,306,4.57516339869281,1,ok
ryougasaki749,14,306,4.57516339869281,1,ok
Sadorinablan,14,306,4.57516339869281,1,ok
sasakuttekuru,14,306,4.57516339869281,1,ok
selebutomato,14,306,4.57516339869281,1,ok
Senmatsu_131,14,306,4.57516339869281,1,ok
Seventh_Bullet,14,306,4.57516339869281,1,ok
shooting_star,14,306,4.57516339869281,1,ok
soundorion,14,306,4.57516339869281,1,ok
srnw_owo,14,306,4.57516339869281,1,ok
SSanokun,14,306,4.57516339869281,1,ok
SuperAguri,14,306,4.57516339869281,1,ok
suzuran339274,14,306,4.57516339869281,1,ok
SWJung89,14,306,4.57516339869281,1,ok
sy_u_li,14,306,4.57516339869281,1,ok
Tacoyakimantman,14,306,4.57516339869281,1,ok
taiyakidoro,14,306,4.57516339869281,1,ok
tanuki_Q,14,306,4.57516339869281,1,ok
tao_tsuyoiko,14,306,4.57516339869281,1,ok
Tequila_Demon,14,306,4.57516339869281,1,ok
throkthunder,14,306,4.57516339869281,1,ok
Tobu0616,14,306,4.57516339869281,1,ok
Torogame,14,306,4.57516339869281,1,ok
Toroka_F,14,306,4.57516339869281,1,ok
tripleace53872,14,306,4.57516339869281,1,ok
uchida9885,14,306,4.57516339869281,1,ok
view051013,14,306,4.57516339869281,1,ok
watchout4766,14,306,4.57516339869281,1,ok
weaponvillage,14,306,4.57516339869281,1,ok
white_heven,14,306,4.57516339869281,1,ok
whiteaardwolf,14,306,4.57516339869281,1,ok
wolf66689_ab_1,14,306,4.57516339869281,1,ok
wr568099328,14,306,4.57516339869281,1,ok
ws05131,14,306,4.57516339869281,1,ok
wtma314,14,306,4.57516339869281,1,ok
yangpang0727,14,306,4.57516339869281,1,ok
yantong.lyu6,14,306,4.57516339869281,1,ok
ynn2003,14,306,4.57516339869281,1,ok
yobidasibantyou,14,306,4.57516339869281,1,ok
Ytterbisotope,14,306,4.57516339869281,1,ok
Yue_Nyr,14,306,4.57516339869281,1,ok
zakuzaku4872093,14,306,4.57516339869281,1,ok
FaunddD,13,306,4.248366013071895,12,ok
m_miko0913,13,306,4.248366013071895,11,ok
fuko_nana,13,306,4.248366013071895,10,ok
poncho555,13,306,4.248366013071895,10,ok
Avalon_TN,13,306,4.248366013071895,9,ok
ikotti03,13,306,4.248366013071895,9,ok
naoo_1014,13,306,4.248366013071895,9,ok
Neville1202,13,306,4.248366013071895,8,ok
noontakano,13,306,4.248366013071895,8,ok
noraminu,13,306,4.248366013071895,8,ok
seinfrau0000,13,306,4.248366013071895,8,ok
shicashica_t,13,306,4.248366013071895,8,ok
SirChikuwa_,13,306,4.248366013071895,8,ok
sr17222,13,306,4.248366013071895,8,ok
tkhstsr21,13,306,4.248366013071895,8,ok
ykrnmrh,13,306,4.248366013071895,8,ok
37matcha,13,306,4.248366013071895,7,ok
________,13,306,4.248366013071895,7,ok
AirxHuang,13,306,4.248366013071895,7,ok
asahakanari1230,13,306,4.248366013071895,7,ok
bachikei,13,306,4.248366013071895,7,ok
fate007,13,306,4.248366013071895,7,ok
hekarun,13,306,4.248366013071895,7,ok
kiano816,13,306,4.248366013071895,7,ok
maaya_doraemon,13,306,4.248366013071895,7,ok
mccnuw,13,306,4.248366013071895,7,ok
NaClwrestler,13,306,4.248366013071895,7,ok
naga_yamas,13,306,4.248366013071895,7,ok
natume328,13,306,4.248366013071895,7,ok
One_Minami,13,306,4.248366013071895,7,ok
Rekyu_Reki,13,306,4.248366013071895,7,ok
sakuraberry,13,306,4.248366013071895,7,ok
shin621103,13,306,4.248366013071895,7,ok
wakupi_,13,306,4.248366013071895,7,ok
xoxo_417,13,306,4.248366013071895,7,ok
yasty345,13,306,4.248366013071895,7,ok
yusukei1123,13,306,4.248366013071895,7,ok
1moti2moti3,13,306,4.248366013071895,6,ok
_ORU_T,13,306,4.248366013071895,6,ok
ahcak91,13,306,4.248366013071895,6,ok
aina0723s,13,306,4.248366013071895,6,ok
altisimon,13,306,4.248366013071895,6,ok
alto_heltz,13,306,4.248366013071895,6,ok
Atsxob,13,306,4.248366013071895,6,ok
ayaka_sound,13,306,4.248366013071895,6,ok
chiyu_ULC,13,306,4.248366013071895,6,ok
dhianasama,13,306,4.248366013071895,6,ok
hawks0950,13,306,4.248366013071895,6,ok
ikininarimasu,13,306,4.248366013071895,6,ok
Kiyo__P,13,306,4.248366013071895,6,ok
kselynl,13,306,4.248366013071895,6,ok
LifeOfMusic_eLm,13,306,4.248366013071895,6,ok
ma_kun138,13,306,4.248366013071895,6,ok
mikity_pancake,13,306,4.248366013071895,6,ok
myonlive,13,306,4.248366013071895,6,ok
narrowtan,13,306,4.248366013071895,6,ok
ncsrus_uk,13,306,4.248366013071895,6,ok
nnagayann,13,306,4.248366013071895,6,ok
nyorai_02_rukas,13,306,4.248366013071895,6,ok
ocean_0317,13,306,4.248366013071895,6,ok
pipimiuchikawa,13,306,4.248366013071895,6,ok
Pleiades730,13,306,4.248366013071895,6,ok
Re_YoImSu__,13,306,4.248366013071895,6,ok
SRW_JAMJAM,13,306,4.248366013071895,6,ok
suzumachi0815,13,306,4.248366013071895,6,ok
suzunokimaru,13,306,4.248366013071895,6,ok
toma_2zz,13,306,4.248366013071895,6,ok
yinghaoweng,13,306,4.248366013071895,6,ok
yunyun,13,306,4.248366013071895,6,ok
yuuu__046,13,306,4.248366013071895,6,ok
blast_scape,13,306,4.248366013071895,5,ok
Cpon08,13,306,4.248366013071895,5,ok
DB_takuzou,13,306,4.248366013071895,5,ok
desse_ykp,13,306,4.248366013071895,5,ok
Dr_Sails,13,306,4.248366013071895,5,ok
drillkuchibashi,13,306,4.248366013071895,5,ok
grass_typer,13,306,4.248366013071895,5,ok
honho,13,306,4.248366013071895,5,ok
HSTT77,13,306,4.248366013071895,5,ok
hymo8686,13,306,4.248366013071895,5,ok
ibeno_292929,13,306,4.248366013071895,5,ok
luka_KK87,13,306,4.248366013071895,5,ok
Lullshare_suko,13,306,4.248366013071895,5,ok
mikanviolet7326,13,306,4.248366013071895,5,ok
miya_san0315,13,306,4.248366013071895,5,ok
mizuSaki,13,306,4.248366013071895,5,ok
mkn__712,13,306,4.248366013071895,5,ok
mochizo_dekacho,13,306,4.248366013071895,5,ok
moco828,13,306,4.248366013071895,5,ok
mt09_kushi,13,306,4.248366013071895,5,ok
n_tpokesns,13,306,4.248366013071895,5,ok
na39na77,13,306,4.248366013071895,5,ok
Nos_ammm,13,306,4.248366013071895,5,ok
rass11,13,306,4.248366013071895,5,ok
ruler_299792458,13,306,4.248366013071895,5,ok
RX_GIN,13,306,4.248366013071895,5,ok
ryochi601,13,306,4.248366013071895,5,ok
sha_ka_ma,13,306,4.248366013071895,5,ok
sk15_y,13,306,4.248366013071895,5,ok
sousei0700,13,306,4.248366013071895,5,ok
TKO_SU,13,306,4.248366013071895,5,ok
tnktntntnktnk,13,306,4.248366013071895,5,ok
tomotinn00630,13,306,4.248366013071895,5,ok
tuso803,13,306,4.248366013071895,5,ok
yadonashikun,13,306,4.248366013071895,5,ok
3sasamicamaboco,13,306,4.248366013071895,4,ok
411_uriruka,13,306,4.248366013071895,4,ok
Aka9680,13,306,4.248366013071895,4,ok
aoiode,13,306,4.248366013071895,4,ok
b_y_h_,13,306,4.248366013071895,4,ok
bn0617,13,306,4.248366013071895,4,ok
boyi_chou,13,306,4.248366013071895,4,ok
broadcominity,13,306,4.248366013071895,4,ok
cc_zuzu,13,306,4.248366013071895,4,ok
Cloudear_127,13,306,4.248366013071895,4,ok
double_F0901,13,306,4.248366013071895,4,ok
frienshifo,13,306,4.248366013071895,4,ok
gacha4life,13,306,4.248366013071895,4,ok
hamunohito1123,13,306,4.248366013071895,4,ok
hi_ro_san,13,306,4.248366013071895,4,ok
hinamomosail,13,306,4.248366013071895,4,ok
japan1976,13,306,4.248366013071895,4,ok
Jinbei17,13,306,4.248366013071895,4,ok
keil2236,13,306,4.248366013071895,4,ok
kyoh4110,13,306,4.248366013071895,4,ok
lzx921009,13,306,4.248366013071895,4,ok
mahotsu,13,306,4.248366013071895,4,ok
marimosyadow,13,306,4.248366013071895,4,ok
mb_4812,13,306,4.248366013071895,4,ok
minahiromarch,13,306,4.248366013071895,4,ok
momonoka7,13,306,4.248366013071895,4,ok
nekomagunn,13,306,4.248366013071895,4,ok
otacvianus,13,306,4.248366013071895,4,ok
qualheart,13,306,4.248366013071895,4,ok
rare252,13,306,4.248366013071895,4,ok
rasuiba,13,306,4.248366013071895,4,ok
riku3412,13,306,4.248366013071895,4,ok
SaintRealize,13,306,4.248366013071895,4,ok
Se2Nq___1,13,306,4.248366013071895,4,ok
sky_inori28,13,306,4.248366013071895,4,ok
sphere_ak,13,306,4.248366013071895,4,ok
super_lover765,13,306,4.248366013071895,4,ok
sy_mosu,13,306,4.248366013071895,4,ok
takubo88,13,306,4.248366013071895,4,ok
taruto_0310,13,306,4.248366013071895,4,ok
TENKA_KOKON,13,306,4.248366013071895,4,ok
tsrpyhseariel,13,306,4.248366013071895,4,ok
Yuugirimoya,13,306,4.248366013071895,4,ok
05fqz,13,306,4.248366013071895,3,ok
11daku2,13,306,4.248366013071895,3,ok
_Yaotomayn,13,306,4.248366013071895,3,ok
bure_0611,13,306,4.248366013071895,3,ok
chickentsanime,13,306,4.248366013071895,3,ok
diarut,13,306,4.248366013071895,3,ok
emuri,13,306,4.248366013071895,3,ok
gurukosan,13,306,4.248366013071895,3,ok
hanehitsuji,13,306,4.248366013071895,3,ok
Karen_Ayaya0915,13,306,4.248366013071895,3,ok
knownum,13,306,4.248366013071895,3,ok
koma_koma_d,13,306,4.248366013071895,3,ok
koyomireki,13,306,4.248366013071895,3,ok
krorikw,13,306,4.248366013071895,3,ok
kyoma022177,13,306,4.248366013071895,3,ok
litbustanaka,13,306,4.248366013071895,3,ok
mac_43,13,306,4.248366013071895,3,ok
misola,13,306,4.248366013071895,3,ok
noco_nocco,13,306,4.248366013071895,3,ok
okome_yasu,13,306,4.248366013071895,3,ok
PremiumTonyhalt,13,306,4.248366013071895,3,ok
pudding_ice,13,306,4.248366013071895,3,ok
ringetu_1229_,13,306,4.248366013071895,3,ok
rocca_ll,13,306,4.248366013071895,3,ok
samraseed0417,13,306,4.248366013071895,3,ok
sia113,13,306,4.248366013071895,3,ok
syuuya31_1,13,306,4.248366013071895,3,ok
Tailwind_mmrn,13,306,4.248366013071895,3,ok
takuan_taso,13,306,4.248366013071895,3,ok
tamari,13,306,4.248366013071895,3,ok
u315sora,13,306,4.248366013071895,3,ok
u_nagiinu,13,306,4.248366013071895,3,ok
uizakura2012,13,306,4.248366013071895,3,ok
yumeji252,13,306,4.248366013071895,3,ok
yumi_yummy,13,306,4.248366013071895,3,ok
yuuum,13,306,4.248366013071895,3,ok
beatmania5224,13,306,4.248366013071895,2,ok
demiokada_,13,306,4.248366013071895,2,ok
DeSide,13,306,4.248366013071895,2,ok
fripSide_voice,13,306,4.248366013071895,2,ok
gotanda121,13,306,4.248366013071895,2,ok
IZQchan,13,306,4.248366013071895,2,ok
jade_halcyon,13,306,4.248366013071895,2,ok
kiyokiyomasamas,13,306,4.248366013071895,2,ok
konakonanjolno,13,306,4.248366013071895,2,ok
MariRiley_1216,13,306,4.248366013071895,2,ok
Megumi_umi17,13,306,4.248366013071895,2,ok
mprn_hayate,13,306,4.248366013071895,2,ok
person00189,13,306,4.248366013071895,2,ok
qq812,13,306,4.248366013071895,2,ok
rarudo_e_de,13,306,4.248366013071895,2,ok
Roanapla445,13,306,4.248366013071895,2,ok
Rouji_ppp,13,306,4.248366013071895,2,ok
rusio3,13,306,4.248366013071895,2,ok
seaside334,13,306,4.248366013071895,2,ok
shikao0519,13,306,4.248366013071895,2,ok
so_so_so0101,13,306,4.248366013071895,2,ok
StarGazerQQD,13,306,4.248366013071895,2,ok
sugatabubu,13,306,4.248366013071895,2,ok
teddylau0623,13,306,4.248366013071895,2,ok
terrylam337,13,306,4.248366013071895,2,ok
TonyT_M,13,306,4.248366013071895,2,ok
uli781017,13,306,4.248366013071895,2,ok
yoyo831226,13,306,4.248366013071895,2,ok
Yuki5035777,13,306,4.248366013071895,2,ok
0concre,13,306,4.248366013071895,1,ok
0ysqnzS4vlsQaln,13,306,4.248366013071895,1,ok
11_sora_,13,306,4.248366013071895,1,ok
1ChaTo_MaRu,13,306,4.248366013071895,1,ok
217Masahiro,13,306,4.248366013071895,1,ok
2sawa,13,306,4.248366013071895,1,ok
385az,13,306,4.248366013071895,1,ok
42gin,13,306,4.248366013071895,1,ok
624yyy417,13,306,4.248366013071895,1,ok
6600Kiyoshi,13,306,4.248366013071895,1,ok
7010kiri,13,306,4.248366013071895,1,ok
A_LiNE02_1,13,306,4.248366013071895,1,ok
aimi_001,13,306,4.248366013071895,1,ok
ajtxpgm,13,306,4.248366013071895,1,ok
akarikun_cocoa,13,306,4.248366013071895,1,ok
akgn0611,13,306,4.248366013071895,1,ok
ankiamai_0417,13,306,4.248366013071895,1,ok
arrow_rm,13,306,4.248366013071895,1,ok
ayaki_saki12111,13,306,4.248366013071895,1,ok
ayu.nao72,13,306,4.248366013071895,1,ok
aznl2iceboi504,13,306,4.248366013071895,1,ok
Azu0102_mhxx,13,306,4.248366013071895,1,ok
AZUL_765,13,306,4.248366013071895,1,ok
Azusa_so_cute,13,306,4.248366013071895,1,ok
bokaro920,13,306,4.248366013071895,1,ok
bucchi_0phelia,13,306,4.248366013071895,1,ok
butazuraTruk,13,306,4.248366013071895,1,ok
ColinRogers,13,306,4.248366013071895,1,ok
d_d_d_d_couver,13,306,4.248366013071895,1,ok
dahache18,13,306,4.248366013071895,1,ok
danieru_0803,13,306,4.248366013071895,1,ok
dongxian007,13,306,4.248366013071895,1,ok
dust_321,13,306,4.248366013071895,1,ok
ep_kaihouku,13,306,4.248366013071895,1,ok
EufoniumKim,13,306,4.248366013071895,1,ok
EVE_SATO,13,306,4.248366013071895,1,ok
forest_hn,13,306,4.248366013071895,1,ok
fripSide_kiko,13,306,4.248366013071895,1,ok
gaji0,13,306,4.248366013071895,1,ok
ganma1116,13,306,4.248366013071895,1,ok
Gigaromaniaccsi,13,306,4.248366013071895,1,ok
gochi_jinro,13,306,4.248366013071895,1,ok
Guevara0919,13,306,4.248366013071895,1,ok
hanehituji,13,306,4.248366013071895,1,ok
haoukami,13,306,4.248366013071895,1,ok
harurun,13,306,4.248366013071895,1,ok
HEART_SAKURA0,13,306,4.248366013071895,1,ok
hiiragi,13,306,4.248366013071895,1,ok
hissa19k,13,306,4.248366013071895,1,ok
hitsujifarm,13,306,4.248366013071895,1,ok
hkgayah1,13,306,4.248366013071895,1,ok
hoko__tate,13,306,4.248366013071895,1,ok
hyle_sora,13,306,4.248366013071895,1,ok
iamhonkers,13,306,4.248366013071895,1,ok
issacschang,13,306,4.248366013071895,1,ok
karenpaisen,13,306,4.248366013071895,1,ok
katouaki,13,306,4.248366013071895,1,ok
kawus_tora,13,306,4.248366013071895,1,ok
Kcslg_211,13,306,4.248366013071895,1,ok
kenchandesu919,13,306,4.248366013071895,1,ok
ki3kage27,13,306,4.248366013071895,1,ok
kiki_bbl,13,306,4.248366013071895,1,ok
kj_yui,13,306,4.248366013071895,1,ok
kksuma_7_,13,306,4.248366013071895,1,ok
kohki5270,13,306,4.248366013071895,1,ok
koinobori_ktum,13,306,4.248366013071895,1,ok
koji_koji,13,306,4.248366013071895,1,ok
komiti_ayaya,13,306,4.248366013071895,1,ok
konomarox,13,306,4.248366013071895,1,ok
kty0629,13,306,4.248366013071895,1,ok
kuroyukisama1,13,306,4.248366013071895,1,ok
kyou_yui,13,306,4.248366013071895,1,ok
kyousuke_0830,13,306,4.248366013071895,1,ok
leesin_plus,13,306,4.248366013071895,1,ok
Lindo_thunder_1,13,306,4.248366013071895,1,ok
Lorraine,13,306,4.248366013071895,1,ok
Lunatic_FFF16sk,13,306,4.248366013071895,1,ok
m257178256,13,306,4.248366013071895,1,ok
M_1KU,13,306,4.248366013071895,1,ok
marin_kinmosa,13,306,4.248366013071895,1,ok
meakathedog,13,306,4.248366013071895,1,ok
milmil_0228,13,306,4.248366013071895,1,ok
Mirai_in_Mirror,13,306,4.248366013071895,1,ok
mirrorino,13,306,4.248366013071895,1,ok
misagi0324,13,306,4.248366013071895,1,ok
mity_yoshiriko,13,306,4.248366013071895,1,ok
mixdekopon,13,306,4.248366013071895,1,ok
mo71__m,13,306,4.248366013071895,1,ok
mochimochi2059,13,306,4.248366013071895,1,ok
Morocosiina,13,306,4.248366013071895,1,ok
musassi_tcue,13,306,4.248366013071895,1,ok
nekomarunomi345,13,306,4.248366013071895,1,ok
NGC1169,13,306,4.248366013071895,1,ok
Nishi5629,13,306,4.248366013071895,1,ok
NittaJirou,13,306,4.248366013071895,1,ok
nobimari,13,306,4.248366013071895,1,ok
noopysoo,13,306,4.248366013071895,1,ok
nozoumikanan,13,306,4.248366013071895,1,ok
nuko_kakkaSS,13,306,4.248366013071895,1,ok
o0b4m0n3,13,306,4.248366013071895,1,ok
onig_hhit,13,306,4.248366013071895,1,ok
oninigimochi,13,306,4.248366013071895,1,ok
ouo,13,306,4.248366013071895,1,ok
PettyScarlet,13,306,4.248366013071895,1,ok
Pharaoh_ya,13,306,4.248366013071895,1,ok
picapica1110,13,306,4.248366013071895,1,ok
pikusisu,13,306,4.248366013071895,1,ok
popnpopko,13,306,4.248366013071895,1,ok
potteito7,13,306,4.248366013071895,1,ok
psycommu_GG,13,306,4.248366013071895,1,ok
rakutenfuckman,13,306,4.248366013071895,1,ok
RinRin31250684,13,306,4.248366013071895,1,ok
riona_hnt,13,306,4.248366013071895,1,ok
Rufaa,13,306,4.248366013071895,1,ok
s14sugi,13,306,4.248366013071895,1,ok
sayo320hina,13,306,4.248366013071895,1,ok
scene_through,13,306,4.248366013071895,1,ok
sei_ji2,13,306,4.248366013071895,1,ok
SH1RONA,13,306,4.248366013071895,1,ok
shimon_2521,13,306,4.248366013071895,1,ok
ShiwugA,13,306,4.248366013071895,1,ok
skypy1044,13,306,4.248366013071895,1,ok
slmhmu,13,306,4.248366013071895,1,ok
snoyh00,13,306,4.248366013071895,1,ok
Solitude___Rain,13,306,4.248366013071895,1,ok
sora16days,13,306,4.248366013071895,1,ok
sorakumo3,13,306,4.248366013071895,1,ok
SoraMoppyInori,13,306,4.248366013071895,1,ok
sr_hasu,13,306,4.248366013071895,1,ok
ta_tamrim_ch,13,306,4.248366013071895,1,ok
takara_seriyu,13,306,4.248366013071895,1,ok
taruru,13,306,4.248366013071895,1,ok
tatsudoshi_tsud,13,306,4.248366013071895,1,ok
taulaurant,13,306,4.248366013071895,1,ok
tcc0809,13,306,4.248366013071895,1,ok
tea_cocha,13,306,4.248366013071895,1,ok
tnzreg,13,306,4.248366013071895,1,ok
tomo11,13,306,4.248366013071895,1,ok
trainman_kyoko,13,306,4.248366013071895,1,ok
tukazi_753,13,306,4.248366013071895,1,ok
u_b_k_t,13,306,4.248366013071895,1,ok
U_LV324L,13,306,4.248366013071895,1,ok
Waaaan,13,306,4.248366013071895,1,ok
waindaaaam,13,306,4.248366013071895,1,ok
wataire02,13,306,4.248366013071895,1,ok
wcff0868,13,306,4.248366013071895,1,ok
yorukaze2,13,306,4.248366013071895,1,ok
YoshikiTakeishi,13,306,4.248366013071895,1,ok
yosi_noya,13,306,4.248366013071895,1,ok
yukkurot,13,306,4.248366013071895,1,ok
yumingmfarm,13,306,4.248366013071895,1,ok
yunomi201,13,306,4.248366013071895,1,ok
yuribow2619,13,306,4.248366013071895,1,ok
Yyuki71,13,306,4.248366013071895,1,ok
zawa_A_LAURA,13,306,4.248366013071895,1,ok
zenn1215,13,306,4.248366013071895,1,ok
zxcb7788,13,306,4.248366013071895,1,ok
viper3dna,12,306,3.9215686274509802,10,ok
yuuhi334,12,306,3.9215686274509802,10,ok
haguretametal,12,306,3.9215686274509802,9,ok
Level3_,12,306,3.9215686274509802,9,ok
toraraaaa,12,306,3.9215686274509802,9,ok
winter_color,12,306,3.9215686274509802,9,ok
YZmimo0724,12,306,3.9215686274509802,9,ok
Jam_Ris_yu,12,306,3.9215686274509802,8,ok
kakunekono,12,306,3.9215686274509802,8,ok
miotamupoke,12,306,3.9215686274509802,8,ok
nyoshinyoshi,12,306,3.9215686274509802,8,ok
sally86sif,12,306,3.9215686274509802,8,ok
SKmikkosi,12,306,3.9215686274509802,8,ok
99822th,12,306,3.9215686274509802,7,ok
__Msks__,12,306,3.9215686274509802,7,ok
chamadayo_k_b,12,306,3.9215686274509802,7,ok
flowerandgrass_,12,306,3.9215686274509802,7,ok
forever_shrimp,12,306,3.9215686274509802,7,ok
fujiwaraleaf101,12,306,3.9215686274509802,7,ok
gugugunyu,12,306,3.9215686274509802,7,ok
inazuma_300,12,306,3.9215686274509802,7,ok
inudaisuki,12,306,3.9215686274509802,7,ok
JO_RI,12,306,3.9215686274509802,7,ok
kon_karin,12,306,3.9215686274509802,7,ok
Kumako_LiSA,12,306,3.9215686274509802,7,ok
minato_3710,12,306,3.9215686274509802,7,ok
nabeshin5430,12,306,3.9215686274509802,7,ok
negi263492,12,306,3.9215686274509802,7,ok
piri_SAOAW,12,306,3.9215686274509802,7,ok
vyse__,12,306,3.9215686274509802,7,ok
0207_an,12,306,3.9215686274509802,6,ok
238nisaba,12,306,3.9215686274509802,6,ok
55180502,12,306,3.9215686274509802,6,ok
__tomo__yan,12,306,3.9215686274509802,6,ok
Akipon_0526,12,306,3.9215686274509802,6,ok
akuhs_1307,12,306,3.9215686274509802,6,ok
alice_irist,12,306,3.9215686274509802,6,ok
cmt1118,12,306,3.9215686274509802,6,ok
goo567,12,306,3.9215686274509802,6,ok
hiro121720,12,306,3.9215686274509802,6,ok
kacik_c,12,306,3.9215686274509802,6,ok
kenzen_maru,12,306,3.9215686274509802,6,ok
kugyuTH1825,12,306,3.9215686274509802,6,ok
ma2mani,12,306,3.9215686274509802,6,ok
many8949,12,306,3.9215686274509802,6,ok
masaaki_619,12,306,3.9215686274509802,6,ok
mays,12,306,3.9215686274509802,6,ok
nekokoside,12,306,3.9215686274509802,6,ok
Sana_Rlr,12,306,3.9215686274509802,6,ok
so_la2_no,12,306,3.9215686274509802,6,ok
syuiny,12,306,3.9215686274509802,6,ok
tonegawa_dogeza,12,306,3.9215686274509802,6,ok
tora_eve,12,306,3.9215686274509802,6,ok
WtakuanS,12,306,3.9215686274509802,6,ok
yakken0_0,12,306,3.9215686274509802,6,ok
yk_t7s_koe,12,306,3.9215686274509802,6,ok
3s_u_e,12,306,3.9215686274509802,5,ok
4n3an,12,306,3.9215686274509802,5,ok
9mk13,12,306,3.9215686274509802,5,ok
akatsuki1906,12,306,3.9215686274509802,5,ok
akitoon7,12,306,3.9215686274509802,5,ok
Ayumun160116,12,306,3.9215686274509802,5,ok
BOY_7,12,306,3.9215686274509802,5,ok
chigoharu,12,306,3.9215686274509802,5,ok
ebipan7,12,306,3.9215686274509802,5,ok
erMO8M2lcieNswE,12,306,3.9215686274509802,5,ok
floundon,12,306,3.9215686274509802,5,ok
Fu_ka_EKS428,12,306,3.9215686274509802,5,ok
gaku_insei,12,306,3.9215686274509802,5,ok
HappyDive77_1,12,306,3.9215686274509802,5,ok
hibari398,12,306,3.9215686274509802,5,ok
hime_z_iRis,12,306,3.9215686274509802,5,ok
hondopi_04,12,306,3.9215686274509802,5,ok
I401,12,306,3.9215686274509802,5,ok
itomaru7,12,306,3.9215686274509802,5,ok
itoshiki_ku,12,306,3.9215686274509802,5,ok
kaito_genkai,12,306,3.9215686274509802,5,ok
karanatsu,12,306,3.9215686274509802,5,ok
kcf1201,12,306,3.9215686274509802,5,ok
kenchan,12,306,3.9215686274509802,5,ok
kiritouhyo1,12,306,3.9215686274509802,5,ok
lisa9720maki,12,306,3.9215686274509802,5,ok
MarKidolmaster,12,306,3.9215686274509802,5,ok
MFO,12,306,3.9215686274509802,5,ok
mimorinpanda,12,306,3.9215686274509802,5,ok
momojolno_874,12,306,3.9215686274509802,5,ok
MR4590,12,306,3.9215686274509802,5,ok
muttan0623,12,306,3.9215686274509802,5,ok
naru_929,12,306,3.9215686274509802,5,ok
pureframe_,12,306,3.9215686274509802,5,ok
QiwJz,12,306,3.9215686274509802,5,ok
rain2668,12,306,3.9215686274509802,5,ok
RI97_728,12,306,3.9215686274509802,5,ok
saba_ikura,12,306,3.9215686274509802,5,ok
sg_nyoro,12,306,3.9215686274509802,5,ok
shouganoouen,12,306,3.9215686274509802,5,ok
sucharaka33,12,306,3.9215686274509802,5,ok
sutetekoten,12,306,3.9215686274509802,5,ok
suu_u28,12,306,3.9215686274509802,5,ok
Takuma913_Inori,12,306,3.9215686274509802,5,ok
tknm1226,12,306,3.9215686274509802,5,ok
umasii0829,12,306,3.9215686274509802,5,ok
wad1024,12,306,3.9215686274509802,5,ok
Y_taso_88,12,306,3.9215686274509802,5,ok
YF,12,306,3.9215686274509802,5,ok
1ch1ro_magic,12,306,3.9215686274509802,4,ok
carloslicnsg,12,306,3.9215686274509802,4,ok
ebisora_onigiri,12,306,3.9215686274509802,4,ok
iam_aaa,12,306,3.9215686274509802,4,ok
iris1128,12,306,3.9215686274509802,4,ok
iykkom,12,306,3.9215686274509802,4,ok
kbkbcmn,12,306,3.9215686274509802,4,ok
KENT693,12,306,3.9215686274509802,4,ok
kinomotoarle,12,306,3.9215686274509802,4,ok
kurobina0430,12,306,3.9215686274509802,4,ok
ludwig1824,12,306,3.9215686274509802,4,ok
mimo_so628,12,306,3.9215686274509802,4,ok
moto_521,12,306,3.9215686274509802,4,ok
n1kuud0n,12,306,3.9215686274509802,4,ok
nanase20171981,12,306,3.9215686274509802,4,ok
new_hanazawa,12,306,3.9215686274509802,4,ok
new_kuma_rin_1,12,306,3.9215686274509802,4,ok
newflan_919,12,306,3.9215686274509802,4,ok
okome1188,12,306,3.9215686274509802,4,ok
papan_p,12,306,3.9215686274509802,4,ok
pickles0719,12,306,3.9215686274509802,4,ok
psm,12,306,3.9215686274509802,4,ok
quick_budouame,12,306,3.9215686274509802,4,ok
riku313,12,306,3.9215686274509802,4,ok
riku_001091,12,306,3.9215686274509802,4,ok
rtkttch_1284,12,306,3.9215686274509802,4,ok
SACHIEL114,12,306,3.9215686274509802,4,ok
sarasara,12,306,3.9215686274509802,4,ok
seuma_t7s,12,306,3.9215686274509802,4,ok
show_85,12,306,3.9215686274509802,4,ok
shunsphere,12,306,3.9215686274509802,4,ok
sksd_k,12,306,3.9215686274509802,4,ok
smee419,12,306,3.9215686274509802,4,ok
snnm99,12,306,3.9215686274509802,4,ok
snowman4917,12,306,3.9215686274509802,4,ok
soutai,12,306,3.9215686274509802,4,ok
syampi0619,12,306,3.9215686274509802,4,ok
syuponn,12,306,3.9215686274509802,4,ok
terakawarerror,12,306,3.9215686274509802,4,ok
teru,12,306,3.9215686274509802,4,ok
Toda,12,306,3.9215686274509802,4,ok
trywith_verbena,12,306,3.9215686274509802,4,ok
tus_ll_teru,12,306,3.9215686274509802,4,ok
ume_tea5150,12,306,3.9215686274509802,4,ok
wonaml,12,306,3.9215686274509802,4,ok
WUG_Itsuki,12,306,3.9215686274509802,4,ok
y3_nk,12,306,3.9215686274509802,4,ok
YgaTENKAI,12,306,3.9215686274509802,4,ok
yugashiki,12,306,3.9215686274509802,4,ok
1997J7,12,306,3.9215686274509802,3,ok
a2e8_ngc,12,306,3.9215686274509802,3,ok
ailrsty,12,306,3.9215686274509802,3,ok
aorinngo_do,12,306,3.9215686274509802,3,ok
bardiel24,12,306,3.9215686274509802,3,ok
bck_ris,12,306,3.9215686274509802,3,ok
bianchi_27,12,306,3.9215686274509802,3,ok
bun,12,306,3.9215686274509802,3,ok
ccccc,12,306,3.9215686274509802,3,ok
chu2syndrome,12,306,3.9215686274509802,3,ok
Emo_Emo_150,12,306,3.9215686274509802,3,ok
folk_1230,12,306,3.9215686274509802,3,ok
gongoritajue21,12,306,3.9215686274509802,3,ok
Hikaru19971122,12,306,3.9215686274509802,3,ok
hiroaki_aimin,12,306,3.9215686274509802,3,ok
hou_hiro_twiter,12,306,3.9215686274509802,3,ok
igpw3m,12,306,3.9215686274509802,3,ok
imaginary_2_,12,306,3.9215686274509802,3,ok
inori1202minase,12,306,3.9215686274509802,3,ok
jonnywony,12,306,3.9215686274509802,3,ok
junHADES,12,306,3.9215686274509802,3,ok
k_candy1119_1,12,306,3.9215686274509802,3,ok
Katsura,12,306,3.9215686274509802,3,ok
KITT_KARR_KIFT,12,306,3.9215686274509802,3,ok
kklll,12,306,3.9215686274509802,3,ok
knit_24,12,306,3.9215686274509802,3,ok
konheki,12,306,3.9215686274509802,3,ok
kutabare003,12,306,3.9215686274509802,3,ok
ky_nm7,12,306,3.9215686274509802,3,ok
Lullshare3776,12,306,3.9215686274509802,3,ok
maromaroty,12,306,3.9215686274509802,3,ok
mayomitaro,12,306,3.9215686274509802,3,ok
merwo_L,12,306,3.9215686274509802,3,ok
miirec,12,306,3.9215686274509802,3,ok
miyuyuki609,12,306,3.9215686274509802,3,ok
mokqtr,12,306,3.9215686274509802,3,ok
mume_p_ck,12,306,3.9215686274509802,3,ok
mwtlau,12,306,3.9215686274509802,3,ok
N_The_Fashion,12,306,3.9215686274509802,3,ok
niiyan_hassuru,12,306,3.9215686274509802,3,ok
penpen_tom,12,306,3.9215686274509802,3,ok
Rei_s_servant,12,306,3.9215686274509802,3,ok
rx78310,12,306,3.9215686274509802,3,ok
sa_0226_,12,306,3.9215686274509802,3,ok
saqsirius,12,306,3.9215686274509802,3,ok
sasa_inamin,12,306,3.9215686274509802,3,ok
sea_kurage,12,306,3.9215686274509802,3,ok
succcccccces,12,306,3.9215686274509802,3,ok
Sweet___Rain_,12,306,3.9215686274509802,3,ok
tantalum__,12,306,3.9215686274509802,3,ok
Til_Til_til_,12,306,3.9215686274509802,3,ok
timidtogekiss,12,306,3.9215686274509802,3,ok
touchi27931,12,306,3.9215686274509802,3,ok
tyoro,12,306,3.9215686274509802,3,ok
wirtz624,12,306,3.9215686274509802,3,ok
yanagihime3846,12,306,3.9215686274509802,3,ok
yayuzk,12,306,3.9215686274509802,3,ok
YukuBuraaaaaaaa,12,306,3.9215686274509802,3,ok
_m,12,306,3.9215686274509802,2,ok
Akrasia_He,12,306,3.9215686274509802,2,ok
aozoraneko_,12,306,3.9215686274509802,2,ok
ARWvuuNCWpmZH,12,306,3.9215686274509802,2,ok
asdtata,12,306,3.9215686274509802,2,ok
atsushi_Az,12,306,3.9215686274509802,2,ok
aufvie47,12,306,3.9215686274509802,2,ok
chizlanryc,12,306,3.9215686274509802,2,ok
eclosion32,12,306,3.9215686274509802,2,ok
gemaa,12,306,3.9215686274509802,2,ok
Hachimitu_r0,12,306,3.9215686274509802,2,ok
hntbnfkoegasuki,12,306,3.9215686274509802,2,ok
huohuo,12,306,3.9215686274509802,2,ok
kasing456,12,306,3.9215686274509802,2,ok
kenta_feels_ayu,12,306,3.9215686274509802,2,ok
kftgswinsh,12,306,3.9215686274509802,2,ok
Kudrjavka791,12,306,3.9215686274509802,2,ok
kz__lovelive,12,306,3.9215686274509802,2,ok
lasfy_main,12,306,3.9215686274509802,2,ok
LastWangxin,12,306,3.9215686274509802,2,ok
MickyM73,12,306,3.9215686274509802,2,ok
mnsk,12,306,3.9215686274509802,2,ok
NoizeSub,12,306,3.9215686274509802,2,ok
Nrs1nr,12,306,3.9215686274509802,2,ok
OmizumaI,12,306,3.9215686274509802,2,ok
Raide,12,306,3.9215686274509802,2,ok
Ricky_exe0223,12,306,3.9215686274509802,2,ok
satoyukirabbit,12,306,3.9215686274509802,2,ok
siro_yoshi,12,306,3.9215686274509802,2,ok
skk_nsmt,12,306,3.9215686274509802,2,ok
snjinw,12,306,3.9215686274509802,2,ok
Solvay39,12,306,3.9215686274509802,2,ok
sublintimate,12,306,3.9215686274509802,2,ok
Syrn_,12,306,3.9215686274509802,2,ok
tate_chan,12,306,3.9215686274509802,2,ok
verti_bird,12,306,3.9215686274509802,2,ok
yukino21,12,306,3.9215686274509802,2,ok
2727nnnnn,12,306,3.9215686274509802,1,ok
alex94539,12,306,3.9215686274509802,1,ok
Aufwachenform_1,12,306,3.9215686274509802,1,ok
ayanasi_mu,12,306,3.9215686274509802,1,ok
b7i_nnf,12,306,3.9215686274509802,1,ok
brash,12,306,3.9215686274509802,1,ok
charlesyang1999,12,306,3.9215686274509802,1,ok
dao15jam_3rd,12,306,3.9215686274509802,1,ok
esmeralda3722,12,306,3.9215686274509802,1,ok
fugepuro,12,306,3.9215686274509802,1,ok
FullX,12,306,3.9215686274509802,1,ok
hamusuke2723,12,306,3.9215686274509802,1,ok
join1129,12,306,3.9215686274509802,1,ok
kaorunakazi,12,306,3.9215686274509802,1,ok
kingofout,12,306,3.9215686274509802,1,ok
kouki_8787,12,306,3.9215686274509802,1,ok
light2519,12,306,3.9215686274509802,1,ok
lovelive_dai,12,306,3.9215686274509802,1,ok
m99_fu,12,306,3.9215686274509802,1,ok
masu0_3,12,306,3.9215686274509802,1,ok
melty_haz,12,306,3.9215686274509802,1,ok
mos_hot_dog,12,306,3.9215686274509802,1,ok
nori_giraffitti,12,306,3.9215686274509802,1,ok
oka_127,12,306,3.9215686274509802,1,ok
popo_otaku,12,306,3.9215686274509802,1,ok
regret,12,306,3.9215686274509802,1,ok
sakuha_rara,12,306,3.9215686274509802,1,ok
Scaled_Wurm7_6,12,306,3.9215686274509802,1,ok
Shiba_type,12,306,3.9215686274509802,1,ok
shiranaya,12,306,3.9215686274509802,1,ok
syukatoami,12,306,3.9215686274509802,1,ok
takunari0504,12,306,3.9215686274509802,1,ok
tatetetrigger,12,306,3.9215686274509802,1,ok
test79407752,12,306,3.9215686274509802,1,ok
TravisWuwu,12,306,3.9215686274509802,1,ok
tsuypkato,12,306,3.9215686274509802,1,ok
tttamagon,12,306,3.9215686274509802,1,ok
wtnbh114,12,306,3.9215686274509802,1,ok
yamashishihr,12,306,3.9215686274509802,1,ok
yt_tori,12,306,3.9215686274509802,1,ok
mimo_fhana_t7s,11,306,3.594771241830065,12,ok
sarusu,11,306,3.594771241830065,12,ok
soratobi_muma,11,306,3.594771241830065,10,ok
426Persona,11,306,3.594771241830065,9,ok
9skmz,11,306,3.594771241830065,9,ok
annyo_GRB,11,306,3.594771241830065,9,ok
dorananoP,11,306,3.594771241830065,9,ok
butterkof,11,306,3.594771241830065,8,ok
czy199621,11,306,3.594771241830065,8,ok
K6CM_,11,306,3.594771241830065,8,ok
AkiHunsu,11,306,3.594771241830065,7,ok
D57728123D,11,306,3.594771241830065,7,ok
eddie,11,306,3.594771241830065,7,ok
fairy_prfm,11,306,3.594771241830065,7,ok
Fjok628,11,306,3.594771241830065,7,ok
Fu11m,11,306,3.594771241830065,7,ok
fugafugahappy,11,306,3.594771241830065,7,ok
funky_nabasan,11,306,3.594771241830065,7,ok
hondadc2lark,11,306,3.594771241830065,7,ok
HY_Li,11,306,3.594771241830065,7,ok
ibuibu131,11,306,3.594771241830065,7,ok
ioiokusu,11,306,3.594771241830065,7,ok
kaayzauna,11,306,3.594771241830065,7,ok
kuronekowatt,11,306,3.594771241830065,7,ok
mermaid_1101,11,306,3.594771241830065,7,ok
naonoto,11,306,3.594771241830065,7,ok
nobu,11,306,3.594771241830065,7,ok
NUP365,11,306,3.594771241830065,7,ok
soukyuume,11,306,3.594771241830065,7,ok
sprite2639,11,306,3.594771241830065,7,ok
tadazi,11,306,3.594771241830065,7,ok
tmst0803,11,306,3.594771241830065,7,ok
tsuitachi_717,11,306,3.594771241830065,7,ok
yu_key_show,11,306,3.594771241830065,7,ok
1026sendai,11,306,3.594771241830065,6,ok
4917Carry,11,306,3.594771241830065,6,ok
69ry,11,306,3.594771241830065,6,ok
alchanight,11,306,3.594771241830065,6,ok
atsu_39,11,306,3.594771241830065,6,ok
BUSHIDO_132009,11,306,3.594771241830065,6,ok
chenshi904,11,306,3.594771241830065,6,ok
cradle_eins,11,306,3.594771241830065,6,ok
gen_ishibashi,11,306,3.594771241830065,6,ok
Go3510,11,306,3.594771241830065,6,ok
HU_milkyholmes,11,306,3.594771241830065,6,ok
JudgeLight_fs,11,306,3.594771241830065,6,ok
kaamamaaka,11,306,3.594771241830065,6,ok
kowappaaniki,11,306,3.594771241830065,6,ok
Kumoinui04,11,306,3.594771241830065,6,ok
maru_maaru331,11,306,3.594771241830065,6,ok
pet_event,11,306,3.594771241830065,6,ok
R_Actor_lv,11,306,3.594771241830065,6,ok
ron_minase,11,306,3.594771241830065,6,ok
shinkai_nushi,11,306,3.594771241830065,6,ok
yuu74u,11,306,3.594771241830065,6,ok
46Izyi_mo,11,306,3.594771241830065,5,ok
alaeru,11,306,3.594771241830065,5,ok
ALIxBibian,11,306,3.594771241830065,5,ok
amsr_,11,306,3.594771241830065,5,ok
barupa,11,306,3.594771241830065,5,ok
chiaki_38,11,306,3.594771241830065,5,ok
chino_yui0815,11,306,3.594771241830065,5,ok
choro__U,11,306,3.594771241830065,5,ok
crow_yata,11,306,3.594771241830065,5,ok
dtake_b,11,306,3.594771241830065,5,ok
fate3510,11,306,3.594771241830065,5,ok
flum1nes,11,306,3.594771241830065,5,ok
geek903,11,306,3.594771241830065,5,ok
goochi_15,11,306,3.594771241830065,5,ok
he_llo___c5,11,306,3.594771241830065,5,ok
hexx,11,306,3.594771241830065,5,ok
holyelic,11,306,3.594771241830065,5,ok
illu_5656,11,306,3.594771241830065,5,ok
imkk77sigure,11,306,3.594771241830065,5,ok
kfc_1225,11,306,3.594771241830065,5,ok
lain3_201608,11,306,3.594771241830065,5,ok
mame__km,11,306,3.594771241830065,5,ok
mhbeet,11,306,3.594771241830065,5,ok
mlh_ll,11,306,3.594771241830065,5,ok
NOEL_Macross,11,306,3.594771241830065,5,ok
oh_yakata,11,306,3.594771241830065,5,ok
otacky_16,11,306,3.594771241830065,5,ok
otaku,11,306,3.594771241830065,5,ok
pipimiuckw,11,306,3.594771241830065,5,ok
r2k00000,11,306,3.594771241830065,5,ok
rerurihohu80,11,306,3.594771241830065,5,ok
rukia628,11,306,3.594771241830065,5,ok
suica_tnf108,11,306,3.594771241830065,5,ok
suton_rimoaru,11,306,3.594771241830065,5,ok
tai_7_7,11,306,3.594771241830065,5,ok
taiga_tora7,11,306,3.594771241830065,5,ok
tarumae_aimin,11,306,3.594771241830065,5,ok
terf_xano,11,306,3.594771241830065,5,ok
Toyomaru_Metal,11,306,3.594771241830065,5,ok
ultimate_shin,11,306,3.594771241830065,5,ok
ultra_sagi,11,306,3.594771241830065,5,ok
w_pom,11,306,3.594771241830065,5,ok
wlgh7162,11,306,3.594771241830065,5,ok
yukiti_shirokma,11,306,3.594771241830065,5,ok
yuma304,11,306,3.594771241830065,5,ok
zjsummon1,11,306,3.594771241830065,5,ok
8star_LL,11,306,3.594771241830065,4,ok
99,11,306,3.594771241830065,4,ok
_ten_O,11,306,3.594771241830065,4,ok
a_nyanN_A_,11,306,3.594771241830065,4,ok
ab01933,11,306,3.594771241830065,4,ok
admiral80505,11,306,3.594771241830065,4,ok
ALevamme,11,306,3.594771241830065,4,ok
anime_kosho,11,306,3.594771241830065,4,ok
Ant_Ekko2,11,306,3.594771241830065,4,ok
appleLL_,11,306,3.594771241830065,4,ok
chikuwa_evolved,11,306,3.594771241830065,4,ok
DDjyanai,11,306,3.594771241830065,4,ok
gochokako,11,306,3.594771241830065,4,ok
HibikiKamiyan,11,306,3.594771241830065,4,ok
iketapo,11,306,3.594771241830065,4,ok
kaito_kn,11,306,3.594771241830065,4,ok
kefimoto,11,306,3.594771241830065,4,ok
koludo,11,306,3.594771241830065,4,ok
Lovelive_kotori,11,306,3.594771241830065,4,ok
m1_32key,11,306,3.594771241830065,4,ok
mikanameng,11,306,3.594771241830065,4,ok
mikichakuma,11,306,3.594771241830065,4,ok
mimoumilky,11,306,3.594771241830065,4,ok
minaseinorin11,11,306,3.594771241830065,4,ok
namo_chan2,11,306,3.594771241830065,4,ok
Neasha_Noke,11,306,3.594771241830065,4,ok
npsbtk32,11,306,3.594771241830065,4,ok
okane_tarinaine,11,306,3.594771241830065,4,ok
puriosu,11,306,3.594771241830065,4,ok
ratchet0623_1,11,306,3.594771241830065,4,ok
roco_grboc,11,306,3.594771241830065,4,ok
sho1wk,11,306,3.594771241830065,4,ok
silky711,11,306,3.594771241830065,4,ok
sits1116,11,306,3.594771241830065,4,ok
star_x_closs,11,306,3.594771241830065,4,ok
stirx03_SESERA,11,306,3.594771241830065,4,ok
takashix2,11,306,3.594771241830065,4,ok
tanap432,11,306,3.594771241830065,4,ok
tashi418418,11,306,3.594771241830065,4,ok
Tendo004,11,306,3.594771241830065,4,ok
Tsuki,11,306,3.594771241830065,4,ok
Wel0616,11,306,3.594771241830065,4,ok
X42Rl,11,306,3.594771241830065,4,ok
yellowO2,11,306,3.594771241830065,4,ok
yopinoVEGALTA,11,306,3.594771241830065,4,ok
yuiruby_KS,11,306,3.594771241830065,4,ok
yumak1211,11,306,3.594771241830065,4,ok
55mnsio,11,306,3.594771241830065,3,ok
83capi,11,306,3.594771241830065,3,ok
9272tobiuo0321,11,306,3.594771241830065,3,ok
__r1n0r1n0,11,306,3.594771241830065,3,ok
_maru,11,306,3.594771241830065,3,ok
_rabbit_tail_,11,306,3.594771241830065,3,ok
artsu,11,306,3.594771241830065,3,ok
asquare7x7,11,306,3.594771241830065,3,ok
BRORY,11,306,3.594771241830065,3,ok
c1,11,306,3.594771241830065,3,ok
crazylulu9999,11,306,3.594771241830065,3,ok
cure_akky,11,306,3.594771241830065,3,ok
edifel_k,11,306,3.594771241830065,3,ok
epsilon,11,306,3.594771241830065,3,ok
eyerobota,11,306,3.594771241830065,3,ok
gardenray,11,306,3.594771241830065,3,ok
Grants_and_Soda,11,306,3.594771241830065,3,ok
gucci3483,11,306,3.594771241830065,3,ok
gumi_lovelive,11,306,3.594771241830065,3,ok
Haruhi_0210,11,306,3.594771241830065,3,ok
hiorun_or_knot,11,306,3.594771241830065,3,ok
jackio555,11,306,3.594771241830065,3,ok
joh1116e,11,306,3.594771241830065,3,ok
jy02819746,11,306,3.594771241830065,3,ok
KanburiKuitai,11,306,3.594771241830065,3,ok
katurakosuke,11,306,3.594771241830065,3,ok
Keznx,11,306,3.594771241830065,3,ok
kim____1041218,11,306,3.594771241830065,3,ok
kitune0920,11,306,3.594771241830065,3,ok
knzktmy,11,306,3.594771241830065,3,ok
kuroneko9020,11,306,3.594771241830065,3,ok
kyo_huu_hina,11,306,3.594771241830065,3,ok
lamsylva17,11,306,3.594771241830065,3,ok
laota_t,11,306,3.594771241830065,3,ok
LcPeropero,11,306,3.594771241830065,3,ok
lin08673,11,306,3.594771241830065,3,ok
Mesososo_soiya,11,306,3.594771241830065,3,ok
METEOR966,11,306,3.594771241830065,3,ok
misaki_HKS,11,306,3.594771241830065,3,ok
Mizuna0487,11,306,3.594771241830065,3,ok
mmchpiece,11,306,3.594771241830065,3,ok
mo2nkm,11,306,3.594771241830065,3,ok
motoshi1105,11,306,3.594771241830065,3,ok
namibf_kazi,11,306,3.594771241830065,3,ok
nanaka7_,11,306,3.594771241830065,3,ok
Nikugari0813,11,306,3.594771241830065,3,ok
nikyo_aya_,11,306,3.594771241830065,3,ok
nnanasi5_1,11,306,3.594771241830065,3,ok
nokisita,11,306,3.594771241830065,3,ok
nolibay,11,306,3.594771241830065,3,ok
noyori,11,306,3.594771241830065,3,ok
Nyoro_nm7,11,306,3.594771241830065,3,ok
pyunpa,11,306,3.594771241830065,3,ok
QUEBEC,11,306,3.594771241830065,3,ok
Reika,11,306,3.594771241830065,3,ok
rinoshi_0221,11,306,3.594771241830065,3,ok
risa1413_2,11,306,3.594771241830065,3,ok
rr_gravity,11,306,3.594771241830065,3,ok
ruka40012658,11,306,3.594771241830065,3,ok
rusinakuX,11,306,3.594771241830065,3,ok
SageMegumi,11,306,3.594771241830065,3,ok
sayuchannoyaeba,11,306,3.594771241830065,3,ok
SeraphicWings,11,306,3.594771241830065,3,ok
shiden_chiba,11,306,3.594771241830065,3,ok
simousa,11,306,3.594771241830065,3,ok
suzaking_ev91,11,306,3.594771241830065,3,ok
syounya,11,306,3.594771241830065,3,ok
tako_kite21,11,306,3.594771241830065,3,ok
tamiflu,11,306,3.594771241830065,3,ok
tanishiSakura,11,306,3.594771241830065,3,ok
TATARA_S,11,306,3.594771241830065,3,ok
Th3rdEye,11,306,3.594771241830065,3,ok
thinktank2003,11,306,3.594771241830065,3,ok
Tidusk_EIKA,11,306,3.594771241830065,3,ok
togashi,11,306,3.594771241830065,3,ok
trainpicture,11,306,3.594771241830065,3,ok
tsRyeYOzBmq9ODc,11,306,3.594771241830065,3,ok
tulu_mtk,11,306,3.594771241830065,3,ok
uekekeke,11,306,3.594771241830065,3,ok
vl0e0lv,11,306,3.594771241830065,3,ok
yasu0321,11,306,3.594771241830065,3,ok
yklt2728,11,306,3.594771241830065,3,ok
yuchapiyo77,11,306,3.594771241830065,3,ok
yuinyan_mia,11,306,3.594771241830065,3,ok
yusuke00325,11,306,3.594771241830065,3,ok
____sa,11,306,3.594771241830065,2,ok
_toga3,11,306,3.594771241830065,2,ok
Aerobikes3173,11,306,3.594771241830065,2,ok
akagami6986,11,306,3.594771241830065,2,ok
altomare_,11,306,3.594771241830065,2,ok
am_432,11,306,3.594771241830065,2,ok
Aqours_saikou9,11,306,3.594771241830065,2,ok
aska_8864,11,306,3.594771241830065,2,ok
axel77ft,11,306,3.594771241830065,2,ok
Cinderella12142,11,306,3.594771241830065,2,ok
Cocra35,11,306,3.594771241830065,2,ok
cucumberworks,11,306,3.594771241830065,2,ok
DEKA_NTA,11,306,3.594771241830065,2,ok
ea_1216_1,11,306,3.594771241830065,2,ok
hasulawyer,11,306,3.594771241830065,2,ok
hot_spring,11,306,3.594771241830065,2,ok
k_ta,11,306,3.594771241830065,2,ok
kelovey8,11,306,3.594771241830065,2,ok
kingfreet,11,306,3.594771241830065,2,ok
kotttaaa__,11,306,3.594771241830065,2,ok
love_gun,11,306,3.594771241830065,2,ok
naiway1203,11,306,3.594771241830065,2,ok
naruseriga,11,306,3.594771241830065,2,ok
netnoumi,11,306,3.594771241830065,2,ok
nt_emnt0725,11,306,3.594771241830065,2,ok
OgataChieriLove,11,306,3.594771241830065,2,ok
Oshi_hendrik,11,306,3.594771241830065,2,ok
poto_oooooo,11,306,3.594771241830065,2,ok
retakerv,11,306,3.594771241830065,2,ok
saruco666,11,306,3.594771241830065,2,ok
sea4096,11,306,3.594771241830065,2,ok
stars,11,306,3.594771241830065,2,ok
taroh_taroh,11,306,3.594771241830065,2,ok
tatantan81,11,306,3.594771241830065,2,ok
te_mb_,11,306,3.594771241830065,2,ok
tommacg,11,306,3.594771241830065,2,ok
ttp_laurant,11,306,3.594771241830065,2,ok
utrg_,11,306,3.594771241830065,2,ok
Yu_NiU2,11,306,3.594771241830065,2,ok
Yuya_freedom,11,306,3.594771241830065,2,ok
0207_haru_1223,11,306,3.594771241830065,1,ok
0408Iga,11,306,3.594771241830065,1,ok
0x197maz,11,306,3.594771241830065,1,ok
31000H2O2,11,306,3.594771241830065,1,ok
_Akkirin,11,306,3.594771241830065,1,ok
_M1Nar_,11,306,3.594771241830065,1,ok
aiueo,11,306,3.594771241830065,1,ok
aoiri,11,306,3.594771241830065,1,ok
Asdulk,11,306,3.594771241830065,1,ok
Azara110,11,306,3.594771241830065,1,ok
Azusakun107,11,306,3.594771241830065,1,ok
chanch0221,11,306,3.594771241830065,1,ok
cherryphiriazar,11,306,3.594771241830065,1,ok
comaya98,11,306,3.594771241830065,1,ok
ConNano,11,306,3.594771241830065,1,ok
Cronos,11,306,3.594771241830065,1,ok
cuebanchi,11,306,3.594771241830065,1,ok
CuSO4,11,306,3.594771241830065,1,ok
Donsoku_nata_29,11,306,3.594771241830065,1,ok
fuku_ragi,11,306,3.594771241830065,1,ok
gamichinn1021,11,306,3.594771241830065,1,ok
Ganbarubi,11,306,3.594771241830065,1,ok
gc930311,11,306,3.594771241830065,1,ok
haneruun,11,306,3.594771241830065,1,ok
hassy_youmu,11,306,3.594771241830065,1,ok
hikarimirin,11,306,3.594771241830065,1,ok
hxgSNFg2cE08o95,11,306,3.594771241830065,1,ok
inomari_rice,11,306,3.594771241830065,1,ok
inorizukisyuzyu,11,306,3.594771241830065,1,ok
jcdswift2017,11,306,3.594771241830065,1,ok
Kakyouin123,11,306,3.594771241830065,1,ok
kcns_pony,11,306,3.594771241830065,1,ok
kdh15177,11,306,3.594771241830065,1,ok
kerokerota,11,306,3.594771241830065,1,ok
kimohito,11,306,3.594771241830065,1,ok
kougyoutiiki02,11,306,3.594771241830065,1,ok
kura_tong,11,306,3.594771241830065,1,ok
Kuro_1796,11,306,3.594771241830065,1,ok
l1ll2ll3ll4l,11,306,3.594771241830065,1,ok
lache_lis,11,306,3.594771241830065,1,ok
Leimon8397,11,306,3.594771241830065,1,ok
linkwaterst,11,306,3.594771241830065,1,ok
ljs3652s,11,306,3.594771241830065,1,ok
lunkhead07cc,11,306,3.594771241830065,1,ok
lyd87880938,11,306,3.594771241830065,1,ok
Mak1acuTe1382,11,306,3.594771241830065,1,ok
mame2shiro6,11,306,3.594771241830065,1,ok
matsutake56,11,306,3.594771241830065,1,ok
mikiripi_1026,11,306,3.594771241830065,1,ok
Mizuken17,11,306,3.594771241830065,1,ok
moaiex12345,11,306,3.594771241830065,1,ok
momo_mono,11,306,3.594771241830065,1,ok
mya252,11,306,3.594771241830065,1,ok
n4gi,11,306,3.594771241830065,1,ok
N_hibitaka,11,306,3.594771241830065,1,ok
nankotu84,11,306,3.594771241830065,1,ok
NaTaNa_the_3rd,11,306,3.594771241830065,1,ok
no_life11,11,306,3.594771241830065,1,ok
nonosyuke,11,306,3.594771241830065,1,ok
Osae_Ooootsuka,11,306,3.594771241830065,1,ok
ost_hisa,11,306,3.594771241830065,1,ok
OtakuFlyZ,11,306,3.594771241830065,1,ok
pakorinko_,11,306,3.594771241830065,1,ok
Penguin_1215,11,306,3.594771241830065,1,ok
pohmin,11,306,3.594771241830065,1,ok
Poppinkasumi54,11,306,3.594771241830065,1,ok
primer_algodon,11,306,3.594771241830065,1,ok
raptores,11,306,3.594771241830065,1,ok
raxaku,11,306,3.594771241830065,1,ok
redwhitemiko,11,306,3.594771241830065,1,ok
reo_sako,11,306,3.594771241830065,1,ok
rice_rice0033,11,306,3.594771241830065,1,ok
RJ_Hsiao,11,306,3.594771241830065,1,ok
Ryuk_ota_rank6,11,306,3.594771241830065,1,ok
s010689jaosn,11,306,3.594771241830065,1,ok
sacred_scar,11,306,3.594771241830065,1,ok
Sapphier_1205,11,306,3.594771241830065,1,ok
satu_pote1009,11,306,3.594771241830065,1,ok
shikaprivate,11,306,3.594771241830065,1,ok
Shiroi_Arsonist,11,306,3.594771241830065,1,ok
sinzi211chunch1,11,306,3.594771241830065,1,ok
souta302,11,306,3.594771241830065,1,ok
sscchuck,11,306,3.594771241830065,1,ok
takahashirinn,11,306,3.594771241830065,1,ok
TalktotheWind,11,306,3.594771241830065,1,ok
torigara88,11,306,3.594771241830065,1,ok
trumpetbaka,11,306,3.594771241830065,1,ok
tunapotatoes,11,306,3.594771241830065,1,ok
Winding,11,306,3.594771241830065,1,ok
wskatayama,11,306,3.594771241830065,1,ok
yamaguchi,11,306,3.594771241830065,1,ok
yasushi_zoe257,11,306,3.594771241830065,1,ok
yisheng,11,306,3.594771241830065,1,ok
youchikaduet,11,306,3.594771241830065,1,ok
YPt6uAyhT389,11,306,3.594771241830065,1,ok
ysn0515,11,306,3.594771241830065,1,ok
z80020100,11,306,3.594771241830065,1,ok
zepptw,11,306,3.594771241830065,1,ok
Teufelmaaaan,10,306,3.2679738562091507,15,ok
yoshi3442829,10,306,3.2679738562091507,10,ok
akabare0213,10,306,3.2679738562091507,9,ok
Lancer920,10,306,3.2679738562091507,9,ok
roooollcabbage,10,306,3.2679738562091507,8,ok
yr156,10,306,3.2679738562091507,8,ok
yuusi00,10,306,3.2679738562091507,8,ok
alicebleu,10,306,3.2679738562091507,7,ok
kaipu,10,306,3.2679738562091507,7,ok
Kehinono,10,306,3.2679738562091507,7,ok
keik20a,10,306,3.2679738562091507,7,ok
kuppe_9828,10,306,3.2679738562091507,7,ok
lambda_nn,10,306,3.2679738562091507,7,ok
masa8953,10,306,3.2679738562091507,7,ok
shigaron3,10,306,3.2679738562091507,7,ok
141682,10,306,3.2679738562091507,6,ok
4on_spkp27,10,306,3.2679738562091507,6,ok
95ksyr,10,306,3.2679738562091507,6,ok
alls_right,10,306,3.2679738562091507,6,ok
anderjamjikkyo,10,306,3.2679738562091507,6,ok
apteronotus9,10,306,3.2679738562091507,6,ok
asanomi1910,10,306,3.2679738562091507,6,ok
backerkmk2,10,306,3.2679738562091507,6,ok
dosukoevski,10,306,3.2679738562091507,6,ok
erase2004,10,306,3.2679738562091507,6,ok
fu2fujin,10,306,3.2679738562091507,6,ok
harun_Demystify,10,306,3.2679738562091507,6,ok
harunon_3u7,10,306,3.2679738562091507,6,ok
hissa_tubuyaki,10,306,3.2679738562091507,6,ok
hk_lv12,10,306,3.2679738562091507,6,ok
Hn7745,10,306,3.2679738562091507,6,ok
iceblaste2013,10,306,3.2679738562091507,6,ok
JOKER2015071819,10,306,3.2679738562091507,6,ok
K_Tsubaki_88,10,306,3.2679738562091507,6,ok
kaleidostaring,10,306,3.2679738562091507,6,ok
kani_kiss,10,306,3.2679738562091507,6,ok
kappamond,10,306,3.2679738562091507,6,ok
ken0112hk,10,306,3.2679738562091507,6,ok
kotori_onsen,10,306,3.2679738562091507,6,ok
kurosib,10,306,3.2679738562091507,6,ok
marico_to,10,306,3.2679738562091507,6,ok
merohoon,10,306,3.2679738562091507,6,ok
mikimiki__prpr,10,306,3.2679738562091507,6,ok
MIRACLE__WAVER,10,306,3.2679738562091507,6,ok
miya_NT,10,306,3.2679738562091507,6,ok
mizuka123,10,306,3.2679738562091507,6,ok
narita_seiki,10,306,3.2679738562091507,6,ok
nkt_homuman,10,306,3.2679738562091507,6,ok
okiru_sakana,10,306,3.2679738562091507,6,ok
Ori_agentk,10,306,3.2679738562091507,6,ok
otakoyaki503,10,306,3.2679738562091507,6,ok
shanazaki,10,306,3.2679738562091507,6,ok
shidaxxxx,10,306,3.2679738562091507,6,ok
Shika,10,306,3.2679738562091507,6,ok
shinohira_bb,10,306,3.2679738562091507,6,ok
shintanihinamio,10,306,3.2679738562091507,6,ok
shokotatsu,10,306,3.2679738562091507,6,ok
sks_39,10,306,3.2679738562091507,6,ok
smura24,10,306,3.2679738562091507,6,ok
sougetuarufa,10,306,3.2679738562091507,6,ok
SR_Yukinko,10,306,3.2679738562091507,6,ok
syouki1033,10,306,3.2679738562091507,6,ok
tamapopong,10,306,3.2679738562091507,6,ok
TOMORI_shirasu,10,306,3.2679738562091507,6,ok
toyo_mobamasu,10,306,3.2679738562091507,6,ok
trysora_yukine,10,306,3.2679738562091507,6,ok
umatumat,10,306,3.2679738562091507,6,ok
WATARU_99,10,306,3.2679738562091507,6,ok
yoji_2zicon,10,306,3.2679738562091507,6,ok
yuske001,10,306,3.2679738562091507,6,ok
yuzuglacial,10,306,3.2679738562091507,6,ok
yz_yr2,10,306,3.2679738562091507,6,ok
443_pan,10,306,3.2679738562091507,5,ok
510,10,306,3.2679738562091507,5,ok
9books,10,306,3.2679738562091507,5,ok
_tanaka_rrr,10,306,3.2679738562091507,5,ok
a_ta38,10,306,3.2679738562091507,5,ok
azusayui1031,10,306,3.2679738562091507,5,ok
bakya0143,10,306,3.2679738562091507,5,ok
benico25,10,306,3.2679738562091507,5,ok
camembee,10,306,3.2679738562091507,5,ok
dorariki,10,306,3.2679738562091507,5,ok
emi_n_o_n_,10,306,3.2679738562091507,5,ok
emtn_himi,10,306,3.2679738562091507,5,ok
eno_idol,10,306,3.2679738562091507,5,ok
Everyday_DK1027,10,306,3.2679738562091507,5,ok
fami_2786,10,306,3.2679738562091507,5,ok
flactok5d3,10,306,3.2679738562091507,5,ok
fukupoke,10,306,3.2679738562091507,5,ok
fuukouazu,10,306,3.2679738562091507,5,ok
Gallium,10,306,3.2679738562091507,5,ok
gunner_reppi,10,306,3.2679738562091507,5,ok
Haruly_Lury,10,306,3.2679738562091507,5,ok
HYMG_29,10,306,3.2679738562091507,5,ok
ISHITOBI080,10,306,3.2679738562091507,5,ok
IY_0928,10,306,3.2679738562091507,5,ok
k_1038mu,10,306,3.2679738562091507,5,ok
Ka_ya21,10,306,3.2679738562091507,5,ok
kairo,10,306,3.2679738562091507,5,ok
Kankankan3395,10,306,3.2679738562091507,5,ok
karugamo_07,10,306,3.2679738562091507,5,ok
katze_KKK,10,306,3.2679738562091507,5,ok
ko19940526ya,10,306,3.2679738562091507,5,ok
kuru_che,10,306,3.2679738562091507,5,ok
kurumi_takajun,10,306,3.2679738562091507,5,ok
kyouyagero,10,306,3.2679738562091507,5,ok
LasosaL,10,306,3.2679738562091507,5,ok
LL_nikomaki,10,306,3.2679738562091507,5,ok
loshukashuve,10,306,3.2679738562091507,5,ok
marcelo152104,10,306,3.2679738562091507,5,ok
melon_1028,10,306,3.2679738562091507,5,ok
Merry_de_cherry,10,306,3.2679738562091507,5,ok
million_gj375,10,306,3.2679738562091507,5,ok
momizi228,10,306,3.2679738562091507,5,ok
mon_hina,10,306,3.2679738562091507,5,ok
naro_asu,10,306,3.2679738562091507,5,ok
nishikinoikuto,10,306,3.2679738562091507,5,ok
NR_4015,10,306,3.2679738562091507,5,ok
obelisk_09,10,306,3.2679738562091507,5,ok
ose2ro,10,306,3.2679738562091507,5,ok
outoftriangle_,10,306,3.2679738562091507,5,ok
pirooo_ko,10,306,3.2679738562091507,5,ok
pooh3349800,10,306,3.2679738562091507,5,ok
ran_,10,306,3.2679738562091507,5,ok
ryomk_e9hag,10,306,3.2679738562091507,5,ok
s_kimi_r,10,306,3.2679738562091507,5,ok
Sa_i_Shu,10,306,3.2679738562091507,5,ok
saburEternal,10,306,3.2679738562091507,5,ok
sanashio04,10,306,3.2679738562091507,5,ok
setunaling,10,306,3.2679738562091507,5,ok
soba999,10,306,3.2679738562091507,5,ok
softpink101,10,306,3.2679738562091507,5,ok
superkotoriman,10,306,3.2679738562091507,5,ok
supponsan_tasu,10,306,3.2679738562091507,5,ok
TimeFiles_inc,10,306,3.2679738562091507,5,ok
tossy_1041,10,306,3.2679738562091507,5,ok
vin_626,10,306,3.2679738562091507,5,ok
wakiyaku34,10,306,3.2679738562091507,5,ok
whitepichipichi,10,306,3.2679738562091507,5,ok
wmjwmtn3,10,306,3.2679738562091507,5,ok
YoheiAT,10,306,3.2679738562091507,5,ok
00_Reira,10,306,3.2679738562091507,4,ok
038861,10,306,3.2679738562091507,4,ok
2yuishiina_LOVE,10,306,3.2679738562091507,4,ok
519umm,10,306,3.2679738562091507,4,ok
__ottcd,10,306,3.2679738562091507,4,ok
_mitttsu_,10,306,3.2679738562091507,4,ok
AyaseFbg_75,10,306,3.2679738562091507,4,ok
bokkomi,10,306,3.2679738562091507,4,ok
chisa_bonnet,10,306,3.2679738562091507,4,ok
F8Fg9,10,306,3.2679738562091507,4,ok
fly_away_t_p_s,10,306,3.2679738562091507,4,ok
H2ys,10,306,3.2679738562091507,4,ok
hana_Hcc,10,306,3.2679738562091507,4,ok
hydruswe,10,306,3.2679738562091507,4,ok
JUN,10,306,3.2679738562091507,4,ok
jungkh0116,10,306,3.2679738562091507,4,ok
kazunori11,10,306,3.2679738562091507,4,ok
kiri6870,10,306,3.2679738562091507,4,ok
krsmjnn,10,306,3.2679738562091507,4,ok
krywing,10,306,3.2679738562091507,4,ok
kurogura,10,306,3.2679738562091507,4,ok
Loj,10,306,3.2679738562091507,4,ok
maidcure,10,306,3.2679738562091507,4,ok
megaturn_a12,10,306,3.2679738562091507,4,ok
meka413,10,306,3.2679738562091507,4,ok
mideshimin_kky,10,306,3.2679738562091507,4,ok
mo2comy,10,306,3.2679738562091507,4,ok
momokomint,10,306,3.2679738562091507,4,ok
mryk_ddd,10,306,3.2679738562091507,4,ok
new_spulse,10,306,3.2679738562091507,4,ok
nijimasu_rinrin,10,306,3.2679738562091507,4,ok
Oriver_TRY,10,306,3.2679738562091507,4,ok
osushi_810,10,306,3.2679738562091507,4,ok
oto_gizoushi,10,306,3.2679738562091507,4,ok
popoo1226,10,306,3.2679738562091507,4,ok
r_s_dacapo,10,306,3.2679738562091507,4,ok
Reila_00,10,306,3.2679738562091507,4,ok
Riji_Yorita7373,10,306,3.2679738562091507,4,ok
rtsbisonte,10,306,3.2679738562091507,4,ok
saien551,10,306,3.2679738562091507,4,ok
sakupantsu,10,306,3.2679738562091507,4,ok
salmon_13,10,306,3.2679738562091507,4,ok
senkawa,10,306,3.2679738562091507,4,ok
senkawa1000,10,306,3.2679738562091507,4,ok
society,10,306,3.2679738562091507,4,ok
sogo_sphere,10,306,3.2679738562091507,4,ok
sophia_kong,10,306,3.2679738562091507,4,ok
sora1226252,10,306,3.2679738562091507,4,ok
taka0912axis,10,306,3.2679738562091507,4,ok
Takepon78,10,306,3.2679738562091507,4,ok
te_he_pe_ro2,10,306,3.2679738562091507,4,ok
tedukan,10,306,3.2679738562091507,4,ok
tksyt109,10,306,3.2679738562091507,4,ok
Toyomaru_Loyola,10,306,3.2679738562091507,4,ok
TYokohama7,10,306,3.2679738562091507,4,ok
umasiooo,10,306,3.2679738562091507,4,ok
white_kesikesi,10,306,3.2679738562091507,4,ok
yt_berg,10,306,3.2679738562091507,4,ok
yukari_rasu97,10,306,3.2679738562091507,4,ok
Yukinico_AI,10,306,3.2679738562091507,4,ok
yusaku79532,10,306,3.2679738562091507,4,ok
yutapon2118,10,306,3.2679738562091507,4,ok
yuzuki_ws,10,306,3.2679738562091507,4,ok
00_second,10,306,3.2679738562091507,3,ok
0628,10,306,3.2679738562091507,3,ok
310_lucky,10,306,3.2679738562091507,3,ok
6mmrn,10,306,3.2679738562091507,3,ok
84hxug2,10,306,3.2679738562091507,3,ok
8OROCHI,10,306,3.2679738562091507,3,ok
_kura,10,306,3.2679738562091507,3,ok
_nsg5,10,306,3.2679738562091507,3,ok
_shio_m_,10,306,3.2679738562091507,3,ok
AbsoluteSecret,10,306,3.2679738562091507,3,ok
akrkr_kohitsuji,10,306,3.2679738562091507,3,ok
Alfheim77,10,306,3.2679738562091507,3,ok
banaharun,10,306,3.2679738562091507,3,ok
beefandman,10,306,3.2679738562091507,3,ok
braver_nm7,10,306,3.2679738562091507,3,ok
charice_ks,10,306,3.2679738562091507,3,ok
coucoucou8,10,306,3.2679738562091507,3,ok
DD_FIRE,10,306,3.2679738562091507,3,ok
Elizabeth_bride,10,306,3.2679738562091507,3,ok
fanpan_EN,10,306,3.2679738562091507,3,ok
gassy,10,306,3.2679738562091507,3,ok
gokinjo__yukine,10,306,3.2679738562091507,3,ok
gotti_0404,10,306,3.2679738562091507,3,ok
guilty_beast,10,306,3.2679738562091507,3,ok
hatimitu522911,10,306,3.2679738562091507,3,ok
hifidays_otaku,10,306,3.2679738562091507,3,ok
hikamahikare,10,306,3.2679738562091507,3,ok
homuhomu43,10,306,3.2679738562091507,3,ok
Horusun_0501,10,306,3.2679738562091507,3,ok
impactwhite,10,306,3.2679738562091507,3,ok
inokazu6,10,306,3.2679738562091507,3,ok
inori_aru__,10,306,3.2679738562091507,3,ok
ishigen__94,10,306,3.2679738562091507,3,ok
itokinwugholic,10,306,3.2679738562091507,3,ok
jyunnjyun,10,306,3.2679738562091507,3,ok
KAMExMARI,10,306,3.2679738562091507,3,ok
kaname,10,306,3.2679738562091507,3,ok
katsu1113,10,306,3.2679738562091507,3,ok
Kc_32,10,306,3.2679738562091507,3,ok
kin29_yuiyukari,10,306,3.2679738562091507,3,ok
konometuki,10,306,3.2679738562091507,3,ok
kyo_hm,10,306,3.2679738562091507,3,ok
m2r_an,10,306,3.2679738562091507,3,ok
makyi_rie,10,306,3.2679738562091507,3,ok
mii05217,10,306,3.2679738562091507,3,ok
mikki_isle,10,306,3.2679738562091507,3,ok
miyabinoir,10,306,3.2679738562091507,3,ok
miyagey,10,306,3.2679738562091507,3,ok
mmmk,10,306,3.2679738562091507,3,ok
monta030306,10,306,3.2679738562091507,3,ok
na_ga_41i,10,306,3.2679738562091507,3,ok
nanoha_furuki,10,306,3.2679738562091507,3,ok
Natsume_26,10,306,3.2679738562091507,3,ok
nothing_joker,10,306,3.2679738562091507,3,ok
o_to_hu,10,306,3.2679738562091507,3,ok
okubkei1,10,306,3.2679738562091507,3,ok
Ray_otk,10,306,3.2679738562091507,3,ok
redeyesblackdor,10,306,3.2679738562091507,3,ok
REm1024_hiro,10,306,3.2679738562091507,3,ok
ringsea_bono,10,306,3.2679738562091507,3,ok
ryosuke1501,10,306,3.2679738562091507,3,ok
sakasama,10,306,3.2679738562091507,3,ok
sept_shiki_R,10,306,3.2679738562091507,3,ok
shishi55,10,306,3.2679738562091507,3,ok
sorata,10,306,3.2679738562091507,3,ok
sphere_aki0215,10,306,3.2679738562091507,3,ok
takayukiO,10,306,3.2679738562091507,3,ok
teru_sub,10,306,3.2679738562091507,3,ok
toru_1214,10,306,3.2679738562091507,3,ok
tyoushinsei12,10,306,3.2679738562091507,3,ok
WalkureAsterisk,10,306,3.2679738562091507,3,ok
wama,10,306,3.2679738562091507,3,ok
worth_bleeding,10,306,3.2679738562091507,3,ok
yokuryu_19,10,306,3.2679738562091507,3,ok
yone_poke05,10,306,3.2679738562091507,3,ok
yorosiku36,10,306,3.2679738562091507,3,ok
Yuki_Ao,10,306,3.2679738562091507,3,ok
yumarua1,10,306,3.2679738562091507,3,ok
Yusei_NaoSora_F,10,306,3.2679738562091507,3,ok
YUYU_,10,306,3.2679738562091507,3,ok
zigoro_sw,10,306,3.2679738562091507,3,ok
0614_72i,10,306,3.2679738562091507,2,ok
60sentclosed,10,306,3.2679738562091507,2,ok
amane773,10,306,3.2679738562091507,2,ok
apple02,10,306,3.2679738562091507,2,ok
apricot0407,10,306,3.2679738562091507,2,ok
ArcticPole2020,10,306,3.2679738562091507,2,ok
Babireo_LiSA,10,306,3.2679738562091507,2,ok
banbanbigelow,10,306,3.2679738562091507,2,ok
brownhorse2000,10,306,3.2679738562091507,2,ok
candymine91076,10,306,3.2679738562091507,2,ok
caneck26,10,306,3.2679738562091507,2,ok
CR7_AYU,10,306,3.2679738562091507,2,ok
craneta34_1,10,306,3.2679738562091507,2,ok
cry_moa,10,306,3.2679738562091507,2,ok
cxlisaxaimer,10,306,3.2679738562091507,2,ok
eli_kanashizu,10,306,3.2679738562091507,2,ok
erin_shiden,10,306,3.2679738562091507,2,ok
FPanlove,10,306,3.2679738562091507,2,ok
gocho_v_v_v,10,306,3.2679738562091507,2,ok
GUILTY_GEAR_ST,10,306,3.2679738562091507,2,ok
Hakkou_Ferment,10,306,3.2679738562091507,2,ok
hego,10,306,3.2679738562091507,2,ok
heki_LO,10,306,3.2679738562091507,2,ok
hesohara,10,306,3.2679738562091507,2,ok
hiroyan0178,10,306,3.2679738562091507,2,ok
inosuke,10,306,3.2679738562091507,2,ok
itsuki870,10,306,3.2679738562091507,2,ok
Jasmugi_DDotaku,10,306,3.2679738562091507,2,ok
JockeryChiken,10,306,3.2679738562091507,2,ok
kanade_Roselia,10,306,3.2679738562091507,2,ok
kashima,10,306,3.2679738562091507,2,ok
kettu96,10,306,3.2679738562091507,2,ok
kiwamu_connect,10,306,3.2679738562091507,2,ok
Liella_Non_Non,10,306,3.2679738562091507,2,ok
lvxia21,10,306,3.2679738562091507,2,ok
maki_love250419,10,306,3.2679738562091507,2,ok
masa1103_msw,10,306,3.2679738562091507,2,ok
matsushima_710,10,306,3.2679738562091507,2,ok
mensath,10,306,3.2679738562091507,2,ok
Milky_wy,10,306,3.2679738562091507,2,ok
MiYuW_MUNB,10,306,3.2679738562091507,2,ok
motsutan2017,10,306,3.2679738562091507,2,ok
ms06k_izumi,10,306,3.2679738562091507,2,ok
n7_Ma5z_ep,10,306,3.2679738562091507,2,ok
N_Maasa,10,306,3.2679738562091507,2,ok
nakamura_emitun,10,306,3.2679738562091507,2,ok
nekojizou,10,306,3.2679738562091507,2,ok
NO_NAME_POEM,10,306,3.2679738562091507,2,ok
nst205wrc,10,306,3.2679738562091507,2,ok
osakiyou,10,306,3.2679738562091507,2,ok
p_inkish_eart,10,306,3.2679738562091507,2,ok
pe_suke88,10,306,3.2679738562091507,2,ok
poke_tapu_x,10,306,3.2679738562091507,2,ok
punpun0121_1,10,306,3.2679738562091507,2,ok
ren_tyan,10,306,3.2679738562091507,2,ok
roadster_nm7,10,306,3.2679738562091507,2,ok
rogela_info,10,306,3.2679738562091507,2,ok
Rumpa14,10,306,3.2679738562091507,2,ok
shimataka12,10,306,3.2679738562091507,2,ok
shine_post,10,306,3.2679738562091507,2,ok
shogozmin,10,306,3.2679738562091507,2,ok
sirotume,10,306,3.2679738562091507,2,ok
sonokawug,10,306,3.2679738562091507,2,ok
soooooooonan,10,306,3.2679738562091507,2,ok
studioheuristic,10,306,3.2679738562091507,2,ok
subroh_0508,10,306,3.2679738562091507,2,ok
Taruto_Rin_P,10,306,3.2679738562091507,2,ok
tico_rodriguez,10,306,3.2679738562091507,2,ok
tower819,10,306,3.2679738562091507,2,ok
Tsubaki_wota_1,10,306,3.2679738562091507,2,ok
waisinokei,10,306,3.2679738562091507,2,ok
Xenotopia,10,306,3.2679738562091507,2,ok
Yokai_bemucchi2,10,306,3.2679738562091507,2,ok
yu_kano02,10,306,3.2679738562091507,2,ok
yuipana_KL,10,306,3.2679738562091507,2,ok
yukino_rl,10,306,3.2679738562091507,2,ok
ZakaStrikerS,10,306,3.2679738562091507,2,ok
1109enoch,10,306,3.2679738562091507,1,ok
3_Dgjn,10,306,3.2679738562091507,1,ok
910hr_AIBECK_,10,306,3.2679738562091507,1,ok
____,10,306,3.2679738562091507,1,ok
_GJ___,10,306,3.2679738562091507,1,ok
azmk77,10,306,3.2679738562091507,1,ok
bsPIXsouDD,10,306,3.2679738562091507,1,ok
cccp_miruky,10,306,3.2679738562091507,1,ok
chenga2587,10,306,3.2679738562091507,1,ok
chisaiusakichan,10,306,3.2679738562091507,1,ok
DrW,10,306,3.2679738562091507,1,ok
ecVBuuBzcDWyeTV,10,306,3.2679738562091507,1,ok
flammenkrieg,10,306,3.2679738562091507,1,ok
futosi12,10,306,3.2679738562091507,1,ok
Fuyunatw,10,306,3.2679738562091507,1,ok
general_rikiya,10,306,3.2679738562091507,1,ok
gothlos,10,306,3.2679738562091507,1,ok
haru_arg,10,306,3.2679738562091507,1,ok
hijikata,10,306,3.2679738562091507,1,ok
ilike282,10,306,3.2679738562091507,1,ok
in_sit_ramen,10,306,3.2679738562091507,1,ok
jiangfcheng,10,306,3.2679738562091507,1,ok
kiari,10,306,3.2679738562091507,1,ok
koko_tsurumaki,10,306,3.2679738562091507,1,ok
kon_sento,10,306,3.2679738562091507,1,ok
kuro120543,10,306,3.2679738562091507,1,ok
kz_uryuu,10,306,3.2679738562091507,1,ok
lckuran,10,306,3.2679738562091507,1,ok
maruhachi,10,306,3.2679738562091507,1,ok
max_heart0090,10,306,3.2679738562091507,1,ok
mickmickmi_,10,306,3.2679738562091507,1,ok
MOMInolia,10,306,3.2679738562091507,1,ok
monopoly,10,306,3.2679738562091507,1,ok
muffys0722,10,306,3.2679738562091507,1,ok
muffys0722_1,10,306,3.2679738562091507,1,ok
ni,10,306,3.2679738562091507,1,ok
nucleus131,10,306,3.2679738562091507,1,ok
null__null,10,306,3.2679738562091507,1,ok
ohmugi_hop,10,306,3.2679738562091507,1,ok
pocomaru28,10,306,3.2679738562091507,1,ok
punpun0121,10,306,3.2679738562091507,1,ok
puripuri33,10,306,3.2679738562091507,1,ok
ReoNa_shogen,10,306,3.2679738562091507,1,ok
roadtotokyo,10,306,3.2679738562091507,1,ok
roselia0712,10,306,3.2679738562091507,1,ok
Roselia_AI,10,306,3.2679738562091507,1,ok
samayou_otaku,10,306,3.2679738562091507,1,ok
seventh_nicole,10,306,3.2679738562091507,1,ok
skyfishozisan,10,306,3.2679738562091507,1,ok
takeson0219,10,306,3.2679738562091507,1,ok
te1ru,10,306,3.2679738562091507,1,ok
tertzkin,10,306,3.2679738562091507,1,ok
TodauraSakuya,10,306,3.2679738562091507,1,ok
tokiwa315,10,306,3.2679738562091507,1,ok
unsouya,10,306,3.2679738562091507,1,ok
user12EE641,10,306,3.2679738562091507,1,ok
yd.fairytail,10,306,3.2679738562091507,1,ok
yopi0844,10,306,3.2679738562091507,1,ok
ytuitka76,10,306,3.2679738562091507,1,ok
yzy1053992373,10,306,3.2679738562091507,1,ok
Z3P1A,10,306,3.2679738562091507,1,ok
zuomutooru,10,306,3.2679738562091507,1,ok
AussieSunlight,9,306,2.941176470588235,9,ok
nekoj_20,9,306,2.941176470588235,9,ok
hachi_4515,9,306,2.941176470588235,8,ok
meets765,9,306,2.941176470588235,8,ok
YukiKarin_,9,306,2.941176470588235,8,ok
gitefu,9,306,2.941176470588235,7,ok
Jay_Pey,9,306,2.941176470588235,7,ok
Ponbashi_prince,9,306,2.941176470588235,7,ok
searchlieca,9,306,2.941176470588235,7,ok
Shideso,9,306,2.941176470588235,7,ok
syoya0223,9,306,2.941176470588235,7,ok
fan_love512,9,306,2.941176470588235,6,ok
Halkeginia,9,306,2.941176470588235,6,ok
hawk_sk87,9,306,2.941176470588235,6,ok
MrDHK,9,306,2.941176470588235,6,ok
too_isl,9,306,2.941176470588235,6,ok
29XXD,9,306,2.941176470588235,5,ok
723suf,9,306,2.941176470588235,5,ok
__okakatan,9,306,2.941176470588235,5,ok
__ysms,9,306,2.941176470588235,5,ok
_atora,9,306,2.941176470588235,5,ok
_yst173,9,306,2.941176470588235,5,ok
aiai1229,9,306,2.941176470588235,5,ok
Aina_SKET,9,306,2.941176470588235,5,ok
amzim,9,306,2.941176470588235,5,ok
asagamiP,9,306,2.941176470588235,5,ok
asteerism,9,306,2.941176470588235,5,ok
AyKO_0605,9,306,2.941176470588235,5,ok
bnshg25,9,306,2.941176470588235,5,ok
c__soreil,9,306,2.941176470588235,5,ok
esp17,9,306,2.941176470588235,5,ok
Fox_showrui,9,306,2.941176470588235,5,ok
gakkydayo,9,306,2.941176470588235,5,ok
Giabbit0419,9,306,2.941176470588235,5,ok
haorenmousi_1,9,306,2.941176470588235,5,ok
haruun765,9,306,2.941176470588235,5,ok
hoshi1008,9,306,2.941176470588235,5,ok
ikorin,9,306,2.941176470588235,5,ok
jfmamjjasond_,9,306,2.941176470588235,5,ok
jiro_jiro_2,9,306,2.941176470588235,5,ok
jungsik_kim,9,306,2.941176470588235,5,ok
ka_re_nu_,9,306,2.941176470588235,5,ok
kaki_ller,9,306,2.941176470588235,5,ok
koji031,9,306,2.941176470588235,5,ok
kwusbb,9,306,2.941176470588235,5,ok
kyuorou,9,306,2.941176470588235,5,ok
lemonlime_1091,9,306,2.941176470588235,5,ok
lite_ral,9,306,2.941176470588235,5,ok
lp_nas,9,306,2.941176470588235,5,ok
MIRIAKIDO,9,306,2.941176470588235,5,ok
Nagachi_7,9,306,2.941176470588235,5,ok
nd2620,9,306,2.941176470588235,5,ok
niko_rotta,9,306,2.941176470588235,5,ok
partisanXS07,9,306,2.941176470588235,5,ok
Piam62,9,306,2.941176470588235,5,ok
rin_kurosuke,9,306,2.941176470588235,5,ok
roro_nme,9,306,2.941176470588235,5,ok
rytrtr_111,9,306,2.941176470588235,5,ok
sada_king,9,306,2.941176470588235,5,ok
sappe123_lpkomn,9,306,2.941176470588235,5,ok
set_n,9,306,2.941176470588235,5,ok
shimiko_chance,9,306,2.941176470588235,5,ok
shinkaimisaki,9,306,2.941176470588235,5,ok
sirz556,9,306,2.941176470588235,5,ok
sorn7504,9,306,2.941176470588235,5,ok
ss_as_mum,9,306,2.941176470588235,5,ok
susumu,9,306,2.941176470588235,5,ok
syo_29,9,306,2.941176470588235,5,ok
TaChunShen,9,306,2.941176470588235,5,ok
TANA_KA_2525,9,306,2.941176470588235,5,ok
val_buru,9,306,2.941176470588235,5,ok
weisoiya,9,306,2.941176470588235,5,ok
y_z_ha,9,306,2.941176470588235,5,ok
YRB04360,9,306,2.941176470588235,5,ok
yuki_nao_nino,9,306,2.941176470588235,5,ok
Yuki_Nyang,9,306,2.941176470588235,5,ok
yuki_only_Hero,9,306,2.941176470588235,5,ok
Yukino_hmaa,9,306,2.941176470588235,5,ok
YukkeCK,9,306,2.941176470588235,5,ok
1000Rain71,9,306,2.941176470588235,4,ok
1219a1219,9,306,2.941176470588235,4,ok
40_maru,9,306,2.941176470588235,4,ok
777Aoz_SEVEN1st,9,306,2.941176470588235,4,ok
9LL1mm3p,9,306,2.941176470588235,4,ok
__maca_,9,306,2.941176470588235,4,ok
_LFTN_,9,306,2.941176470588235,4,ok
_oMoti10,9,306,2.941176470588235,4,ok
a_tun_,9,306,2.941176470588235,4,ok
aeee_aa,9,306,2.941176470588235,4,ok
aipon0419,9,306,2.941176470588235,4,ok
Aki__310,9,306,2.941176470588235,4,ok
akikko_cute,9,306,2.941176470588235,4,ok
all_moyasou,9,306,2.941176470588235,4,ok
AltSN,9,306,2.941176470588235,4,ok
angelic_Dahila,9,306,2.941176470588235,4,ok
Aoiiyyuuu,9,306,2.941176470588235,4,ok
Aqours_2ndLIVE,9,306,2.941176470588235,4,ok
arbr_puri,9,306,2.941176470588235,4,ok
Archa,9,306,2.941176470588235,4,ok
ATM_HNT,9,306,2.941176470588235,4,ok
AutSky_JadeK,9,306,2.941176470588235,4,ok
azurree,9,306,2.941176470588235,4,ok
BeMarble,9,306,2.941176470588235,4,ok
chino_0223,9,306,2.941176470588235,4,ok
coku_lovelive,9,306,2.941176470588235,4,ok
destiny_bond_,9,306,2.941176470588235,4,ok
dsyscobt1,9,306,2.941176470588235,4,ok
east_5991,9,306,2.941176470588235,4,ok
eco_eco12345,9,306,2.941176470588235,4,ok
first_of_april_,9,306,2.941176470588235,4,ok
fmy_pm0217,9,306,2.941176470588235,4,ok
FREEDOM3516,9,306,2.941176470588235,4,ok
ggggg,9,306,2.941176470588235,4,ok
goal_d_roger,9,306,2.941176470588235,4,ok
gomi_ningen,9,306,2.941176470588235,4,ok
H_island_dc,9,306,2.941176470588235,4,ok
hakujolno,9,306,2.941176470588235,4,ok
hana_tmt_skr,9,306,2.941176470588235,4,ok
harujione,9,306,2.941176470588235,4,ok
haruo4000,9,306,2.941176470588235,4,ok
himlamlolz,9,306,2.941176470588235,4,ok
hkt_narashio,9,306,2.941176470588235,4,ok
humituki_Urthr1,9,306,2.941176470588235,4,ok
hyd666tom,9,306,2.941176470588235,4,ok
i_smdr,9,306,2.941176470588235,4,ok
ika_1118M,9,306,2.941176470588235,4,ok
IMAStation,9,306,2.941176470588235,4,ok
itsR6,9,306,2.941176470588235,4,ok
john3234,9,306,2.941176470588235,4,ok
junpe_iris,9,306,2.941176470588235,4,ok
kachyoSP,9,306,2.941176470588235,4,ok
Kazu__san505,9,306,2.941176470588235,4,ok
kdi37,9,306,2.941176470588235,4,ok
kitsunedango29,9,306,2.941176470588235,4,ok
Klytia73,9,306,2.941176470588235,4,ok
knight_flight,9,306,2.941176470588235,4,ok
knock_out1412,9,306,2.941176470588235,4,ok
kuutixankunn,9,306,2.941176470588235,4,ok
kuwadam777,9,306,2.941176470588235,4,ok
lambre_3,9,306,2.941176470588235,4,ok
lisamark04,9,306,2.941176470588235,4,ok
lnahonomi,9,306,2.941176470588235,4,ok
loshihi_darcuro,9,306,2.941176470588235,4,ok
Lullshare_kuru,9,306,2.941176470588235,4,ok
m_yoshi1976,9,306,2.941176470588235,4,ok
maccha_panda,9,306,2.941176470588235,4,ok
Madao1101P,9,306,2.941176470588235,4,ok
marunon87,9,306,2.941176470588235,4,ok
Marurun_imas,9,306,2.941176470588235,4,ok
mashiro01279,9,306,2.941176470588235,4,ok
MERU9RIN,9,306,2.941176470588235,4,ok
Miki_TrySail,9,306,2.941176470588235,4,ok
miokk123,9,306,2.941176470588235,4,ok
momose_1006,9,306,2.941176470588235,4,ok
mozukugakuenai,9,306,2.941176470588235,4,ok
NaGuilty_,9,306,2.941176470588235,4,ok
nepipi,9,306,2.941176470588235,4,ok
Nez3P,9,306,2.941176470588235,4,ok
nissinryu,9,306,2.941176470588235,4,ok
nnnetsu06,9,306,2.941176470588235,4,ok
NogamiTonali,9,306,2.941176470588235,4,ok
nomu_yogurt,9,306,2.941176470588235,4,ok
norkszero,9,306,2.941176470588235,4,ok
nova_tm,9,306,2.941176470588235,4,ok
noyu_1215,9,306,2.941176470588235,4,ok
nurop,9,306,2.941176470588235,4,ok
okamo0707,9,306,2.941176470588235,4,ok
onasu0406,9,306,2.941176470588235,4,ok
otika0812,9,306,2.941176470588235,4,ok
oyatsu_kotori,9,306,2.941176470588235,4,ok
p_hanx,9,306,2.941176470588235,4,ok
PaleBlue_yulent,9,306,2.941176470588235,4,ok
penguin_dia,9,306,2.941176470588235,4,ok
pinch_sayurin,9,306,2.941176470588235,4,ok
Revive125,9,306,2.941176470588235,4,ok
rinou1101,9,306,2.941176470588235,4,ok
rubbish_man,9,306,2.941176470588235,4,ok
ryan30110,9,306,2.941176470588235,4,ok
S0FA_,9,306,2.941176470588235,4,ok
s_himeji,9,306,2.941176470588235,4,ok
sachimayu104,9,306,2.941176470588235,4,ok
SailorAzusa,9,306,2.941176470588235,4,ok
samon5107,9,306,2.941176470588235,4,ok
sayuriaTS09,9,306,2.941176470588235,4,ok
silvertime_14,9,306,2.941176470588235,4,ok
Ssan01551WUG,9,306,2.941176470588235,4,ok
stellardriven,9,306,2.941176470588235,4,ok
sutaltuhu,9,306,2.941176470588235,4,ok
tadazi_109,9,306,2.941176470588235,4,ok
to_she_i7,9,306,2.941176470588235,4,ok
tofu0323,9,306,2.941176470588235,4,ok
Torch_0801,9,306,2.941176470588235,4,ok
totu_9_totu,9,306,2.941176470588235,4,ok
touka_net,9,306,2.941176470588235,4,ok
tourou_27,9,306,2.941176470588235,4,ok
tr_3,9,306,2.941176470588235,4,ok
uchi_rippi,9,306,2.941176470588235,4,ok
umierichi,9,306,2.941176470588235,4,ok
uokada,9,306,2.941176470588235,4,ok
usadaa,9,306,2.941176470588235,4,ok
Vangogh_WYK,9,306,2.941176470588235,4,ok
yamu_lolicon,9,306,2.941176470588235,4,ok
YD519711,9,306,2.941176470588235,4,ok
ZANDGAD,9,306,2.941176470588235,4,ok
zatsuyo_244,9,306,2.941176470588235,4,ok
zxx,9,306,2.941176470588235,4,ok
77youhaveadream,9,306,2.941176470588235,3,ok
7shimastk,9,306,2.941176470588235,3,ok
_sashimi,9,306,2.941176470588235,3,ok
_u16m,9,306,2.941176470588235,3,ok
aa397920324,9,306,2.941176470588235,3,ok
Aina__Aishu0823,9,306,2.941176470588235,3,ok
akane_yu__sho,9,306,2.941176470588235,3,ok
amane_angel_lls,9,306,2.941176470588235,3,ok
ambidere,9,306,2.941176470588235,3,ok
aochan_soutan,9,306,2.941176470588235,3,ok
aymn1141,9,306,2.941176470588235,3,ok
b_ghbsq_1,9,306,2.941176470588235,3,ok
BCD_An,9,306,2.941176470588235,3,ok
bepo_zwei,9,306,2.941176470588235,3,ok
birdlover373,9,306,2.941176470588235,3,ok
biwacojp,9,306,2.941176470588235,3,ok
coe900ss,9,306,2.941176470588235,3,ok
deceland,9,306,2.941176470588235,3,ok
Dhinks723,9,306,2.941176470588235,3,ok
ebisudako3,9,306,2.941176470588235,3,ok
elichika,9,306,2.941176470588235,3,ok
empr_EM,9,306,2.941176470588235,3,ok
fate1241,9,306,2.941176470588235,3,ok
fushimi20,9,306,2.941176470588235,3,ok
gorug0,9,306,2.941176470588235,3,ok
Happy___Holiday,9,306,2.941176470588235,3,ok
HaRei_Mien,9,306,2.941176470588235,3,ok
hibikiP8131,9,306,2.941176470588235,3,ok
hiro32820,9,306,2.941176470588235,3,ok
hirobotch,9,306,2.941176470588235,3,ok
imjasu1,9,306,2.941176470588235,3,ok
jadoran_seri,9,306,2.941176470588235,3,ok
kawanchu_36,9,306,2.941176470588235,3,ok
keykagi,9,306,2.941176470588235,3,ok
krc_ks,9,306,2.941176470588235,3,ok
kujou_shinonome,9,306,2.941176470588235,3,ok
lcumis2,9,306,2.941176470588235,3,ok
Leiya,9,306,2.941176470588235,3,ok
loire211,9,306,2.941176470588235,3,ok
luvyuiyui,9,306,2.941176470588235,3,ok
machi_peco,9,306,2.941176470588235,3,ok
machi_peco19,9,306,2.941176470588235,3,ok
machi_peco194,9,306,2.941176470588235,3,ok
maideh4,9,306,2.941176470588235,3,ok
mana_1208,9,306,2.941176470588235,3,ok
matsu_jiro12,9,306,2.941176470588235,3,ok
mim712cho,9,306,2.941176470588235,3,ok
minakko0917_375,9,306,2.941176470588235,3,ok
MINORIN0713,9,306,2.941176470588235,3,ok
Miria_P0414,9,306,2.941176470588235,3,ok
misogi888,9,306,2.941176470588235,3,ok
MonYoshi_main,9,306,2.941176470588235,3,ok
na_nn_co,9,306,2.941176470588235,3,ok
naganan0215,9,306,2.941176470588235,3,ok
naoki_yuiyui,9,306,2.941176470588235,3,ok
NON4ME,9,306,2.941176470588235,3,ok
NY827_,9,306,2.941176470588235,3,ok
nyan_mimimi,9,306,2.941176470588235,3,ok
os,9,306,2.941176470588235,3,ok
osipi_ga_sukipi,9,306,2.941176470588235,3,ok
P9280,9,306,2.941176470588235,3,ok
petit_sweetwhip,9,306,2.941176470588235,3,ok
poppo_0924,9,306,2.941176470588235,3,ok
RED_0820,9,306,2.941176470588235,3,ok
rfm612,9,306,2.941176470588235,3,ok
rhodonite,9,306,2.941176470588235,3,ok
riger_kan,9,306,2.941176470588235,3,ok
rin_1996,9,306,2.941176470588235,3,ok
rm83724,9,306,2.941176470588235,3,ok
S350703,9,306,2.941176470588235,3,ok
sako_nnu,9,306,2.941176470588235,3,ok
sanmenh,9,306,2.941176470588235,3,ok
sei_iris_yu,9,306,2.941176470588235,3,ok
sessou,9,306,2.941176470588235,3,ok
shiny_baum,9,306,2.941176470588235,3,ok
shoki_ngsy,9,306,2.941176470588235,3,ok
simity.5180,9,306,2.941176470588235,3,ok
SKETMAN,9,306,2.941176470588235,3,ok
SkullPoma,9,306,2.941176470588235,3,ok
Suke,9,306,2.941176470588235,3,ok
supi270,9,306,2.941176470588235,3,ok
surugasawa,9,306,2.941176470588235,3,ok
Syoud_ava,9,306,2.941176470588235,3,ok
tenka_1225,9,306,2.941176470588235,3,ok
tokisyuichi,9,306,2.941176470588235,3,ok
tyoukokuto,9,306,2.941176470588235,3,ok
y_m_c,9,306,2.941176470588235,3,ok
yamayama196,9,306,2.941176470588235,3,ok
yui0815yui,9,306,2.941176470588235,3,ok
yuiyyg,9,306,2.941176470588235,3,ok
yuuki_gf1215,9,306,2.941176470588235,3,ok
yuyungley,9,306,2.941176470588235,3,ok
0555guilty,9,306,2.941176470588235,2,ok
22627113_lucky,9,306,2.941176470588235,2,ok
apzleader111,9,306,2.941176470588235,2,ok
araki417,9,306,2.941176470588235,2,ok
aroma_v3,9,306,2.941176470588235,2,ok
Axios_isa,9,306,2.941176470588235,2,ok
Blacky1375,9,306,2.941176470588235,2,ok
bokura_koisuta,9,306,2.941176470588235,2,ok
cccry,9,306,2.941176470588235,2,ok
ChachaKu24,9,306,2.941176470588235,2,ok
cheap_en2,9,306,2.941176470588235,2,ok
clavis,9,306,2.941176470588235,2,ok
d_waitake,9,306,2.941176470588235,2,ok
emirinsuki_,9,306,2.941176470588235,2,ok
endwu,9,306,2.941176470588235,2,ok
funa9_RinRin,9,306,2.941176470588235,2,ok
haraitai,9,306,2.941176470588235,2,ok
HartMa,9,306,2.941176470588235,2,ok
iivvyy0712,9,306,2.941176470588235,2,ok
ikatako_kaguya,9,306,2.941176470588235,2,ok
inoue,9,306,2.941176470588235,2,ok
isso1356,9,306,2.941176470588235,2,ok
JSJDHFJFIEKW,9,306,2.941176470588235,2,ok
Karukayasan,9,306,2.941176470588235,2,ok
kazumin_520,9,306,2.941176470588235,2,ok
kcshanggg,9,306,2.941176470588235,2,ok
koheikun1,9,306,2.941176470588235,2,ok
Konzukin,9,306,2.941176470588235,2,ok
kprs_0,9,306,2.941176470588235,2,ok
KujoAyaya,9,306,2.941176470588235,2,ok
L1011TS,9,306,2.941176470588235,2,ok
Laz_zipper,9,306,2.941176470588235,2,ok
LiSA_3so,9,306,2.941176470588235,2,ok
M_E_F_U_,9,306,2.941176470588235,2,ok
Mabadulann,9,306,2.941176470588235,2,ok
magical6g72,9,306,2.941176470588235,2,ok
miko_nama,9,306,2.941176470588235,2,ok
minatomhf3,9,306,2.941176470588235,2,ok
mona_346,9,306,2.941176470588235,2,ok
Mr_obly,9,306,2.941176470588235,2,ok
mt_Paddy,9,306,2.941176470588235,2,ok
munaidayo,9,306,2.941176470588235,2,ok
n092tS,9,306,2.941176470588235,2,ok
naosuke2dx,9,306,2.941176470588235,2,ok
natsuko_tacky,9,306,2.941176470588235,2,ok
neko_kawaii,9,306,2.941176470588235,2,ok
nyannpy,9,306,2.941176470588235,2,ok
ootoro_lovelive,9,306,2.941176470588235,2,ok
OYenyi,9,306,2.941176470588235,2,ok
papper_KK,9,306,2.941176470588235,2,ok
parade_27,9,306,2.941176470588235,2,ok
phonic_box,9,306,2.941176470588235,2,ok
pjdtwgd256,9,306,2.941176470588235,2,ok
purikuuyan,9,306,2.941176470588235,2,ok
RiccaTbana,9,306,2.941176470588235,2,ok
saboteng423,9,306,2.941176470588235,2,ok
sakipon08,9,306,2.941176470588235,2,ok
salt_888_niko,9,306,2.941176470588235,2,ok
sarugadonn1,9,306,2.941176470588235,2,ok
Seiku78,9,306,2.941176470588235,2,ok
socialcomio.join,9,306,2.941176470588235,2,ok
soundreakter,9,306,2.941176470588235,2,ok
spiridas,9,306,2.941176470588235,2,ok
steevegoog,9,306,2.941176470588235,2,ok
suyuhsiang891013,9,306,2.941176470588235,2,ok
syuuya31,9,306,2.941176470588235,2,ok
Tailwind_event,9,306,2.941176470588235,2,ok
tama01131,9,306,2.941176470588235,2,ok
tamatama6394,9,306,2.941176470588235,2,ok
tanuraccoondog,9,306,2.941176470588235,2,ok
tarotarojam,9,306,2.941176470588235,2,ok
thwasdf,9,306,2.941176470588235,2,ok
tokodon,9,306,2.941176470588235,2,ok
tontoro1,9,306,2.941176470588235,2,ok
twinbirdstrike,9,306,2.941176470588235,2,ok
uno_9121,9,306,2.941176470588235,2,ok
uooooo_to,9,306,2.941176470588235,2,ok
v__v0831,9,306,2.941176470588235,2,ok
water_usausa,9,306,2.941176470588235,2,ok
xiezi,9,306,2.941176470588235,2,ok
yatume2023,9,306,2.941176470588235,2,ok
yob_432,9,306,2.941176470588235,2,ok
yukinko97,9,306,2.941176470588235,2,ok
yukki_sa003863,9,306,2.941176470588235,2,ok
yurissii,9,306,2.941176470588235,2,ok
yuzupre,9,306,2.941176470588235,2,ok
40milliondollar,9,306,2.941176470588235,1,ok
4sk_ma,9,306,2.941176470588235,1,ok
acecombat77934,9,306,2.941176470588235,1,ok
ayaka__saya,9,306,2.941176470588235,1,ok
bakuadvantage,9,306,2.941176470588235,1,ok
BLUE,9,306,2.941176470588235,1,ok
discursive_c,9,306,2.941176470588235,1,ok
frankie318jp,9,306,2.941176470588235,1,ok
funa_sakana,9,306,2.941176470588235,1,ok
haduki_rmn,9,306,2.941176470588235,1,ok
high_meron,9,306,2.941176470588235,1,ok
hogege,9,306,2.941176470588235,1,ok
hy_yyk,9,306,2.941176470588235,1,ok
inu_chikuwa,9,306,2.941176470588235,1,ok
JeansProtosCall,9,306,2.941176470588235,1,ok
kamase___,9,306,2.941176470588235,1,ok
kekkebb,9,306,2.941176470588235,1,ok
kumacchi,9,306,2.941176470588235,1,ok
Maccoy_616,9,306,2.941176470588235,1,ok
manpukuncarbon,9,306,2.941176470588235,1,ok
manta0526,9,306,2.941176470588235,1,ok
mellserazer9372,9,306,2.941176470588235,1,ok
mmrkbt_r,9,306,2.941176470588235,1,ok
momotamai_z_s,9,306,2.941176470588235,1,ok
nagisapairz,9,306,2.941176470588235,1,ok
nanonano_dance,9,306,2.941176470588235,1,ok
nobutagroup38,9,306,2.941176470588235,1,ok
noel8954,9,306,2.941176470588235,1,ok
ohbellaciao654,9,306,2.941176470588235,1,ok
p_iriko,9,306,2.941176470588235,1,ok
piriodunlock,9,306,2.941176470588235,1,ok
Ruren9527,9,306,2.941176470588235,1,ok
saint_sato,9,306,2.941176470588235,1,ok
secondopinion,9,306,2.941176470588235,1,ok
shuta12051205,9,306,2.941176470588235,1,ok
sizimi03041031,9,306,2.941176470588235,1,ok
skrmochi333,9,306,2.941176470588235,1,ok
tttaaa_1006,9,306,2.941176470588235,1,ok
vide_goingcrazy,9,306,2.941176470588235,1,ok
WACK_kids1010,9,306,2.941176470588235,1,ok
white_owl,9,306,2.941176470588235,1,ok
wizard0424,9,306,2.941176470588235,1,ok
wwwcojjp,9,306,2.941176470588235,1,ok
xxtxtvv,9,306,2.941176470588235,1,ok
rasuta1109,8,306,2.6143790849673203,9,ok
hdmrmdk1988,8,306,2.6143790849673203,7,ok
0121takane,8,306,2.6143790849673203,6,ok
_shiroichigo_,8,306,2.6143790849673203,6,ok
hatomune_33,8,306,2.6143790849673203,6,ok
i_wawatata,8,306,2.6143790849673203,6,ok
mio_Sakamoto,8,306,2.6143790849673203,6,ok
mjxmea876,8,306,2.6143790849673203,6,ok
mkashiiiiiiiiii,8,306,2.6143790849673203,6,ok
stella_MCL1020,8,306,2.6143790849673203,6,ok
utidasanBreezin,8,306,2.6143790849673203,6,ok
2525_star,8,306,2.6143790849673203,5,ok
924ayu_,8,306,2.6143790849673203,5,ok
_g_e_s_h_i_,8,306,2.6143790849673203,5,ok
always0203,8,306,2.6143790849673203,5,ok
atsugari777,8,306,2.6143790849673203,5,ok
ayabejun,8,306,2.6143790849673203,5,ok
bigoldheavy,8,306,2.6143790849673203,5,ok
chirisp,8,306,2.6143790849673203,5,ok
DamgxsIc,8,306,2.6143790849673203,5,ok
firipp_gokinjo,8,306,2.6143790849673203,5,ok
gaku390,8,306,2.6143790849673203,5,ok
jsjs,8,306,2.6143790849673203,5,ok
Karen__nbn,8,306,2.6143790849673203,5,ok
ktr_ln,8,306,2.6143790849673203,5,ok
Mint_S,8,306,2.6143790849673203,5,ok
mock_coffee,8,306,2.6143790849673203,5,ok
RIpeco,8,306,2.6143790849673203,5,ok
Saran08_K2,8,306,2.6143790849673203,5,ok
sigma_scatter,8,306,2.6143790849673203,5,ok
sunrinrin,8,306,2.6143790849673203,5,ok
tenpa0726,8,306,2.6143790849673203,5,ok
tizp,8,306,2.6143790849673203,5,ok
TKG238,8,306,2.6143790849673203,5,ok
yuuuu,8,306,2.6143790849673203,5,ok
209voodoo,8,306,2.6143790849673203,4,ok
29Tya,8,306,2.6143790849673203,4,ok
2Akb,8,306,2.6143790849673203,4,ok
_dra6_,8,306,2.6143790849673203,4,ok
agatahkei,8,306,2.6143790849673203,4,ok
aicetea,8,306,2.6143790849673203,4,ok
anag,8,306,2.6143790849673203,4,ok
anehappp,8,306,2.6143790849673203,4,ok
aruru753,8,306,2.6143790849673203,4,ok
Ask_08410,8,306,2.6143790849673203,4,ok
assimaP,8,306,2.6143790849673203,4,ok
az_neko,8,306,2.6143790849673203,4,ok
bakedpaked,8,306,2.6143790849673203,4,ok
bf_yousuke,8,306,2.6143790849673203,4,ok
books0123,8,306,2.6143790849673203,4,ok
bvb7aqa,8,306,2.6143790849673203,4,ok
chukaTama,8,306,2.6143790849673203,4,ok
D_maNNNNNNN,8,306,2.6143790849673203,4,ok
ddufflee,8,306,2.6143790849673203,4,ok
ebipon_,8,306,2.6143790849673203,4,ok
engan10,8,306,2.6143790849673203,4,ok
eventersholiday,8,306,2.6143790849673203,4,ok
Garchomp1227,8,306,2.6143790849673203,4,ok
gudapoyo,8,306,2.6143790849673203,4,ok
H_Sphere,8,306,2.6143790849673203,4,ok
hachi_180,8,306,2.6143790849673203,4,ok
haru_nyanjolno,8,306,2.6143790849673203,4,ok
hata_sunshine,8,306,2.6143790849673203,4,ok
hironow,8,306,2.6143790849673203,4,ok
hirota8016,8,306,2.6143790849673203,4,ok
HT_YUNMISA,8,306,2.6143790849673203,4,ok
ilvliv0711,8,306,2.6143790849673203,4,ok
imlugipi,8,306,2.6143790849673203,4,ok
ina,8,306,2.6143790849673203,4,ok
index_02x,8,306,2.6143790849673203,4,ok
kazumasak,8,306,2.6143790849673203,4,ok
Keriusa,8,306,2.6143790849673203,4,ok
kevin_miku,8,306,2.6143790849673203,4,ok
Kirishimamoe,8,306,2.6143790849673203,4,ok
ko_khrono,8,306,2.6143790849673203,4,ok
kota_is_1024,8,306,2.6143790849673203,4,ok
Kuratti14,8,306,2.6143790849673203,4,ok
Lambda_zikkyou,8,306,2.6143790849673203,4,ok
lethargyproject,8,306,2.6143790849673203,4,ok
Lmim0_0,8,306,2.6143790849673203,4,ok
Makigi_firewood,8,306,2.6143790849673203,4,ok
mariandobna,8,306,2.6143790849673203,4,ok
mi_xll_llx_85,8,306,2.6143790849673203,4,ok
mmts_hobby,8,306,2.6143790849673203,4,ok
mugitu_9,8,306,2.6143790849673203,4,ok
muhumuhudainama,8,306,2.6143790849673203,4,ok
Muucyo_h,8,306,2.6143790849673203,4,ok
nana_mizuki,8,306,2.6143790849673203,4,ok
nanochan39,8,306,2.6143790849673203,4,ok
napa9874,8,306,2.6143790849673203,4,ok
Neo_venezia,8,306,2.6143790849673203,4,ok
ng2534,8,306,2.6143790849673203,4,ok
ngee_k,8,306,2.6143790849673203,4,ok
niconeco_muse,8,306,2.6143790849673203,4,ok
nito_jim,8,306,2.6143790849673203,4,ok
nukanikugi_al,8,306,2.6143790849673203,4,ok
ochamaaya,8,306,2.6143790849673203,4,ok
OnepOda,8,306,2.6143790849673203,4,ok
oNsk_insk,8,306,2.6143790849673203,4,ok
ooooonaoooooo,8,306,2.6143790849673203,4,ok
optitriton,8,306,2.6143790849673203,4,ok
orca_bronze,8,306,2.6143790849673203,4,ok
pikkoro0424,8,306,2.6143790849673203,4,ok
psychorize,8,306,2.6143790849673203,4,ok
rapu_minto,8,306,2.6143790849673203,4,ok
rm1521ta,8,306,2.6143790849673203,4,ok
rook_fam,8,306,2.6143790849673203,4,ok
ryochan_1016,8,306,2.6143790849673203,4,ok
sheltylover,8,306,2.6143790849673203,4,ok
sleeping_car,8,306,2.6143790849673203,4,ok
SNoWRaiN00121,8,306,2.6143790849673203,4,ok
stealthtina,8,306,2.6143790849673203,4,ok
syo_asms,8,306,2.6143790849673203,4,ok
Takeyan2525,8,306,2.6143790849673203,4,ok
tsk_113,8,306,2.6143790849673203,4,ok
twu_417,8,306,2.6143790849673203,4,ok
UmiBear,8,306,2.6143790849673203,4,ok
wcat_syun,8,306,2.6143790849673203,4,ok
winter2y,8,306,2.6143790849673203,4,ok
Yaby_T,8,306,2.6143790849673203,4,ok
yasu0409,8,306,2.6143790849673203,4,ok
yng_nans,8,306,2.6143790849673203,4,ok
yo_si_o,8,306,2.6143790849673203,4,ok
yoshukun,8,306,2.6143790849673203,4,ok
yuzuriha_miki,8,306,2.6143790849673203,4,ok
zorozoro11jp,8,306,2.6143790849673203,4,ok
0x55,8,306,2.6143790849673203,3,ok
150_yen,8,306,2.6143790849673203,3,ok
1610_etoile_um,8,306,2.6143790849673203,3,ok
186new_world2,8,306,2.6143790849673203,3,ok
28Eebs,8,306,2.6143790849673203,3,ok
9_696_,8,306,2.6143790849673203,3,ok
____arke,8,306,2.6143790849673203,3,ok
__glf,8,306,2.6143790849673203,3,ok
_kai_S27,8,306,2.6143790849673203,3,ok
_morhythm_,8,306,2.6143790849673203,3,ok
a__yuki,8,306,2.6143790849673203,3,ok
acness_music,8,306,2.6143790849673203,3,ok
Alastairtzh,8,306,2.6143790849673203,3,ok
amefuru,8,306,2.6143790849673203,3,ok
anchan0104,8,306,2.6143790849673203,3,ok
ao3,8,306,2.6143790849673203,3,ok
aoi_maru283,8,306,2.6143790849673203,3,ok
aonotami,8,306,2.6143790849673203,3,ok
arcobalenorider,8,306,2.6143790849673203,3,ok
askrmm_mknudn,8,306,2.6143790849673203,3,ok
asterion,8,306,2.6143790849673203,3,ok
bati77,8,306,2.6143790849673203,3,ok
bluesky1226sora,8,306,2.6143790849673203,3,ok
bot191945450000,8,306,2.6143790849673203,3,ok
burst_ad,8,306,2.6143790849673203,3,ok
charles_hvz,8,306,2.6143790849673203,3,ok
chimasm,8,306,2.6143790849673203,3,ok
chinomia,8,306,2.6143790849673203,3,ok
chowhin1996,8,306,2.6143790849673203,3,ok
chrhzy,8,306,2.6143790849673203,3,ok
Concre,8,306,2.6143790849673203,3,ok
cooolest2345,8,306,2.6143790849673203,3,ok
Curry_ha_umai,8,306,2.6143790849673203,3,ok
Daikon00815,8,306,2.6143790849673203,3,ok
DailyNanmin,8,306,2.6143790849673203,3,ok
Daityan13,8,306,2.6143790849673203,3,ok
danchii_wota,8,306,2.6143790849673203,3,ok
DarkyoNeru,8,306,2.6143790849673203,3,ok
denntyuu5252,8,306,2.6143790849673203,3,ok
docpe_sg,8,306,2.6143790849673203,3,ok
doitdoit54,8,306,2.6143790849673203,3,ok
domdom,8,306,2.6143790849673203,3,ok
donnay1224,8,306,2.6143790849673203,3,ok
Dream__Nozomi,8,306,2.6143790849673203,3,ok
e34JqMiZwEIn53m,8,306,2.6143790849673203,3,ok
eithea_,8,306,2.6143790849673203,3,ok
ELLU0624,8,306,2.6143790849673203,3,ok
extatara,8,306,2.6143790849673203,3,ok
fate019,8,306,2.6143790849673203,3,ok
fonfo_n,8,306,2.6143790849673203,3,ok
fukkun_java,8,306,2.6143790849673203,3,ok
ganjin_kanan,8,306,2.6143790849673203,3,ok
gombebebe,8,306,2.6143790849673203,3,ok
gurupon_,8,306,2.6143790849673203,3,ok
Hachi_Madoka,8,306,2.6143790849673203,3,ok
hihouden,8,306,2.6143790849673203,3,ok
Hinyora0415,8,306,2.6143790849673203,3,ok
horosama6318,8,306,2.6143790849673203,3,ok
htf_its,8,306,2.6143790849673203,3,ok
hym00,8,306,2.6143790849673203,3,ok
ide_nagasaki,8,306,2.6143790849673203,3,ok
iKuxlim45DriMBg,8,306,2.6143790849673203,3,ok
IlwD6kfrGUMpth3,8,306,2.6143790849673203,3,ok
imas765,8,306,2.6143790849673203,3,ok
irukasan24,8,306,2.6143790849673203,3,ok
iS2rnt,8,306,2.6143790849673203,3,ok
itayebi,8,306,2.6143790849673203,3,ok
jenosidersho,8,306,2.6143790849673203,3,ok
ji4vis,8,306,2.6143790849673203,3,ok
joe__cw,8,306,2.6143790849673203,3,ok
jugon0821,8,306,2.6143790849673203,3,ok
Jun_00,8,306,2.6143790849673203,3,ok
kaayandoomone,8,306,2.6143790849673203,3,ok
Kab10_n,8,306,2.6143790849673203,3,ok
kan2_blue,8,306,2.6143790849673203,3,ok
Kanata_0624,8,306,2.6143790849673203,3,ok
kanikama373,8,306,2.6143790849673203,3,ok
kanitama_210,8,306,2.6143790849673203,3,ok
kisaragi05,8,306,2.6143790849673203,3,ok
kit_a_o,8,306,2.6143790849673203,3,ok
Koharu_rin,8,306,2.6143790849673203,3,ok
kuashikafo37,8,306,2.6143790849673203,3,ok
kubo3,8,306,2.6143790849673203,3,ok
kurimu5z,8,306,2.6143790849673203,3,ok
kyle8282,8,306,2.6143790849673203,3,ok
kyuriky_ri,8,306,2.6143790849673203,3,ok
limo_0214,8,306,2.6143790849673203,3,ok
Lu_qua_,8,306,2.6143790849673203,3,ok
makochang_,8,306,2.6143790849673203,3,ok
marogawa,8,306,2.6143790849673203,3,ok
mart_nak,8,306,2.6143790849673203,3,ok
masaki11021101,8,306,2.6143790849673203,3,ok
mayonaka_9,8,306,2.6143790849673203,3,ok
mi7na2mi7,8,306,2.6143790849673203,3,ok
miakoubai,8,306,2.6143790849673203,3,ok
mikanazuki745,8,306,2.6143790849673203,3,ok
miku_makkro1110,8,306,2.6143790849673203,3,ok
mimomimo,8,306,2.6143790849673203,3,ok
miraizuramaru,8,306,2.6143790849673203,3,ok
mitsuki_81,8,306,2.6143790849673203,3,ok
MiYAMON_2000,8,306,2.6143790849673203,3,ok
miyatan_1031,8,306,2.6143790849673203,3,ok
MiZoPen,8,306,2.6143790849673203,3,ok
mk8105,8,306,2.6143790849673203,3,ok
mochodayo0625,8,306,2.6143790849673203,3,ok
moewaka,8,306,2.6143790849673203,3,ok
MofuMopp,8,306,2.6143790849673203,3,ok
momo417maaya,8,306,2.6143790849673203,3,ok
Momo_cap625,8,306,2.6143790849673203,3,ok
mossa_3Piecer,8,306,2.6143790849673203,3,ok
My_t_s_kn,8,306,2.6143790849673203,3,ok
mya_ma_GP,8,306,2.6143790849673203,3,ok
n4170718,8,306,2.6143790849673203,3,ok
nan_sk26,8,306,2.6143790849673203,3,ok
NbrH4lnVcIMkeO0,8,306,2.6143790849673203,3,ok
O_M_E_G_A_2,8,306,2.6143790849673203,3,ok
ochaotea,8,306,2.6143790849673203,3,ok
OKJ3,8,306,2.6143790849673203,3,ok
Omizu_417,8,306,2.6143790849673203,3,ok
otaku_ikirito,8,306,2.6143790849673203,3,ok
otomarukanta,8,306,2.6143790849673203,3,ok
p0kem0n_naritai,8,306,2.6143790849673203,3,ok
panaka0109,8,306,2.6143790849673203,3,ok
parkingppp,8,306,2.6143790849673203,3,ok
pcm_kin,8,306,2.6143790849673203,3,ok
picpicpickles,8,306,2.6143790849673203,3,ok
pine_pear,8,306,2.6143790849673203,3,ok
r279797,8,306,2.6143790849673203,3,ok
R5eh17MiGC2gAbo,8,306,2.6143790849673203,3,ok
rabkooool,8,306,2.6143790849673203,3,ok
raccooo_3,8,306,2.6143790849673203,3,ok
rarii0815,8,306,2.6143790849673203,3,ok
real_folk_blues,8,306,2.6143790849673203,3,ok
rimi_sun_shine,8,306,2.6143790849673203,3,ok
RINgs_0810KT__x,8,306,2.6143790849673203,3,ok
rkzkona,8,306,2.6143790849673203,3,ok
roriyukarinLove,8,306,2.6143790849673203,3,ok
rosenritter,8,306,2.6143790849673203,3,ok
roubi_other,8,306,2.6143790849673203,3,ok
Ru2_,8,306,2.6143790849673203,3,ok
Ryu_HKNKYR,8,306,2.6143790849673203,3,ok
Ryzen_Mako,8,306,2.6143790849673203,3,ok
rz41k,8,306,2.6143790849673203,3,ok
saidai16nin,8,306,2.6143790849673203,3,ok
saitoh1013,8,306,2.6143790849673203,3,ok
Sakurane_,8,306,2.6143790849673203,3,ok
sanellie0908,8,306,2.6143790849673203,3,ok
sao_yukachi,8,306,2.6143790849673203,3,ok
senntoromea,8,306,2.6143790849673203,3,ok
seronium_2525,8,306,2.6143790849673203,3,ok
SharekoP,8,306,2.6143790849673203,3,ok
sharka_rio,8,306,2.6143790849673203,3,ok
showgoemon,8,306,2.6143790849673203,3,ok
shuu,8,306,2.6143790849673203,3,ok
SMKA,8,306,2.6143790849673203,3,ok
smkh01,8,306,2.6143790849673203,3,ok
sphere112700,8,306,2.6143790849673203,3,ok
Sweet20121114,8,306,2.6143790849673203,3,ok
taisho_kk,8,306,2.6143790849673203,3,ok
takahumi_9029,8,306,2.6143790849673203,3,ok
takeshi0714,8,306,2.6143790849673203,3,ok
tako6373,8,306,2.6143790849673203,3,ok
taso_s,8,306,2.6143790849673203,3,ok
taxi_daisuki,8,306,2.6143790849673203,3,ok
tetest,8,306,2.6143790849673203,3,ok
touka_natsu,8,306,2.6143790849673203,3,ok
toyamamidori609,8,306,2.6143790849673203,3,ok
tropikyal,8,306,2.6143790849673203,3,ok
ts20180321,8,306,2.6143790849673203,3,ok
Tuba8283,8,306,2.6143790849673203,3,ok
tubamenattou,8,306,2.6143790849673203,3,ok
twit_haraguro,8,306,2.6143790849673203,3,ok
tyoun_s,8,306,2.6143790849673203,3,ok
uesugi20,8,306,2.6143790849673203,3,ok
ume_chin_,8,306,2.6143790849673203,3,ok
undefinedSAKURA,8,306,2.6143790849673203,3,ok
unknown,8,306,2.6143790849673203,3,ok
vsw1988,8,306,2.6143790849673203,3,ok
winter_OOO17,8,306,2.6143790849673203,3,ok
xyzkiyou,8,306,2.6143790849673203,3,ok
yat261506,8,306,2.6143790849673203,3,ok
yk_1621,8,306,2.6143790849673203,3,ok
you_hysk,8,306,2.6143790849673203,3,ok
your_happyK,8,306,2.6143790849673203,3,ok
yui_galling,8,306,2.6143790849673203,3,ok
yuriyuri_norin,8,306,2.6143790849673203,3,ok
yuu_fdsa,8,306,2.6143790849673203,3,ok
zaitaku_sayona,8,306,2.6143790849673203,3,ok
zaki_eqlove,8,306,2.6143790849673203,3,ok
zee_een87,8,306,2.6143790849673203,3,ok
0214_ha,8,306,2.6143790849673203,2,ok
0nce_a_week,8,306,2.6143790849673203,2,ok
100ninkanojo,8,306,2.6143790849673203,2,ok
123456mimori,8,306,2.6143790849673203,2,ok
55motsu24,8,306,2.6143790849673203,2,ok
6otb1,8,306,2.6143790849673203,2,ok
8ki29894,8,306,2.6143790849673203,2,ok
____________m,8,306,2.6143790849673203,2,ok
_iATs_,8,306,2.6143790849673203,2,ok
ad84ni_1,8,306,2.6143790849673203,2,ok
AFK0812,8,306,2.6143790849673203,2,ok
Aitooo_to_2,8,306,2.6143790849673203,2,ok
amanojakushi,8,306,2.6143790849673203,2,ok
angrydan1120,8,306,2.6143790849673203,2,ok
atsu_atsu,8,306,2.6143790849673203,2,ok
awazi8888,8,306,2.6143790849673203,2,ok
awonwonwon,8,306,2.6143790849673203,2,ok
AyakaOhashi,8,306,2.6143790849673203,2,ok
chal0302,8,306,2.6143790849673203,2,ok
chika011203,8,306,2.6143790849673203,2,ok
clmark1990,8,306,2.6143790849673203,2,ok
Coca_leak,8,306,2.6143790849673203,2,ok
CriticalMiss,8,306,2.6143790849673203,2,ok
cromatep,8,306,2.6143790849673203,2,ok
cyber_rex6951,8,306,2.6143790849673203,2,ok
dadadada_nico,8,306,2.6143790849673203,2,ok
ddisquare,8,306,2.6143790849673203,2,ok
enchou_P,8,306,2.6143790849673203,2,ok
erutaya,8,306,2.6143790849673203,2,ok
esca,8,306,2.6143790849673203,2,ok
esegawa,8,306,2.6143790849673203,2,ok
famiresking,8,306,2.6143790849673203,2,ok
flowerT_T,8,306,2.6143790849673203,2,ok
flowerT_T60321,8,306,2.6143790849673203,2,ok
fogfran666,8,306,2.6143790849673203,2,ok
furau_sif,8,306,2.6143790849673203,2,ok
gg,8,306,2.6143790849673203,2,ok
ghykm04d12,8,306,2.6143790849673203,2,ok
Glacia_rider,8,306,2.6143790849673203,2,ok
Ham_teru,8,306,2.6143790849673203,2,ok
haniwa1192,8,306,2.6143790849673203,2,ok
harukas_sphere,8,306,2.6143790849673203,2,ok
hironaaa_,8,306,2.6143790849673203,2,ok
hkrwa,8,306,2.6143790849673203,2,ok
hmhmxoxo,8,306,2.6143790849673203,2,ok
hrn_mimoyunan,8,306,2.6143790849673203,2,ok
hunnsuasp,8,306,2.6143790849673203,2,ok
hyt,8,306,2.6143790849673203,2,ok
i_kanransya,8,306,2.6143790849673203,2,ok
Ieki_i,8,306,2.6143790849673203,2,ok
iori_kanaroa,8,306,2.6143790849673203,2,ok
Irodori2007,8,306,2.6143790849673203,2,ok
jiss0213,8,306,2.6143790849673203,2,ok
junya_suminari,8,306,2.6143790849673203,2,ok
Jyoma_koma0612,8,306,2.6143790849673203,2,ok
kaiminako0617,8,306,2.6143790849673203,2,ok
kaku111,8,306,2.6143790849673203,2,ok
kanaloa_idol,8,306,2.6143790849673203,2,ok
Karenguruma,8,306,2.6143790849673203,2,ok
katakuri_naka,8,306,2.6143790849673203,2,ok
kawabata5kame,8,306,2.6143790849673203,2,ok
keepest21,8,306,2.6143790849673203,2,ok
keith_adevfS,8,306,2.6143790849673203,2,ok
kentafc39,8,306,2.6143790849673203,2,ok
kidatarou,8,306,2.6143790849673203,2,ok
kinoshita__P,8,306,2.6143790849673203,2,ok
kkkkkbbbbbbbb,8,306,2.6143790849673203,2,ok
kogeko_lovelive,8,306,2.6143790849673203,2,ok
kukuru0601,8,306,2.6143790849673203,2,ok
kunmaru0221,8,306,2.6143790849673203,2,ok
kussunn_aina,8,306,2.6143790849673203,2,ok
ma920777,8,306,2.6143790849673203,2,ok
Maka09678920,8,306,2.6143790849673203,2,ok
makopuyochan,8,306,2.6143790849673203,2,ok
Malche0311,8,306,2.6143790849673203,2,ok
masa2nd_m,8,306,2.6143790849673203,2,ok
Masa39,8,306,2.6143790849673203,2,ok
masahase_mh,8,306,2.6143790849673203,2,ok
maya_1516,8,306,2.6143790849673203,2,ok
mazonde_deli,8,306,2.6143790849673203,2,ok
miku_himi_,8,306,2.6143790849673203,2,ok
miyu_asss,8,306,2.6143790849673203,2,ok
mocomc,8,306,2.6143790849673203,2,ok
morizo41,8,306,2.6143790849673203,2,ok
mt950736,8,306,2.6143790849673203,2,ok
MT_zacho,8,306,2.6143790849673203,2,ok
muaqnili,8,306,2.6143790849673203,2,ok
muwcat_spirit,8,306,2.6143790849673203,2,ok
N_kira24,8,306,2.6143790849673203,2,ok
n_y_m_,8,306,2.6143790849673203,2,ok
nade1818,8,306,2.6143790849673203,2,ok
nato_blooming,8,306,2.6143790849673203,2,ok
naumanzou,8,306,2.6143790849673203,2,ok
ncl_K151,8,306,2.6143790849673203,2,ok
Nishi_nishi,8,306,2.6143790849673203,2,ok
nkmrhn,8,306,2.6143790849673203,2,ok
nks_1_4,8,306,2.6143790849673203,2,ok
nn6cy,8,306,2.6143790849673203,2,ok
noritamachi,8,306,2.6143790849673203,2,ok
ny_egg,8,306,2.6143790849673203,2,ok
nyanzwei,8,306,2.6143790849673203,2,ok
ohtsuki_zunko,8,306,2.6143790849673203,2,ok
okap_mgc,8,306,2.6143790849673203,2,ok
omizu,8,306,2.6143790849673203,2,ok
onion_kid_303,8,306,2.6143790849673203,2,ok
pabur0n,8,306,2.6143790849673203,2,ok
papalive2016,8,306,2.6143790849673203,2,ok
pastelcolor777,8,306,2.6143790849673203,2,ok
platinablue,8,306,2.6143790849673203,2,ok
popopanzer,8,306,2.6143790849673203,2,ok
qsls7ovl,8,306,2.6143790849673203,2,ok
queenie_skn,8,306,2.6143790849673203,2,ok
Rainswas,8,306,2.6143790849673203,2,ok
reflecit,8,306,2.6143790849673203,2,ok
reiya_ys,8,306,2.6143790849673203,2,ok
RiceballDino,8,306,2.6143790849673203,2,ok
Rika_UsaminP,8,306,2.6143790849673203,2,ok
Rikka_Rikka_6,8,306,2.6143790849673203,2,ok
ringo183813,8,306,2.6143790849673203,2,ok
rktoooo919,8,306,2.6143790849673203,2,ok
saitankantyo,8,306,2.6143790849673203,2,ok
sakura_26,8,306,2.6143790849673203,2,ok
satan_kind,8,306,2.6143790849673203,2,ok
shadowsp388,8,306,2.6143790849673203,2,ok
shinkeihan6350,8,306,2.6143790849673203,2,ok
shuka_3818,8,306,2.6143790849673203,2,ok
signifiant,8,306,2.6143790849673203,2,ok
smhtoa0417,8,306,2.6143790849673203,2,ok
soso_yuNo1,8,306,2.6143790849673203,2,ok
SS23hs,8,306,2.6143790849673203,2,ok
suama_ayu,8,306,2.6143790849673203,2,ok
sysndhy7911,8,306,2.6143790849673203,2,ok
Tai_Rin_111_2,8,306,2.6143790849673203,2,ok
take_gushi,8,306,2.6143790849673203,2,ok
teru_no_horn,8,306,2.6143790849673203,2,ok
tk4_m48,8,306,2.6143790849673203,2,ok
TkmixT,8,306,2.6143790849673203,2,ok
toaru_pawapro,8,306,2.6143790849673203,2,ok
toaruorz,8,306,2.6143790849673203,2,ok
tokc26,8,306,2.6143790849673203,2,ok
TourMitsuki,8,306,2.6143790849673203,2,ok
uekamiii,8,306,2.6143790849673203,2,ok
UTxTU29,8,306,2.6143790849673203,2,ok
watanabeyosoro2,8,306,2.6143790849673203,2,ok
Whitepink,8,306,2.6143790849673203,2,ok
WwXxHaruTwWxX,8,306,2.6143790849673203,2,ok
xa14_03,8,306,2.6143790849673203,2,ok
xac,8,306,2.6143790849673203,2,ok
Yamap17,8,306,2.6143790849673203,2,ok
yqmqto822,8,306,2.6143790849673203,2,ok
Yu_sharp,8,306,2.6143790849673203,2,ok
yukiusagi___3,8,306,2.6143790849673203,2,ok
yukiyoisgod,8,306,2.6143790849673203,2,ok
yuma.masu.0929,8,306,2.6143790849673203,2,ok
yuyu_nnnnn123,8,306,2.6143790849673203,2,ok
12king02,8,306,2.6143790849673203,1,ok
49Xill,8,306,2.6143790849673203,1,ok
9_Yakitori,8,306,2.6143790849673203,1,ok
act_IMCG,8,306,2.6143790849673203,1,ok
alazuram_J_D,8,306,2.6143790849673203,1,ok
Asamin_2525_,8,306,2.6143790849673203,1,ok
canon_pri,8,306,2.6143790849673203,1,ok
dondon,8,306,2.6143790849673203,1,ok
dondonmito,8,306,2.6143790849673203,1,ok
doragonvista,8,306,2.6143790849673203,1,ok
Dreamy_rain,8,306,2.6143790849673203,1,ok
fulampneel,8,306,2.6143790849673203,1,ok
GramarasBody,8,306,2.6143790849673203,1,ok
haru0410,8,306,2.6143790849673203,1,ok
hobby_soha,8,306,2.6143790849673203,1,ok
ilovefeena61818,8,306,2.6143790849673203,1,ok
INOUESON,8,306,2.6143790849673203,1,ok
IqT3k,8,306,2.6143790849673203,1,ok
Kinoko_0609,8,306,2.6143790849673203,1,ok
kishow_HLSY,8,306,2.6143790849673203,1,ok
kiwi_ears,8,306,2.6143790849673203,1,ok
kmyn758m,8,306,2.6143790849673203,1,ok
mep_beru_N,8,306,2.6143790849673203,1,ok
mt_enchan,8,306,2.6143790849673203,1,ok
nibaba,8,306,2.6143790849673203,1,ok
nigimashome,8,306,2.6143790849673203,1,ok
oden,8,306,2.6143790849673203,1,ok
orihara_rurei_p,8,306,2.6143790849673203,1,ok
pngn_34,8,306,2.6143790849673203,1,ok
pokadeqgt,8,306,2.6143790849673203,1,ok
saachimos,8,306,2.6143790849673203,1,ok
sikosimaikisugi,8,306,2.6143790849673203,1,ok
SLV_111,8,306,2.6143790849673203,1,ok
sorazirou,8,306,2.6143790849673203,1,ok
SoULs_Y,8,306,2.6143790849673203,1,ok
suiarugurei,8,306,2.6143790849673203,1,ok
syati_haruka,8,306,2.6143790849673203,1,ok
ten_Shi_Chan,8,306,2.6143790849673203,1,ok
tono_yuki,8,306,2.6143790849673203,1,ok
whiteash9064362,8,306,2.6143790849673203,1,ok
whiteglint,8,306,2.6143790849673203,1,ok
worldwar3764192,8,306,2.6143790849673203,1,ok
yuruyuru3540,8,306,2.6143790849673203,1,ok
kina0917,7,306,2.287581699346405,10,ok
huzi0822,7,306,2.287581699346405,8,ok
Hikky_yutaka,7,306,2.287581699346405,7,ok
milmilupp,7,306,2.287581699346405,7,ok
oshimashi_DD,7,306,2.287581699346405,6,ok
vasen0218,7,306,2.287581699346405,6,ok
_KSMR_,7,306,2.287581699346405,5,ok
ehwell,7,306,2.287581699346405,5,ok
hatsuto0204,7,306,2.287581699346405,5,ok
isone_k,7,306,2.287581699346405,5,ok
kaze_tiger,7,306,2.287581699346405,5,ok
mim_apple,7,306,2.287581699346405,5,ok
motan_1208,7,306,2.287581699346405,5,ok
PandaPoada,7,306,2.287581699346405,5,ok
sak,7,306,2.287581699346405,5,ok
syuse_kin,7,306,2.287581699346405,5,ok
taicho_S_Trick,7,306,2.287581699346405,5,ok
takema0220,7,306,2.287581699346405,5,ok
tpoc_yukimi,7,306,2.287581699346405,5,ok
yuhi_6dwkk5,7,306,2.287581699346405,5,ok
yui_iori_1018,7,306,2.287581699346405,5,ok
0_t0m0,7,306,2.287581699346405,4,ok
1emon794,7,306,2.287581699346405,4,ok
21Whistle,7,306,2.287581699346405,4,ok
2469Takenoko,7,306,2.287581699346405,4,ok
4510114,7,306,2.287581699346405,4,ok
_seimu,7,306,2.287581699346405,4,ok
a34n_,7,306,2.287581699346405,4,ok
absorba24,7,306,2.287581699346405,4,ok
Ajumaaya_gori,7,306,2.287581699346405,4,ok
araburuP,7,306,2.287581699346405,4,ok
atsugarisann,7,306,2.287581699346405,4,ok
bdsonnnai,7,306,2.287581699346405,4,ok
busido_transam,7,306,2.287581699346405,4,ok
C2lariS,7,306,2.287581699346405,4,ok
curemagical1112,7,306,2.287581699346405,4,ok
daida_homerun,7,306,2.287581699346405,4,ok
darusugi,7,306,2.287581699346405,4,ok
Ebi_Harumaki346,7,306,2.287581699346405,4,ok
einya_muttan,7,306,2.287581699346405,4,ok
ftyh99,7,306,2.287581699346405,4,ok
gmalive55,7,306,2.287581699346405,4,ok
halconvert_MN19,7,306,2.287581699346405,4,ok
hamunmun,7,306,2.287581699346405,4,ok
hidesanndesuyo_,7,306,2.287581699346405,4,ok
hino0415,7,306,2.287581699346405,4,ok
hiropan_nm7,7,306,2.287581699346405,4,ok
i_kentasu,7,306,2.287581699346405,4,ok
IWASE_MUGEN2012,7,306,2.287581699346405,4,ok
iwtk_anime,7,306,2.287581699346405,4,ok
kabarai69,7,306,2.287581699346405,4,ok
kannya_umi_34,7,306,2.287581699346405,4,ok
kanta_sabu,7,306,2.287581699346405,4,ok
karakida,7,306,2.287581699346405,4,ok
katakiri119,7,306,2.287581699346405,4,ok
katsuraba_2002,7,306,2.287581699346405,4,ok
kebizou72_live,7,306,2.287581699346405,4,ok
keitaUPDATE,7,306,2.287581699346405,4,ok
Kim_KSL_Nanoha,7,306,2.287581699346405,4,ok
kojiita171,7,306,2.287581699346405,4,ok
kotonico11,7,306,2.287581699346405,4,ok
kotori440,7,306,2.287581699346405,4,ok
ku1901ys00,7,306,2.287581699346405,4,ok
kuroho0920,7,306,2.287581699346405,4,ok
limp_live,7,306,2.287581699346405,4,ok
liptonszk,7,306,2.287581699346405,4,ok
millionms,7,306,2.287581699346405,4,ok
mimiyoooon,7,306,2.287581699346405,4,ok
mitsumasa614,7,306,2.287581699346405,4,ok
mizuno265,7,306,2.287581699346405,4,ok
mohharu,7,306,2.287581699346405,4,ok
mrin12345,7,306,2.287581699346405,4,ok
N_che6,7,306,2.287581699346405,4,ok
nakkyu3,7,306,2.287581699346405,4,ok
nanikana,7,306,2.287581699346405,4,ok
nastufairytail1,7,306,2.287581699346405,4,ok
ninnin2896,7,306,2.287581699346405,4,ok
noriki2691,7,306,2.287581699346405,4,ok
nsm_k,7,306,2.287581699346405,4,ok
pattai_nakayann,7,306,2.287581699346405,4,ok
pepperBBA,7,306,2.287581699346405,4,ok
raikoh_53,7,306,2.287581699346405,4,ok
rhymesaver_99,7,306,2.287581699346405,4,ok
rinnnse_4,7,306,2.287581699346405,4,ok
roger_flower,7,306,2.287581699346405,4,ok
RUGGER_BEER,7,306,2.287581699346405,4,ok
ryunosuke_N,7,306,2.287581699346405,4,ok
S_toppi,7,306,2.287581699346405,4,ok
seiken1031,7,306,2.287581699346405,4,ok
SuperNova1987L,7,306,2.287581699346405,4,ok
suzaq_vo,7,306,2.287581699346405,4,ok
svyuri_329,7,306,2.287581699346405,4,ok
taka_vr7,7,306,2.287581699346405,4,ok
tkhr_taso_1991,7,306,2.287581699346405,4,ok
tojokoneko,7,306,2.287581699346405,4,ok
Tsuranue,7,306,2.287581699346405,4,ok
umikamome1134,7,306,2.287581699346405,4,ok
Uuuuuyui,7,306,2.287581699346405,4,ok
w_onderstella,7,306,2.287581699346405,4,ok
wingzero.ew175,7,306,2.287581699346405,4,ok
worry19980521,7,306,2.287581699346405,4,ok
xf3s1,7,306,2.287581699346405,4,ok
yellowdayoo1214,7,306,2.287581699346405,4,ok
yoshi49240302,7,306,2.287581699346405,4,ok
yuenhotung1,7,306,2.287581699346405,4,ok
yui_vegeta,7,306,2.287581699346405,4,ok
zwy1996,7,306,2.287581699346405,4,ok
07zukin,7,306,2.287581699346405,3,ok
240303i,7,306,2.287581699346405,3,ok
2masyuko7,7,306,2.287581699346405,3,ok
3125Y,7,306,2.287581699346405,3,ok
7885konTv,7,306,2.287581699346405,3,ok
7LONELIEST_BABY,7,306,2.287581699346405,3,ok
_ciamely,7,306,2.287581699346405,3,ok
_old_demon,7,306,2.287581699346405,3,ok
_RyoCh1n_,7,306,2.287581699346405,3,ok
AC_glst,7,306,2.287581699346405,3,ok
akane18_8810,7,306,2.287581699346405,3,ok
akatsuki313,7,306,2.287581699346405,3,ok
akira_typen_,7,306,2.287581699346405,3,ok
akiyuki077,7,306,2.287581699346405,3,ok
alpacachun37,7,306,2.287581699346405,3,ok
Amuldyme,7,306,2.287581699346405,3,ok
anton7125,7,306,2.287581699346405,3,ok
aoimeido,7,306,2.287581699346405,3,ok
aosora_blue,7,306,2.287581699346405,3,ok
apple56koucha,7,306,2.287581699346405,3,ok
Appple_Knight,7,306,2.287581699346405,3,ok
asahina0625,7,306,2.287581699346405,3,ok
ashinano,7,306,2.287581699346405,3,ok
avcds303,7,306,2.287581699346405,3,ok
bmmxxx,7,306,2.287581699346405,3,ok
bukkowarechimae,7,306,2.287581699346405,3,ok
burokkoly,7,306,2.287581699346405,3,ok
Challenger,7,306,2.287581699346405,3,ok
chaos123,7,306,2.287581699346405,3,ok
chikapon0227,7,306,2.287581699346405,3,ok
chinotn,7,306,2.287581699346405,3,ok
chomin_kenshin,7,306,2.287581699346405,3,ok
CLASHVIP99999,7,306,2.287581699346405,3,ok
CtPJ3yZvBJYgg2u,7,306,2.287581699346405,3,ok
CV_TANMEN,7,306,2.287581699346405,3,ok
daa10shi,7,306,2.287581699346405,3,ok
date1600,7,306,2.287581699346405,3,ok
detakoko,7,306,2.287581699346405,3,ok
df11g_hainandao,7,306,2.287581699346405,3,ok
dtram_,7,306,2.287581699346405,3,ok
e___mos,7,306,2.287581699346405,3,ok
el_number,7,306,2.287581699346405,3,ok
ercmmr,7,306,2.287581699346405,3,ok
Eureka702_koito,7,306,2.287581699346405,3,ok
f2sk,7,306,2.287581699346405,3,ok
Fabre_yryr,7,306,2.287581699346405,3,ok
fatenorthern666,7,306,2.287581699346405,3,ok
flacra_kk,7,306,2.287581699346405,3,ok
Frostli2000,7,306,2.287581699346405,3,ok
gallwatch,7,306,2.287581699346405,3,ok
gastonlau11,7,306,2.287581699346405,3,ok
gjmram,7,306,2.287581699346405,3,ok
gmbwi,7,306,2.287581699346405,3,ok
gooner,7,306,2.287581699346405,3,ok
GoshZ,7,306,2.287581699346405,3,ok
GuuNIKI216,7,306,2.287581699346405,3,ok
haku6666,7,306,2.287581699346405,3,ok
hctgtd,7,306,2.287581699346405,3,ok
Head_Spinel,7,306,2.287581699346405,3,ok
hetawo_,7,306,2.287581699346405,3,ok
himi_purple,7,306,2.287581699346405,3,ok
honoumi7,7,306,2.287581699346405,3,ok
hots_hots,7,306,2.287581699346405,3,ok
huyuryusi,7,306,2.287581699346405,3,ok
ichika_naka,7,306,2.287581699346405,3,ok
ikeshun_fS,7,306,2.287581699346405,3,ok
inorin_mns,7,306,2.287581699346405,3,ok
Inorin_otaku,7,306,2.287581699346405,3,ok
inuinushibainu,7,306,2.287581699346405,3,ok
Isa71030,7,306,2.287581699346405,3,ok
ivo_strike,7,306,2.287581699346405,3,ok
Johannes,7,306,2.287581699346405,3,ok
Joseph_1227_imo,7,306,2.287581699346405,3,ok
kairebc,7,306,2.287581699346405,3,ok
kaja_sendai,7,306,2.287581699346405,3,ok
kaokao0806BF,7,306,2.287581699346405,3,ok
kaqurium,7,306,2.287581699346405,3,ok
kawaii_nano_c,7,306,2.287581699346405,3,ok
kazamidoriapi,7,306,2.287581699346405,3,ok
kenzo8801,7,306,2.287581699346405,3,ok
kiro0307,7,306,2.287581699346405,3,ok
KKr0331,7,306,2.287581699346405,3,ok
kskrai,7,306,2.287581699346405,3,ok
kukai,7,306,2.287581699346405,3,ok
kuromame28_1,7,306,2.287581699346405,3,ok
kyogitorokuyame,7,306,2.287581699346405,3,ok
lasanexlrmone,7,306,2.287581699346405,3,ok
LiebeSphere,7,306,2.287581699346405,3,ok
LL0609_Nozomi,7,306,2.287581699346405,3,ok
LL_andagy,7,306,2.287581699346405,3,ok
low2525m,7,306,2.287581699346405,3,ok
Lune_to_Soleil,7,306,2.287581699346405,3,ok
mct_mika08,7,306,2.287581699346405,3,ok
men_grel,7,306,2.287581699346405,3,ok
meron2521,7,306,2.287581699346405,3,ok
metamorphosesta,7,306,2.287581699346405,3,ok
mikannokawa1987,7,306,2.287581699346405,3,ok
miko11730,7,306,2.287581699346405,3,ok
mimori_slave,7,306,2.287581699346405,3,ok
minalinsky,7,306,2.287581699346405,3,ok
minamitouga,7,306,2.287581699346405,3,ok
minozyu,7,306,2.287581699346405,3,ok
mmt_blsky_r,7,306,2.287581699346405,3,ok
mochio_dayo,7,306,2.287581699346405,3,ok
mu_xn03,7,306,2.287581699346405,3,ok
mx_xn03,7,306,2.287581699346405,3,ok
nagitandayo,7,306,2.287581699346405,3,ok
Naoneru,7,306,2.287581699346405,3,ok
neoenox,7,306,2.287581699346405,3,ok
nishino101,7,306,2.287581699346405,3,ok
NolS_eve,7,306,2.287581699346405,3,ok
nosoi,7,306,2.287581699346405,3,ok
nukui1130,7,306,2.287581699346405,3,ok
obikun,7,306,2.287581699346405,3,ok
orange_umimo,7,306,2.287581699346405,3,ok
Panda_v0_0v,7,306,2.287581699346405,3,ok
pds3357,7,306,2.287581699346405,3,ok
physalis2,7,306,2.287581699346405,3,ok
pkpkpeek,7,306,2.287581699346405,3,ok
Poke_Do_Red,7,306,2.287581699346405,3,ok
pom_alice,7,306,2.287581699346405,3,ok
powderedcheese,7,306,2.287581699346405,3,ok
premb2_73,7,306,2.287581699346405,3,ok
RASEN314,7,306,2.287581699346405,3,ok
Reg1n,7,306,2.287581699346405,3,ok
Rein_hard_salt,7,306,2.287581699346405,3,ok
reki9185,7,306,2.287581699346405,3,ok
RGM_79C_WAGTAIL,7,306,2.287581699346405,3,ok
Roselia_Syu,7,306,2.287581699346405,3,ok
ruscha_,7,306,2.287581699346405,3,ok
RYR_TYMR,7,306,2.287581699346405,3,ok
sakurazaka_ok,7,306,2.287581699346405,3,ok
salmi_aki,7,306,2.287581699346405,3,ok
sarueru0424,7,306,2.287581699346405,3,ok
sawara,7,306,2.287581699346405,3,ok
seiroh_mjn,7,306,2.287581699346405,3,ok
shigeto7110,7,306,2.287581699346405,3,ok
shilk_732,7,306,2.287581699346405,3,ok
shita0114,7,306,2.287581699346405,3,ok
sht____215,7,306,2.287581699346405,3,ok
sishexen,7,306,2.287581699346405,3,ok
sizuno_k,7,306,2.287581699346405,3,ok
solapiro05921,7,306,2.287581699346405,3,ok
SoraMaru0630,7,306,2.287581699346405,3,ok
ss_shu,7,306,2.287581699346405,3,ok
ssk_0924,7,306,2.287581699346405,3,ok
susu_tr_ym,7,306,2.287581699346405,3,ok
suuouka,7,306,2.287581699346405,3,ok
systemrq_12,7,306,2.287581699346405,3,ok
tairamiz,7,306,2.287581699346405,3,ok
taka2_77,7,306,2.287581699346405,3,ok
takacharming,7,306,2.287581699346405,3,ok
tapiiiiiiiiiiio,7,306,2.287581699346405,3,ok
tatsu_813,7,306,2.287581699346405,3,ok
tessy_2002,7,306,2.287581699346405,3,ok
the7_color4,7,306,2.287581699346405,3,ok
Tianoshika,7,306,2.287581699346405,3,ok
tmspya,7,306,2.287581699346405,3,ok
tn1031,7,306,2.287581699346405,3,ok
toki,7,306,2.287581699346405,3,ok
torokan70,7,306,2.287581699346405,3,ok
toyfulbasket,7,306,2.287581699346405,3,ok
Toyomaru_Royora,7,306,2.287581699346405,3,ok
tsukapyon_tw,7,306,2.287581699346405,3,ok
tsuki07138,7,306,2.287581699346405,3,ok
ttm_jackson,7,306,2.287581699346405,3,ok
txg_fj3_2,7,306,2.287581699346405,3,ok
uenkouji,7,306,2.287581699346405,3,ok
umerin_17,7,306,2.287581699346405,3,ok
vyse,7,306,2.287581699346405,3,ok
watari_koromino,7,306,2.287581699346405,3,ok
WS_Daho,7,306,2.287581699346405,3,ok
Y6U0TPNvyFsvQq3,7,306,2.287581699346405,3,ok
y___h_0210,7,306,2.287581699346405,3,ok
Y_Sakurai_0112,7,306,2.287581699346405,3,ok
yakinikugorira,7,306,2.287581699346405,3,ok
Yakult7777,7,306,2.287581699346405,3,ok
yasumoon1606,7,306,2.287581699346405,3,ok
yin0419,7,306,2.287581699346405,3,ok
yp_dj_Rikka,7,306,2.287581699346405,3,ok
yskw0502,7,306,2.287581699346405,3,ok
yugna32,7,306,2.287581699346405,3,ok
yukinisakuhana,7,306,2.287581699346405,3,ok
yupachi,7,306,2.287581699346405,3,ok
yuuroma,7,306,2.287581699346405,3,ok
yuzufairytail,7,306,2.287581699346405,3,ok
Z__3oO,7,306,2.287581699346405,3,ok
zaki_1222_,7,306,2.287581699346405,3,ok
zakiyamaLLL,7,306,2.287581699346405,3,ok
zyawa_2,7,306,2.287581699346405,3,ok
1035aDbaf,7,306,2.287581699346405,2,ok
33_nowp,7,306,2.287581699346405,2,ok
482_482_,7,306,2.287581699346405,2,ok
4uyh,7,306,2.287581699346405,2,ok
516285705,7,306,2.287581699346405,2,ok
72_84_79,7,306,2.287581699346405,2,ok
765ttn,7,306,2.287581699346405,2,ok
7_taisa,7,306,2.287581699346405,2,ok
8chikariko9Numa,7,306,2.287581699346405,2,ok
8hcu2,7,306,2.287581699346405,2,ok
___h_in,7,306,2.287581699346405,2,ok
__stnsoO,7,306,2.287581699346405,2,ok
_ancolon_,7,306,2.287581699346405,2,ok
_glaces,7,306,2.287581699346405,2,ok
_m28_,7,306,2.287581699346405,2,ok
_peira_,7,306,2.287581699346405,2,ok
_RoseIia,7,306,2.287581699346405,2,ok
_S2064_,7,306,2.287581699346405,2,ok
abelive97,7,306,2.287581699346405,2,ok
ai7332,7,306,2.287581699346405,2,ok
aidarukako,7,306,2.287581699346405,2,ok
aikarin_26,7,306,2.287581699346405,2,ok
AinyaAinya,7,306,2.287581699346405,2,ok
aka_a_2020_1,7,306,2.287581699346405,2,ok
Altessimo_Bravo,7,306,2.287581699346405,2,ok
amgwpap23,7,306,2.287581699346405,2,ok
apolloXIII_chad,7,306,2.287581699346405,2,ok
aqours_hanamaru,7,306,2.287581699346405,2,ok
aquo_b,7,306,2.287581699346405,2,ok
ardijaswallow,7,306,2.287581699346405,2,ok
aria365akari,7,306,2.287581699346405,2,ok
arowana965,7,306,2.287581699346405,2,ok
Asakura_Momo_,7,306,2.287581699346405,2,ok
astrange_e,7,306,2.287581699346405,2,ok
azutono,7,306,2.287581699346405,2,ok
bake_0808,7,306,2.287581699346405,2,ok
bakiwo_motake,7,306,2.287581699346405,2,ok
beardy630,7,306,2.287581699346405,2,ok
Believer92612,7,306,2.287581699346405,2,ok
biribiri_LiSA16,7,306,2.287581699346405,2,ok
blueimp5,7,306,2.287581699346405,2,ok
brainstorm,7,306,2.287581699346405,2,ok
bri4515,7,306,2.287581699346405,2,ok
burmaki_eric,7,306,2.287581699346405,2,ok
buuun_furi02,7,306,2.287581699346405,2,ok
c0w0c33,7,306,2.287581699346405,2,ok
c1iff_1229,7,306,2.287581699346405,2,ok
candy0___0,7,306,2.287581699346405,2,ok
cherrymint0526a,7,306,2.287581699346405,2,ok
choco_lat_002,7,306,2.287581699346405,2,ok
Chunk_Kato,7,306,2.287581699346405,2,ok
cia.tshoh,7,306,2.287581699346405,2,ok
CU_4U,7,306,2.287581699346405,2,ok
Curley0522,7,306,2.287581699346405,2,ok
D4_Emma,7,306,2.287581699346405,2,ok
dantestinger,7,306,2.287581699346405,2,ok
denpopoi,7,306,2.287581699346405,2,ok
destinycheung,7,306,2.287581699346405,2,ok
dtbgdtet,7,306,2.287581699346405,2,ok
eg_lil,7,306,2.287581699346405,2,ok
ElectroMaster,7,306,2.287581699346405,2,ok
epcoslive,7,306,2.287581699346405,2,ok
eyeshield_2_1,7,306,2.287581699346405,2,ok
Fatenight330,7,306,2.287581699346405,2,ok
fenkx,7,306,2.287581699346405,2,ok
Fran_Minase,7,306,2.287581699346405,2,ok
furitakami_0219,7,306,2.287581699346405,2,ok
g3_oka,7,306,2.287581699346405,2,ok
g_a_n_b_a_r_u,7,306,2.287581699346405,2,ok
gacha8492,7,306,2.287581699346405,2,ok
gakkou,7,306,2.287581699346405,2,ok
Gano_ssk,7,306,2.287581699346405,2,ok
gaogao55,7,306,2.287581699346405,2,ok
gaogod,7,306,2.287581699346405,2,ok
gaoshao688,7,306,2.287581699346405,2,ok
GARNETGC,7,306,2.287581699346405,2,ok
Gozen484,7,306,2.287581699346405,2,ok
gtafannkurabu,7,306,2.287581699346405,2,ok
Gunmaman55,7,306,2.287581699346405,2,ok
gzt120310,7,306,2.287581699346405,2,ok
haleiwa99,7,306,2.287581699346405,2,ok
half_nano,7,306,2.287581699346405,2,ok
Hana_LD,7,306,2.287581699346405,2,ok
hana_ts87,7,306,2.287581699346405,2,ok
haruka72P,7,306,2.287581699346405,2,ok
hesokusasu,7,306,2.287581699346405,2,ok
HiroNc88,7,306,2.287581699346405,2,ok
hoimp,7,306,2.287581699346405,2,ok
honey,7,306,2.287581699346405,2,ok
horihori,7,306,2.287581699346405,2,ok
hutz,7,306,2.287581699346405,2,ok
I_am_Luckystar4,7,306,2.287581699346405,2,ok
IAki0722,7,306,2.287581699346405,2,ok
icerain765p,7,306,2.287581699346405,2,ok
ikarosu0909,7,306,2.287581699346405,2,ok
Ikeyo4,7,306,2.287581699346405,2,ok
iL0veYuchan,7,306,2.287581699346405,2,ok
ilya_kud,7,306,2.287581699346405,2,ok
ino_,7,306,2.287581699346405,2,ok
ipipip_ll,7,306,2.287581699346405,2,ok
Iron_hrmn,7,306,2.287581699346405,2,ok
ironheartpavel,7,306,2.287581699346405,2,ok
Ish1kavva,7,306,2.287581699346405,2,ok
itouch1210,7,306,2.287581699346405,2,ok
itsumori,7,306,2.287581699346405,2,ok
jam_seed,7,306,2.287581699346405,2,ok
k4r3t5,7,306,2.287581699346405,2,ok
k_a_n_taro,7,306,2.287581699346405,2,ok
kaaaesaru,7,306,2.287581699346405,2,ok
kagura_kyouju,7,306,2.287581699346405,2,ok
kairi4498,7,306,2.287581699346405,2,ok
kaito_suzumura,7,306,2.287581699346405,2,ok
KANI_miso___,7,306,2.287581699346405,2,ok
KanKitsLiver,7,306,2.287581699346405,2,ok
kawarunn7_7,7,306,2.287581699346405,2,ok
kaya_purple,7,306,2.287581699346405,2,ok
Kazearashi,7,306,2.287581699346405,2,ok
kazuhikoh_,7,306,2.287581699346405,2,ok
keba_kebab,7,306,2.287581699346405,2,ok
kenkey1003,7,306,2.287581699346405,2,ok
Kiramaxia,7,306,2.287581699346405,2,ok
kmstw___,7,306,2.287581699346405,2,ok
kori_chun,7,306,2.287581699346405,2,ok
Kousasa0103,7,306,2.287581699346405,2,ok
KREC,7,306,2.287581699346405,2,ok
krhk_200,7,306,2.287581699346405,2,ok
kuma,7,306,2.287581699346405,2,ok
LaLaMelticStAr_,7,306,2.287581699346405,2,ok
lanatt1011,7,306,2.287581699346405,2,ok
lanserrina,7,306,2.287581699346405,2,ok
lantis_code66f,7,306,2.287581699346405,2,ok
leigonnmea,7,306,2.287581699346405,2,ok
Lenf_F_,7,306,2.287581699346405,2,ok
leoleo0201,7,306,2.287581699346405,2,ok
Liaholic1,7,306,2.287581699346405,2,ok
LilliaSaMa,7,306,2.287581699346405,2,ok
lipps_pk,7,306,2.287581699346405,2,ok
list,7,306,2.287581699346405,2,ok
Litvyak_eil4,7,306,2.287581699346405,2,ok
LL_32tog,7,306,2.287581699346405,2,ok
localrapid,7,306,2.287581699346405,2,ok
loveHYMN18,7,306,2.287581699346405,2,ok
luckylifeman,7,306,2.287581699346405,2,ok
M2Rmn,7,306,2.287581699346405,2,ok
machiP_726,7,306,2.287581699346405,2,ok
magnumd,7,306,2.287581699346405,2,ok
majikowai,7,306,2.287581699346405,2,ok
maki_nico_0419,7,306,2.287581699346405,2,ok
makichan_kk,7,306,2.287581699346405,2,ok
makkikanja013,7,306,2.287581699346405,2,ok
MarkLeavin,7,306,2.287581699346405,2,ok
maruikonpeitou,7,306,2.287581699346405,2,ok
masaya0712,7,306,2.287581699346405,2,ok
matsuri_enji,7,306,2.287581699346405,2,ok
mayamin_sp375,7,306,2.287581699346405,2,ok
mayuki_sorahane,7,306,2.287581699346405,2,ok
mazide_kuso,7,306,2.287581699346405,2,ok
mei_load,7,306,2.287581699346405,2,ok
miisuranero,7,306,2.287581699346405,2,ok
mikukazu_aya,7,306,2.287581699346405,2,ok
mimorinpanda2,7,306,2.287581699346405,2,ok
mizu_DATEN,7,306,2.287581699346405,2,ok
mkdchin1,7,306,2.287581699346405,2,ok
mkykdnyrk,7,306,2.287581699346405,2,ok
mmitttam,7,306,2.287581699346405,2,ok
mmrankh,7,306,2.287581699346405,2,ok
mochi_109102,7,306,2.287581699346405,2,ok
monorisu,7,306,2.287581699346405,2,ok
morokoshiseijin,7,306,2.287581699346405,2,ok
mt40mh,7,306,2.287581699346405,2,ok
mumuzhizhi,7,306,2.287581699346405,2,ok
myu11245,7,306,2.287581699346405,2,ok
nannan36kai,7,306,2.287581699346405,2,ok
nino,7,306,2.287581699346405,2,ok
NiwatokoLine,7,306,2.287581699346405,2,ok
Nj75Ab,7,306,2.287581699346405,2,ok
nkh00014,7,306,2.287581699346405,2,ok
Noah_301_pri,7,306,2.287581699346405,2,ok
nuhokashi,7,306,2.287581699346405,2,ok
nyan_de_su,7,306,2.287581699346405,2,ok
o_s,7,306,2.287581699346405,2,ok
Ohoden4897,7,306,2.287581699346405,2,ok
OPP_everyday,7,306,2.287581699346405,2,ok
otogirio,7,306,2.287581699346405,2,ok
p_BNT7,7,306,2.287581699346405,2,ok
p_flandre,7,306,2.287581699346405,2,ok
pad_1341sakuya,7,306,2.287581699346405,2,ok
penguinliu1997,7,306,2.287581699346405,2,ok
pic_x_,7,306,2.287581699346405,2,ok
pin_key_711,7,306,2.287581699346405,2,ok
pinoazu,7,306,2.287581699346405,2,ok
piroshiki_og3,7,306,2.287581699346405,2,ok
pntgx506,7,306,2.287581699346405,2,ok
ponjolno_7,7,306,2.287581699346405,2,ok
purple_t32,7,306,2.287581699346405,2,ok
qazdrgbjil13579,7,306,2.287581699346405,2,ok
Ratchet0623,7,306,2.287581699346405,2,ok
refor,7,306,2.287581699346405,2,ok
renren11240516,7,306,2.287581699346405,2,ok
Rento,7,306,2.287581699346405,2,ok
reuen2015,7,306,2.287581699346405,2,ok
riririlogue,7,306,2.287581699346405,2,ok
RITZ_SAWAGUCHI,7,306,2.287581699346405,2,ok
RufausP,7,306,2.287581699346405,2,ok
rx7_13b,7,306,2.287581699346405,2,ok
ryo_smith,7,306,2.287581699346405,2,ok
ryo_taP,7,306,2.287581699346405,2,ok
saeki_Tailwind,7,306,2.287581699346405,2,ok
sanboneno,7,306,2.287581699346405,2,ok
sandoless,7,306,2.287581699346405,2,ok
saotomaruto0311,7,306,2.287581699346405,2,ok
sarasa_yoha,7,306,2.287581699346405,2,ok
seira,7,306,2.287581699346405,2,ok
Sgym,7,306,2.287581699346405,2,ok
shima37pom,7,306,2.287581699346405,2,ok
shio39,7,306,2.287581699346405,2,ok
shira_uma,7,306,2.287581699346405,2,ok
shu_thkk3,7,306,2.287581699346405,2,ok
ShungNin,7,306,2.287581699346405,2,ok
shuuuucleam_skc,7,306,2.287581699346405,2,ok
SKLL18,7,306,2.287581699346405,2,ok
smile_gang,7,306,2.287581699346405,2,ok
Snikar,7,306,2.287581699346405,2,ok
so_ryu,7,306,2.287581699346405,2,ok
soba_take,7,306,2.287581699346405,2,ok
SODANE12,7,306,2.287581699346405,2,ok
soramaru_ucchy,7,306,2.287581699346405,2,ok
Soranami,7,306,2.287581699346405,2,ok
sota0501,7,306,2.287581699346405,2,ok
spacchi,7,306,2.287581699346405,2,ok
sphere_akichan,7,306,2.287581699346405,2,ok
stm_k_1110,7,306,2.287581699346405,2,ok
supiteri,7,306,2.287581699346405,2,ok
syautakyoko,7,306,2.287581699346405,2,ok
syuzo77,7,306,2.287581699346405,2,ok
takedown2800,7,306,2.287581699346405,2,ok
taketake3277,7,306,2.287581699346405,2,ok
tamaki_is_angel,7,306,2.287581699346405,2,ok
tatsu1211k,7,306,2.287581699346405,2,ok
tatsumasa1112,7,306,2.287581699346405,2,ok
teiku_628,7,306,2.287581699346405,2,ok
tel1720,7,306,2.287581699346405,2,ok
time5249604,7,306,2.287581699346405,2,ok
TKousuke1992,7,306,2.287581699346405,2,ok
tomo__anime,7,306,2.287581699346405,2,ok
Tong,7,306,2.287581699346405,2,ok
toshibou8412,7,306,2.287581699346405,2,ok
totsumotsu,7,306,2.287581699346405,2,ok
triceratops,7,306,2.287581699346405,2,ok
ts_yamiko,7,306,2.287581699346405,2,ok
TSUBAME,7,306,2.287581699346405,2,ok
tsukiko14,7,306,2.287581699346405,2,ok
tsumotaku,7,306,2.287581699346405,2,ok
tyoroi_man0625,7,306,2.287581699346405,2,ok
tyyu25,7,306,2.287581699346405,2,ok
ucchi_da,7,306,2.287581699346405,2,ok
um,7,306,2.287581699346405,2,ok
uoko_key,7,306,2.287581699346405,2,ok
urun4m0r1,7,306,2.287581699346405,2,ok
usashiki,7,306,2.287581699346405,2,ok
Uzuma,7,306,2.287581699346405,2,ok
vpdooera,7,306,2.287581699346405,2,ok
w_ike_,7,306,2.287581699346405,2,ok
wakudiego18,7,306,2.287581699346405,2,ok
Wakui18,7,306,2.287581699346405,2,ok
wcfbgy,7,306,2.287581699346405,2,ok
WeLoveOtachi,7,306,2.287581699346405,2,ok
xiashengcnwh,7,306,2.287581699346405,2,ok
yakisoba_96,7,306,2.287581699346405,2,ok
yamada0teruwo,7,306,2.287581699346405,2,ok
yan_a_gawa,7,306,2.287581699346405,2,ok
yanagawall,7,306,2.287581699346405,2,ok
yaniga_0625,7,306,2.287581699346405,2,ok
yappari_ze,7,306,2.287581699346405,2,ok
yasaku_2,7,306,2.287581699346405,2,ok
ykw09_nekoSama,7,306,2.287581699346405,2,ok
ymatao95,7,306,2.287581699346405,2,ok
yosigood3007,7,306,2.287581699346405,2,ok
YouTube5551,7,306,2.287581699346405,2,ok
yu_to_Rr,7,306,2.287581699346405,2,ok
yui_sca22,7,306,2.287581699346405,2,ok
yuichan_love,7,306,2.287581699346405,2,ok
yukiho0717,7,306,2.287581699346405,2,ok
yukiichigo_1515,7,306,2.287581699346405,2,ok
yunight7089,7,306,2.287581699346405,2,ok
yuritu345p,7,306,2.287581699346405,2,ok
zerokaratugihe,7,306,2.287581699346405,2,ok
zeruga20160822,7,306,2.287581699346405,2,ok
zuber_49,7,306,2.287581699346405,2,ok
5HUF3N,7,306,2.287581699346405,1,ok
Aboon999,7,306,2.287581699346405,1,ok
achiwa0109,7,306,2.287581699346405,1,ok
aimyo_sound,7,306,2.287581699346405,1,ok
Alkeides_,7,306,2.287581699346405,1,ok
argentarcturus061,7,306,2.287581699346405,1,ok
asatsuki00,7,306,2.287581699346405,1,ok
BangDream0823_1,7,306,2.287581699346405,1,ok
bayotaku7233,7,306,2.287581699346405,1,ok
bcgnet,7,306,2.287581699346405,1,ok
blackjokerpower,7,306,2.287581699346405,1,ok
bmhj_s,7,306,2.287581699346405,1,ok
cha_yukachi,7,306,2.287581699346405,1,ok
chang_some,7,306,2.287581699346405,1,ok
Chiyo,7,306,2.287581699346405,1,ok
Chiyo283,7,306,2.287581699346405,1,ok
claran_lily_,7,306,2.287581699346405,1,ok
ContactAll,7,306,2.287581699346405,1,ok
counter_target,7,306,2.287581699346405,1,ok
dashanjianyi5,7,306,2.287581699346405,1,ok
degitalclone,7,306,2.287581699346405,1,ok
dmqc_0179,7,306,2.287581699346405,1,ok
dotenechi,7,306,2.287581699346405,1,ok
eilee0421,7,306,2.287581699346405,1,ok
Erimarome,7,306,2.287581699346405,1,ok
gaillardia1130,7,306,2.287581699346405,1,ok
gentoh816live,7,306,2.287581699346405,1,ok
GSzuki,7,306,2.287581699346405,1,ok
H0702K,7,306,2.287581699346405,1,ok
hako_sneg,7,306,2.287581699346405,1,ok
hakyak,7,306,2.287581699346405,1,ok
hanairoparka,7,306,2.287581699346405,1,ok
Harrison_0912P,7,306,2.287581699346405,1,ok
hata_yoshi,7,306,2.287581699346405,1,ok
Hazel39261522,7,306,2.287581699346405,1,ok
hsu_yu19,7,306,2.287581699346405,1,ok
ht_poke,7,306,2.287581699346405,1,ok
Hunamori,7,306,2.287581699346405,1,ok
inuikasa,7,306,2.287581699346405,1,ok
kazetta,7,306,2.287581699346405,1,ok
kevo31415,7,306,2.287581699346405,1,ok
komenyan_kichi,7,306,2.287581699346405,1,ok
Kuosai35,7,306,2.287581699346405,1,ok
larirulero,7,306,2.287581699346405,1,ok
LL07888177,7,306,2.287581699346405,1,ok
M_Sky_Myu,7,306,2.287581699346405,1,ok
Mackey_MH,7,306,2.287581699346405,1,ok
mainiti11r,7,306,2.287581699346405,1,ok
maitasochan_,7,306,2.287581699346405,1,ok
marco_ma9,7,306,2.287581699346405,1,ok
masiro_risa,7,306,2.287581699346405,1,ok
matsumiluna,7,306,2.287581699346405,1,ok
MaynLisa,7,306,2.287581699346405,1,ok
mitchy_1423,7,306,2.287581699346405,1,ok
mochimochiymn,7,306,2.287581699346405,1,ok
murukanon0102,7,306,2.287581699346405,1,ok
MUSIC_of_DREAM1,7,306,2.287581699346405,1,ok
nasu_ia,7,306,2.287581699346405,1,ok
nighthead428615,7,306,2.287581699346405,1,ok
oiod,7,306,2.287581699346405,1,ok
one_of_P,7,306,2.287581699346405,1,ok
oonodayoo,7,306,2.287581699346405,1,ok
owarima4tan,7,306,2.287581699346405,1,ok
passion_HY,7,306,2.287581699346405,1,ok
precious_light,7,306,2.287581699346405,1,ok
r_ek_nep,7,306,2.287581699346405,1,ok
rdos92,7,306,2.287581699346405,1,ok
re_do_mshh,7,306,2.287581699346405,1,ok
renn_aoi,7,306,2.287581699346405,1,ok
reo04282,7,306,2.287581699346405,1,ok
ribu0niitigo,7,306,2.287581699346405,1,ok
roselia1026A,7,306,2.287581699346405,1,ok
ryu_anifes,7,306,2.287581699346405,1,ok
ryuako_t7s,7,306,2.287581699346405,1,ok
S2whitezero,7,306,2.287581699346405,1,ok
S_bP_,7,306,2.287581699346405,1,ok
sarind_1,7,306,2.287581699346405,1,ok
sasa_hnrn,7,306,2.287581699346405,1,ok
shamerojuudi,7,306,2.287581699346405,1,ok
SharkGKoen,7,306,2.287581699346405,1,ok
shion_BanDre,7,306,2.287581699346405,1,ok
shishenmingri,7,306,2.287581699346405,1,ok
sigh_lost,7,306,2.287581699346405,1,ok
sony1118,7,306,2.287581699346405,1,ok
sorineru21,7,306,2.287581699346405,1,ok
suki_yuina,7,306,2.287581699346405,1,ok
sutoya255,7,306,2.287581699346405,1,ok
taka_masa24,7,306,2.287581699346405,1,ok
TakanashiYS,7,306,2.287581699346405,1,ok
takaya.yamaguchi.0804,7,306,2.287581699346405,1,ok
tan_tan_th,7,306,2.287581699346405,1,ok
totsu_music311,7,306,2.287581699346405,1,ok
tsubutaka2D,7,306,2.287581699346405,1,ok
U1animegame,7,306,2.287581699346405,1,ok
ukita_p,7,306,2.287581699346405,1,ok
UMA,7,306,2.287581699346405,1,ok
UMANOHONE,7,306,2.287581699346405,1,ok
vaepo,7,306,2.287581699346405,1,ok
W4LPvtc7FzoWiRR,7,306,2.287581699346405,1,ok
waytocontinue,7,306,2.287581699346405,1,ok
WDVlO9DczPjnc7X,7,306,2.287581699346405,1,ok
wugluv,7,306,2.287581699346405,1,ok
yabu_ydotatinn,7,306,2.287581699346405,1,ok
yhytnmpr,7,306,2.287581699346405,1,ok
yuckysora08,7,306,2.287581699346405,1,ok
yujitter,7,306,2.287581699346405,1,ok
yume_zwie,7,306,2.287581699346405,1,ok
yutohieratic,7,306,2.287581699346405,1,ok
yuumasem,7,306,2.287581699346405,1,ok
yuzu_grp,7,306,2.287581699346405,1,ok
C_Y_B_E_R,6,306,1.9607843137254901,9,ok
rimirin_kuma,6,306,1.9607843137254901,9,ok
Kappuko1,6,306,1.9607843137254901,8,ok
ya_dollar_yu,6,306,1.9607843137254901,8,ok
yaroruma,6,306,1.9607843137254901,7,ok
ixazxzo,6,306,1.9607843137254901,6,ok
soma1191,6,306,1.9607843137254901,6,ok
A_Q_U_A_R_I_U_M,6,306,1.9607843137254901,5,ok
adchir,6,306,1.9607843137254901,5,ok
gomatiyo,6,306,1.9607843137254901,5,ok
gosyogosyo,6,306,1.9607843137254901,5,ok
KirasfLi,6,306,1.9607843137254901,5,ok
makura_akari,6,306,1.9607843137254901,5,ok
minerva_sakura,6,306,1.9607843137254901,5,ok
Noritama416,6,306,1.9607843137254901,5,ok
s_pirale,6,306,1.9607843137254901,5,ok
satokun_555,6,306,1.9607843137254901,5,ok
satoshi1539,6,306,1.9607843137254901,5,ok
_akisora29,6,306,1.9607843137254901,4,ok
_ukyo_,6,306,1.9607843137254901,4,ok
A13lky,6,306,1.9607843137254901,4,ok
alfonce_s,6,306,1.9607843137254901,4,ok
b_booon51,6,306,1.9607843137254901,4,ok
GGOM0414,6,306,1.9607843137254901,4,ok
gumii496,6,306,1.9607843137254901,4,ok
Hakua,6,306,1.9607843137254901,4,ok
ice_aimin_mimo,6,306,1.9607843137254901,4,ok
K_H0729,6,306,1.9607843137254901,4,ok
kayotin44,6,306,1.9607843137254901,4,ok
m010ki,6,306,1.9607843137254901,4,ok
maron_alpha,6,306,1.9607843137254901,4,ok
miyako238,6,306,1.9607843137254901,4,ok
nunumunumununu,6,306,1.9607843137254901,4,ok
Omange_Sapphire,6,306,1.9607843137254901,4,ok
oninattsu9,6,306,1.9607843137254901,4,ok
PascalMagi,6,306,1.9607843137254901,4,ok
peko_mmrn,6,306,1.9607843137254901,4,ok
popochaan,6,306,1.9607843137254901,4,ok
rev13yn,6,306,1.9607843137254901,4,ok
sisusisu33,6,306,1.9607843137254901,4,ok
sooya0509,6,306,1.9607843137254901,4,ok
tsumie23,6,306,1.9607843137254901,4,ok
yui_akarikaren,6,306,1.9607843137254901,4,ok
yulie_taka,6,306,1.9607843137254901,4,ok
06269029,6,306,1.9607843137254901,3,ok
21_WP,6,306,1.9607843137254901,3,ok
41T0,6,306,1.9607843137254901,3,ok
7i_kento,6,306,1.9607843137254901,3,ok
7lump0,6,306,1.9607843137254901,3,ok
92_92_mon,6,306,1.9607843137254901,3,ok
9r0noapon,6,306,1.9607843137254901,3,ok
__375_,6,306,1.9607843137254901,3,ok
__yami2,6,306,1.9607843137254901,3,ok
_chihiroo,6,306,1.9607843137254901,3,ok
_GEDIBU_,6,306,1.9607843137254901,3,ok
_ie4R,6,306,1.9607843137254901,3,ok
_m_k_n_823,6,306,1.9607843137254901,3,ok
_Shiny321,6,306,1.9607843137254901,3,ok
_xvact_,6,306,1.9607843137254901,3,ok
A_sakuramochi_,6,306,1.9607843137254901,3,ok
a_yasa_miu,6,306,1.9607843137254901,3,ok
abs_revoltion,6,306,1.9607843137254901,3,ok
aguri207,6,306,1.9607843137254901,3,ok
aichan_jack10,6,306,1.9607843137254901,3,ok
Alefpyon,6,306,1.9607843137254901,3,ok
Alto_Pmas_327,6,306,1.9607843137254901,3,ok
ani_anman,6,306,1.9607843137254901,3,ok
anibaka963,6,306,1.9607843137254901,3,ok
anisupe,6,306,1.9607843137254901,3,ok
AnswerNbleu,6,306,1.9607843137254901,3,ok
Aona_qe,6,306,1.9607843137254901,3,ok
ayamekurokawa,6,306,1.9607843137254901,3,ok
beatrooper,6,306,1.9607843137254901,3,ok
Bierians,6,306,1.9607843137254901,3,ok
blue_gfs,6,306,1.9607843137254901,3,ok
Blue_tryomu,6,306,1.9607843137254901,3,ok
buhibuhiman888,6,306,1.9607843137254901,3,ok
CFRPZERO,6,306,1.9607843137254901,3,ok
ClariS_hatimitu,6,306,1.9607843137254901,3,ok
crimsondramon,6,306,1.9607843137254901,3,ok
daigolow_1,6,306,1.9607843137254901,3,ok
dandahnk_0803,6,306,1.9607843137254901,3,ok
dankichi713,6,306,1.9607843137254901,3,ok
Disgaeamad,6,306,1.9607843137254901,3,ok
DRZ400SMZ,6,306,1.9607843137254901,3,ok
es,6,306,1.9607843137254901,3,ok
Even1ng_Star,6,306,1.9607843137254901,3,ok
fast0412,6,306,1.9607843137254901,3,ok
Flying_Taiyaki,6,306,1.9607843137254901,3,ok
fugusuki,6,306,1.9607843137254901,3,ok
Gimmick_Game_7,6,306,1.9607843137254901,3,ok
guess,6,306,1.9607843137254901,3,ok
gurea_moco,6,306,1.9607843137254901,3,ok
gurumu_3,6,306,1.9607843137254901,3,ok
h235235b,6,306,1.9607843137254901,3,ok
halukusurvive,6,306,1.9607843137254901,3,ok
hamu_puyo,6,306,1.9607843137254901,3,ok
hapinerune,6,306,1.9607843137254901,3,ok
haru_tion3,6,306,1.9607843137254901,3,ok
hasemiN1208,6,306,1.9607843137254901,3,ok
Hayabusa_Maru_,6,306,1.9607843137254901,3,ok
hitachi_1562,6,306,1.9607843137254901,3,ok
homuhomu_index,6,306,1.9607843137254901,3,ok
icchan_kk,6,306,1.9607843137254901,3,ok
ichiyana,6,306,1.9607843137254901,3,ok
igaryo,6,306,1.9607843137254901,3,ok
ishita_ro,6,306,1.9607843137254901,3,ok
jm3514,6,306,1.9607843137254901,3,ok
k2ay_,6,306,1.9607843137254901,3,ok
kakip_imas2,6,306,1.9607843137254901,3,ok
kanata2912,6,306,1.9607843137254901,3,ok
kanon_822,6,306,1.9607843137254901,3,ok
KetaloChiang,6,306,1.9607843137254901,3,ok
kimitsu_emt,6,306,1.9607843137254901,3,ok
kimuchi__,6,306,1.9607843137254901,3,ok
kingridestar,6,306,1.9607843137254901,3,ok
koasowe,6,306,1.9607843137254901,3,ok
kobaken42,6,306,1.9607843137254901,3,ok
kou_ksloter,6,306,1.9607843137254901,3,ok
koume_ch,6,306,1.9607843137254901,3,ok
kuit_eve,6,306,1.9607843137254901,3,ok
KUM8_,6,306,1.9607843137254901,3,ok
kuroneo3,6,306,1.9607843137254901,3,ok
kyo49now,6,306,1.9607843137254901,3,ok
lc80ekidenn,6,306,1.9607843137254901,3,ok
Lcdl_775,6,306,1.9607843137254901,3,ok
lego510,6,306,1.9607843137254901,3,ok
Lilium8849,6,306,1.9607843137254901,3,ok
litbus1089,6,306,1.9607843137254901,3,ok
LolNn05,6,306,1.9607843137254901,3,ok
lost_206,6,306,1.9607843137254901,3,ok
luv0scm0,6,306,1.9607843137254901,3,ok
MabemaBo,6,306,1.9607843137254901,3,ok
malzelmetro,6,306,1.9607843137254901,3,ok
manakaie_i,6,306,1.9607843137254901,3,ok
manami_yellow,6,306,1.9607843137254901,3,ok
marimo1988,6,306,1.9607843137254901,3,ok
Mckee_db_bt,6,306,1.9607843137254901,3,ok
memetan_yellow,6,306,1.9607843137254901,3,ok
mfsheep,6,306,1.9607843137254901,3,ok
mipple_nipple,6,306,1.9607843137254901,3,ok
miruku,6,306,1.9607843137254901,3,ok
mochiron____,6,306,1.9607843137254901,3,ok
mock8989,6,306,1.9607843137254901,3,ok
momokei_z,6,306,1.9607843137254901,3,ok
mond_77m,6,306,1.9607843137254901,3,ok
motiva1982,6,306,1.9607843137254901,3,ok
NA_GA,6,306,1.9607843137254901,3,ok
namakootoko,6,306,1.9607843137254901,3,ok
nandodemo_snow,6,306,1.9607843137254901,3,ok
nao_s310,6,306,1.9607843137254901,3,ok
naoki_yuki,6,306,1.9607843137254901,3,ok
natena,6,306,1.9607843137254901,3,ok
negi_nm7,6,306,1.9607843137254901,3,ok
nekomiminekoko,6,306,1.9607843137254901,3,ok
nekoran69,6,306,1.9607843137254901,3,ok
niokuenhosheee,6,306,1.9607843137254901,3,ok
nishii0917,6,306,1.9607843137254901,3,ok
nobu_neco,6,306,1.9607843137254901,3,ok
nyamph_pf,6,306,1.9607843137254901,3,ok
nyoki_NS,6,306,1.9607843137254901,3,ok
obob0,6,306,1.9607843137254901,3,ok
occcho99,6,306,1.9607843137254901,3,ok
oishiiyakiimo,6,306,1.9607843137254901,3,ok
okizum,6,306,1.9607843137254901,3,ok
onego,6,306,1.9607843137254901,3,ok
oooo2727,6,306,1.9607843137254901,3,ok
oosoto,6,306,1.9607843137254901,3,ok
ormoz,6,306,1.9607843137254901,3,ok
osamu_zx6R,6,306,1.9607843137254901,3,ok
osgskt30,6,306,1.9607843137254901,3,ok
pad_kurage0611,6,306,1.9607843137254901,3,ok
parsley_7,6,306,1.9607843137254901,3,ok
pastelcolor0818,6,306,1.9607843137254901,3,ok
pea_0412,6,306,1.9607843137254901,3,ok
picsy12yoru04,6,306,1.9607843137254901,3,ok
Pinway8100094,6,306,1.9607843137254901,3,ok
pnpxv2016,6,306,1.9607843137254901,3,ok
pointer_SLX,6,306,1.9607843137254901,3,ok
pokeagles623,6,306,1.9607843137254901,3,ok
ponta0628,6,306,1.9607843137254901,3,ok
PONTA_NABE,6,306,1.9607843137254901,3,ok
puripara_emo,6,306,1.9607843137254901,3,ok
rabuko_ru,6,306,1.9607843137254901,3,ok
racchi0829,6,306,1.9607843137254901,3,ok
raru_777,6,306,1.9607843137254901,3,ok
reogak03,6,306,1.9607843137254901,3,ok
RGrey127,6,306,1.9607843137254901,3,ok
rhapsodie4,6,306,1.9607843137254901,3,ok
roa_mss,6,306,1.9607843137254901,3,ok
Rorona_f,6,306,1.9607843137254901,3,ok
sabieku,6,306,1.9607843137254901,3,ok
sae_00,6,306,1.9607843137254901,3,ok
Saji_Money,6,306,1.9607843137254901,3,ok
sakura215752,6,306,1.9607843137254901,3,ok
sakuya__,6,306,1.9607843137254901,3,ok
sanchu8810,6,306,1.9607843137254901,3,ok
Saoriki0529,6,306,1.9607843137254901,3,ok
SaoriSusuta,6,306,1.9607843137254901,3,ok
scratch555,6,306,1.9607843137254901,3,ok
sein_sun1111,6,306,1.9607843137254901,3,ok
Serenade_holy,6,306,1.9607843137254901,3,ok
Sevenandaoi,6,306,1.9607843137254901,3,ok
shi_ka_o1109,6,306,1.9607843137254901,3,ok
Shiitake0710,6,306,1.9607843137254901,3,ok
shikou1104,6,306,1.9607843137254901,3,ok
shiyungm,6,306,1.9607843137254901,3,ok
shoko_1227,6,306,1.9607843137254901,3,ok
sian_Galaxy2,6,306,1.9607843137254901,3,ok
smizo49,6,306,1.9607843137254901,3,ok
son_kwson,6,306,1.9607843137254901,3,ok
sphere_2010,6,306,1.9607843137254901,3,ok
ss_yu_st,6,306,1.9607843137254901,3,ok
such_8g,6,306,1.9607843137254901,3,ok
suidreamer,6,306,1.9607843137254901,3,ok
syaroiX,6,306,1.9607843137254901,3,ok
syaru_5968,6,306,1.9607843137254901,3,ok
syunnyuki,6,306,1.9607843137254901,3,ok
t7s_8740,6,306,1.9607843137254901,3,ok
taisa_note,6,306,1.9607843137254901,3,ok
takarinto_gsk,6,306,1.9607843137254901,3,ok
taku_693,6,306,1.9607843137254901,3,ok
takumiP,6,306,1.9607843137254901,3,ok
tatomillion,6,306,1.9607843137254901,3,ok
tbfwr,6,306,1.9607843137254901,3,ok
ThePrince2456,6,306,1.9607843137254901,3,ok
ThhhG_9l3,6,306,1.9607843137254901,3,ok
tome7261,6,306,1.9607843137254901,3,ok
toro_taisa,6,306,1.9607843137254901,3,ok
toshihira0531,6,306,1.9607843137254901,3,ok
tsueve,6,306,1.9607843137254901,3,ok
tumasakino_aida,6,306,1.9607843137254901,3,ok
u_yakan,6,306,1.9607843137254901,3,ok
uesyatton,6,306,1.9607843137254901,3,ok
umacafe,6,306,1.9607843137254901,3,ok
umanami_lain,6,306,1.9607843137254901,3,ok
Uu_moco_mM,6,306,1.9607843137254901,3,ok
uzuram,6,306,1.9607843137254901,3,ok
vok37,6,306,1.9607843137254901,3,ok
waryo_o,6,306,1.9607843137254901,3,ok
wh,6,306,1.9607843137254901,3,ok
wpdori,6,306,1.9607843137254901,3,ok
ykc7lv,6,306,1.9607843137254901,3,ok
ykm_k2,6,306,1.9607843137254901,3,ok
yui0_a,6,306,1.9607843137254901,3,ok
yuji,6,306,1.9607843137254901,3,ok
yumeiro_train_,6,306,1.9607843137254901,3,ok
yuri_ysaq,6,306,1.9607843137254901,3,ok
yuya_chokonet,6,306,1.9607843137254901,3,ok
yyy_sshhh,6,306,1.9607843137254901,3,ok
yzr252,6,306,1.9607843137254901,3,ok
yzw1120,6,306,1.9607843137254901,3,ok
zero_padfes,6,306,1.9607843137254901,3,ok
Zrfk2_5,6,306,1.9607843137254901,3,ok
02Teruteru,6,306,1.9607843137254901,2,ok
38small_neko,6,306,1.9607843137254901,2,ok
43shizuku717kek,6,306,1.9607843137254901,2,ok
577,6,306,1.9607843137254901,2,ok
73_pazz,6,306,1.9607843137254901,2,ok
_11039_,6,306,1.9607843137254901,2,ok
_39s_s,6,306,1.9607843137254901,2,ok
____O17_,6,306,1.9607843137254901,2,ok
___Ryzzz,6,306,1.9607843137254901,2,ok
_Happy__Yellow_,6,306,1.9607843137254901,2,ok
A_B_ch_,6,306,1.9607843137254901,2,ok
ainne2455,6,306,1.9607843137254901,2,ok
akipirosama,6,306,1.9607843137254901,2,ok
akitoyo1028,6,306,1.9607843137254901,2,ok
Aloysio_Gonzaga,6,306,1.9607843137254901,2,ok
alto_alco,6,306,1.9607843137254901,2,ok
amahakanata,6,306,1.9607843137254901,2,ok
ameiz2211,6,306,1.9607843137254901,2,ok
andrewng8822,6,306,1.9607843137254901,2,ok
aska0327,6,306,1.9607843137254901,2,ok
asyumaru88,6,306,1.9607843137254901,2,ok
atsuma829,6,306,1.9607843137254901,2,ok
ayahi1025,6,306,1.9607843137254901,2,ok
B___luck,6,306,1.9607843137254901,2,ok
badger_twit,6,306,1.9607843137254901,2,ok
Bakaiser4000,6,306,1.9607843137254901,2,ok
barbaloi,6,306,1.9607843137254901,2,ok
bghfth,6,306,1.9607843137254901,2,ok
bienpnn,6,306,1.9607843137254901,2,ok
Brumaire1799,6,306,1.9607843137254901,2,ok
busaikuthunder,6,306,1.9607843137254901,2,ok
chi_yu1203,6,306,1.9607843137254901,2,ok
choco_neet,6,306,1.9607843137254901,2,ok
chocomint417,6,306,1.9607843137254901,2,ok
chukasandesuyo,6,306,1.9607843137254901,2,ok
circlemaker_squ,6,306,1.9607843137254901,2,ok
coco4_LL,6,306,1.9607843137254901,2,ok
cocokit,6,306,1.9607843137254901,2,ok
colorful35,6,306,1.9607843137254901,2,ok
Dementar,6,306,1.9607843137254901,2,ok
ebi_crab,6,306,1.9607843137254901,2,ok
Ein,6,306,1.9607843137254901,2,ok
ErikaVGC,6,306,1.9607843137254901,2,ok
eriwill_fly,6,306,1.9607843137254901,2,ok
EXiT30,6,306,1.9607843137254901,2,ok
feroid283_1,6,306,1.9607843137254901,2,ok
fujin_530,6,306,1.9607843137254901,2,ok
furaddo,6,306,1.9607843137254901,2,ok
furupenguin,6,306,1.9607843137254901,2,ok
FX_uec,6,306,1.9607843137254901,2,ok
gimius,6,306,1.9607843137254901,2,ok
gogogonshi,6,306,1.9607843137254901,2,ok
goro0628,6,306,1.9607843137254901,2,ok
gucchi_TanOsi,6,306,1.9607843137254901,2,ok
Gucci_Yuzo,6,306,1.9607843137254901,2,ok
gukuru2,6,306,1.9607843137254901,2,ok
h_jyuunin,6,306,1.9607843137254901,2,ok
HANAru_yyy0504,6,306,1.9607843137254901,2,ok
haru9214,6,306,1.9607843137254901,2,ok
HASE_211,6,306,1.9607843137254901,2,ok
hclokad,6,306,1.9607843137254901,2,ok
HIKARU98857891,6,306,1.9607843137254901,2,ok
hir3440,6,306,1.9607843137254901,2,ok
hiro_tb,6,306,1.9607843137254901,2,ok
hiyo_0115_law,6,306,1.9607843137254901,2,ok
hollow_hunger,6,306,1.9607843137254901,2,ok
horo_hm,6,306,1.9607843137254901,2,ok
hoto0419maki,6,306,1.9607843137254901,2,ok
HS1127,6,306,1.9607843137254901,2,ok
huepon,6,306,1.9607843137254901,2,ok
iiirooon,6,306,1.9607843137254901,2,ok
Illastlioues,6,306,1.9607843137254901,2,ok
invisibleman,6,306,1.9607843137254901,2,ok
jordowag,6,306,1.9607843137254901,2,ok
jorjorge_jorge,6,306,1.9607843137254901,2,ok
jungsik77,6,306,1.9607843137254901,2,ok
junwoo0522,6,306,1.9607843137254901,2,ok
juxiansen,6,306,1.9607843137254901,2,ok
Jyakusyawoman,6,306,1.9607843137254901,2,ok
k_pripo,6,306,1.9607843137254901,2,ok
kairiseia_sa_,6,306,1.9607843137254901,2,ok
kakaku_6,6,306,1.9607843137254901,2,ok
kaku_maguro,6,306,1.9607843137254901,2,ok
kamimu_paspale,6,306,1.9607843137254901,2,ok
kamitsure,6,306,1.9607843137254901,2,ok
kanted_my,6,306,1.9607843137254901,2,ok
katakilimuy,6,306,1.9607843137254901,2,ok
kawa4010,6,306,1.9607843137254901,2,ok
Kazekoko,6,306,1.9607843137254901,2,ok
kbs500,6,306,1.9607843137254901,2,ok
kd,6,306,1.9607843137254901,2,ok
keionbeats,6,306,1.9607843137254901,2,ok
kento2828,6,306,1.9607843137254901,2,ok
keventer,6,306,1.9607843137254901,2,ok
kina_co_mochi,6,306,1.9607843137254901,2,ok
kipo_0222,6,306,1.9607843137254901,2,ok
kisaragium,6,306,1.9607843137254901,2,ok
kiyotaka_0927,6,306,1.9607843137254901,2,ok
kokol,6,306,1.9607843137254901,2,ok
komiharune,6,306,1.9607843137254901,2,ok
konbu7777777,6,306,1.9607843137254901,2,ok
kotatu,6,306,1.9607843137254901,2,ok
Koto_9013,6,306,1.9607843137254901,2,ok
kotonoha_taneda,6,306,1.9607843137254901,2,ok
kyaolish,6,306,1.9607843137254901,2,ok
kyosuke_0131,6,306,1.9607843137254901,2,ok
Lapi_Lun,6,306,1.9607843137254901,2,ok
liangryo271985,6,306,1.9607843137254901,2,ok
lonely_playboy,6,306,1.9607843137254901,2,ok
lowchan0731,6,306,1.9607843137254901,2,ok
luchifel,6,306,1.9607843137254901,2,ok
m1111,6,306,1.9607843137254901,2,ok
maa_chaaaaaaan,6,306,1.9607843137254901,2,ok
maiknoikumi,6,306,1.9607843137254901,2,ok
maimai_N417sail,6,306,1.9607843137254901,2,ok
make_tomo,6,306,1.9607843137254901,2,ok
maku_hong,6,306,1.9607843137254901,2,ok
mamptest_1,6,306,1.9607843137254901,2,ok
marumaru_penpen,6,306,1.9607843137254901,2,ok
midrakos,6,306,1.9607843137254901,2,ok
milky_waki,6,306,1.9607843137254901,2,ok
mine,6,306,1.9607843137254901,2,ok
minions,6,306,1.9607843137254901,2,ok
minorin_ta,6,306,1.9607843137254901,2,ok
missing1997,6,306,1.9607843137254901,2,ok
mojaneru0620,6,306,1.9607843137254901,2,ok
Monochrome_goat,6,306,1.9607843137254901,2,ok
motoyosi0709,6,306,1.9607843137254901,2,ok
motsu,6,306,1.9607843137254901,2,ok
mt_aud,6,306,1.9607843137254901,2,ok
mudanakinniku42,6,306,1.9607843137254901,2,ok
nagi7mayn,6,306,1.9607843137254901,2,ok
natulemon,6,306,1.9607843137254901,2,ok
nemmy_potter,6,306,1.9607843137254901,2,ok
nextdoor209485,6,306,1.9607843137254901,2,ok
nnn_oo,6,306,1.9607843137254901,2,ok
nogi_yuu_46,6,306,1.9607843137254901,2,ok
Noimarimo,6,306,1.9607843137254901,2,ok
now_playing,6,306,1.9607843137254901,2,ok
okazu_otaku,6,306,1.9607843137254901,2,ok
oki_12131,6,306,1.9607843137254901,2,ok
okubkei,6,306,1.9607843137254901,2,ok
oregarikkun,6,306,1.9607843137254901,2,ok
owen42533,6,306,1.9607843137254901,2,ok
OxVsnZcgLlX4PYj,6,306,1.9607843137254901,2,ok
parasol716,6,306,1.9607843137254901,2,ok
parunyasu_YUMEi,6,306,1.9607843137254901,2,ok
pirawwwwwww,6,306,1.9607843137254901,2,ok
plapla1722,6,306,1.9607843137254901,2,ok
poyopoyo_ws_fgo,6,306,1.9607843137254901,2,ok
ppp_816,6,306,1.9607843137254901,2,ok
RAD20002,6,306,1.9607843137254901,2,ok
Rainbowbaton,6,306,1.9607843137254901,2,ok
rana_73o,6,306,1.9607843137254901,2,ok
reishi_mam,6,306,1.9607843137254901,2,ok
ri_aether,6,306,1.9607843137254901,2,ok
riki__xxx,6,306,1.9607843137254901,2,ok
rin_tigerP,6,306,1.9607843137254901,2,ok
rokujo_tamotu,6,306,1.9607843137254901,2,ok
Ryotaso_1219,6,306,1.9607843137254901,2,ok
s5970309,6,306,1.9607843137254901,2,ok
s____________F,6,306,1.9607843137254901,2,ok
s_hrks,6,306,1.9607843137254901,2,ok
sakagamikou,6,306,1.9607843137254901,2,ok
sakotsu_BAN,6,306,1.9607843137254901,2,ok
sand_reflector,6,306,1.9607843137254901,2,ok
ShinoharaYuyoru,6,306,1.9607843137254901,2,ok
shion_mix,6,306,1.9607843137254901,2,ok
shishito_180,6,306,1.9607843137254901,2,ok
sibuhazi16,6,306,1.9607843137254901,2,ok
sixZila,6,306,1.9607843137254901,2,ok
sk_jp_,6,306,1.9607843137254901,2,ok
smsryk0607,6,306,1.9607843137254901,2,ok
snu_nus,6,306,1.9607843137254901,2,ok
SovietRussia__,6,306,1.9607843137254901,2,ok
SR_tail,6,306,1.9607843137254901,2,ok
Syberwave,6,306,1.9607843137254901,2,ok
syunnki_LL,6,306,1.9607843137254901,2,ok
syuuji,6,306,1.9607843137254901,2,ok
t062611137,6,306,1.9607843137254901,2,ok
T_Roundrobin,6,306,1.9607843137254901,2,ok
tachiilovelily,6,306,1.9607843137254901,2,ok
takahb,6,306,1.9607843137254901,2,ok
taylorswift,6,306,1.9607843137254901,2,ok
TeamBelkin,6,306,1.9607843137254901,2,ok
tky_kohi,6,306,1.9607843137254901,2,ok
tmn6_6,6,306,1.9607843137254901,2,ok
to_koto,6,306,1.9607843137254901,2,ok
topcap_ka,6,306,1.9607843137254901,2,ok
Toshiki_URUZ7,6,306,1.9607843137254901,2,ok
touyamaan,6,306,1.9607843137254901,2,ok
Toyosaki_KP,6,306,1.9607843137254901,2,ok
tsubu__anco,6,306,1.9607843137254901,2,ok
tubaki,6,306,1.9607843137254901,2,ok
ukyu_tofu,6,306,1.9607843137254901,2,ok
umemasa34,6,306,1.9607843137254901,2,ok
uu_nyan,6,306,1.9607843137254901,2,ok
verissa,6,306,1.9607843137254901,2,ok
Vern_rvSaki,6,306,1.9607843137254901,2,ok
waka237,6,306,1.9607843137254901,2,ok
Water_Drop_K,6,306,1.9607843137254901,2,ok
watertree77,6,306,1.9607843137254901,2,ok
wattu_rahmen,6,306,1.9607843137254901,2,ok
willow_KUEE,6,306,1.9607843137254901,2,ok
wilson_127,6,306,1.9607843137254901,2,ok
wPYPTw,6,306,1.9607843137254901,2,ok
wr_ll,6,306,1.9607843137254901,2,ok
wug_nanba,6,306,1.9607843137254901,2,ok
xai_copy,6,306,1.9607843137254901,2,ok
xalru,6,306,1.9607843137254901,2,ok
Y11Rx,6,306,1.9607843137254901,2,ok
Y_Tuchii,6,306,1.9607843137254901,2,ok
yama516mcz517,6,306,1.9607843137254901,2,ok
yasai_don_,6,306,1.9607843137254901,2,ok
yAtty_yu_,6,306,1.9607843137254901,2,ok
ygg622,6,306,1.9607843137254901,2,ok
yhtbme,6,306,1.9607843137254901,2,ok
yotaka7083,6,306,1.9607843137254901,2,ok
you_fantasu,6,306,1.9607843137254901,2,ok
youngrok50862,6,306,1.9607843137254901,2,ok
ytpc_ganbaruby,6,306,1.9607843137254901,2,ok
yu_kiyu_shi,6,306,1.9607843137254901,2,ok
yukineru,6,306,1.9607843137254901,2,ok
Yuya_URS206,6,306,1.9607843137254901,2,ok
zefrabinah33,6,306,1.9607843137254901,2,ok
zenless_zone,6,306,1.9607843137254901,2,ok
zerosuma,6,306,1.9607843137254901,2,ok
ZOU,6,306,1.9607843137254901,2,ok
zukoyoku_yg36_1,6,306,1.9607843137254901,2,ok
zuyn23,6,306,1.9607843137254901,2,ok
0128_tak,6,306,1.9607843137254901,1,ok
0530okachan,6,306,1.9607843137254901,1,ok
0628mimori_suzu,6,306,1.9607843137254901,1,ok
1226Yama,6,306,1.9607843137254901,1,ok
4.hedgehogs.dilemma,6,306,1.9607843137254901,1,ok
65655nn,6,306,1.9607843137254901,1,ok
7121,6,306,1.9607843137254901,1,ok
7ok09QQikF9AAQX,6,306,1.9607843137254901,1,ok
86marines,6,306,1.9607843137254901,1,ok
__ankoromochi,6,306,1.9607843137254901,1,ok
_itoppa,6,306,1.9607843137254901,1,ok
_K_Hayakawa,6,306,1.9607843137254901,1,ok
_kikyouya,6,306,1.9607843137254901,1,ok
_MTSK_,6,306,1.9607843137254901,1,ok
_Tarabar,6,306,1.9607843137254901,1,ok
abapotyoria,6,306,1.9607843137254901,1,ok
abu_yukino25,6,306,1.9607843137254901,1,ok
Ah_koroyahho,6,306,1.9607843137254901,1,ok
aimmrn__,6,306,1.9607843137254901,1,ok
akagi_moonnight,6,306,1.9607843137254901,1,ok
aki_aki_iku_iku,6,306,1.9607843137254901,1,ok
akiha73falilv,6,306,1.9607843137254901,1,ok
akuma_wannu,6,306,1.9607843137254901,1,ok
alice_firefox,6,306,1.9607843137254901,1,ok
Alpha,6,306,1.9607843137254901,1,ok
ama_kara_suppa,6,306,1.9607843137254901,1,ok
amemori,6,306,1.9607843137254901,1,ok
angrosakson,6,306,1.9607843137254901,1,ok
Ap,6,306,1.9607843137254901,1,ok
AquaBlueJPN,6,306,1.9607843137254901,1,ok
arigato,6,306,1.9607843137254901,1,ok
astercase,6,306,1.9607843137254901,1,ok
ausguss,6,306,1.9607843137254901,1,ok
azusa8811,6,306,1.9607843137254901,1,ok
b609831d530449a,6,306,1.9607843137254901,1,ok
b71w48h72,6,306,1.9607843137254901,1,ok
b94bb535a0c14af,6,306,1.9607843137254901,1,ok
BanLi,6,306,1.9607843137254901,1,ok
block584936310,6,306,1.9607843137254901,1,ok
blueblood4089,6,306,1.9607843137254901,1,ok
Bobfish2114,6,306,1.9607843137254901,1,ok
borraginoler,6,306,1.9607843137254901,1,ok
botsakaguchi,6,306,1.9607843137254901,1,ok
bsbsbs_shine,6,306,1.9607843137254901,1,ok
burai_17,6,306,1.9607843137254901,1,ok
byoumaru_next,6,306,1.9607843137254901,1,ok
calion,6,306,1.9607843137254901,1,ok
chimchimcheree4,6,306,1.9607843137254901,1,ok
ckoY_s,6,306,1.9607843137254901,1,ok
CL_1104,6,306,1.9607843137254901,1,ok
cln_ll19,6,306,1.9607843137254901,1,ok
closedchaos,6,306,1.9607843137254901,1,ok
collomaru09,6,306,1.9607843137254901,1,ok
colton3150,6,306,1.9607843137254901,1,ok
Conodont_,6,306,1.9607843137254901,1,ok
copynoonse,6,306,1.9607843137254901,1,ok
crossxos65,6,306,1.9607843137254901,1,ok
Cuteproducer_,6,306,1.9607843137254901,1,ok
darkmeisa402920,6,306,1.9607843137254901,1,ok
dedekasu7,6,306,1.9607843137254901,1,ok
dejeabneat,6,306,1.9607843137254901,1,ok
dekaruto_in_mak,6,306,1.9607843137254901,1,ok
dont_1208,6,306,1.9607843137254901,1,ok
donut360,6,306,1.9607843137254901,1,ok
e_mms_17,6,306,1.9607843137254901,1,ok
e_mms_lum,6,306,1.9607843137254901,1,ok
eight_god,6,306,1.9607843137254901,1,ok
ekunyanYAS,6,306,1.9607843137254901,1,ok
Emma_Sheen0615,6,306,1.9607843137254901,1,ok
Eshi,6,306,1.9607843137254901,1,ok
eugenedonald0720,6,306,1.9607843137254901,1,ok
F_Slock202,6,306,1.9607843137254901,1,ok
fisrtriteiring,6,306,1.9607843137254901,1,ok
garigarigariksn,6,306,1.9607843137254901,1,ok
garnethorizon,6,306,1.9607843137254901,1,ok
gf6092Chino,6,306,1.9607843137254901,1,ok
glif8,6,306,1.9607843137254901,1,ok
gogogogogo,6,306,1.9607843137254901,1,ok
grade_motaki,6,306,1.9607843137254901,1,ok
guohuangb,6,306,1.9607843137254901,1,ok
HA_NA_MO_GE_RA,6,306,1.9607843137254901,1,ok
ham_star0209,6,306,1.9607843137254901,1,ok
hankaede,6,306,1.9607843137254901,1,ok
Haruhi2242,6,306,1.9607843137254901,1,ok
hayateoria,6,306,1.9607843137254901,1,ok
higashimura,6,306,1.9607843137254901,1,ok
hikahikasnoopy,6,306,1.9607843137254901,1,ok
himajin,6,306,1.9607843137254901,1,ok
hina_stardust,6,306,1.9607843137254901,1,ok
hirabaya,6,306,1.9607843137254901,1,ok
hiragen2017,6,306,1.9607843137254901,1,ok
hiro4macarp,6,306,1.9607843137254901,1,ok
homuhome21,6,306,1.9607843137254901,1,ok
ikkyogorira,6,306,1.9607843137254901,1,ok
ilovemoka1022,6,306,1.9607843137254901,1,ok
imazegiga,6,306,1.9607843137254901,1,ok
Izayoi_the16th,6,306,1.9607843137254901,1,ok
jm0723,6,306,1.9607843137254901,1,ok
jolks_HtL_17,6,306,1.9607843137254901,1,ok
josh8025ck95,6,306,1.9607843137254901,1,ok
joyful42,6,306,1.9607843137254901,1,ok
k0da,6,306,1.9607843137254901,1,ok
k_in_JolShika,6,306,1.9607843137254901,1,ok
kaitokani2,6,306,1.9607843137254901,1,ok
kawaido34,6,306,1.9607843137254901,1,ok
kazuhikane,6,306,1.9607843137254901,1,ok
kazuki11153,6,306,1.9607843137254901,1,ok
keikyupoke,6,306,1.9607843137254901,1,ok
KenekiSon,6,306,1.9607843137254901,1,ok
KENTA_CB,6,306,1.9607843137254901,1,ok
KHRISMIZER,6,306,1.9607843137254901,1,ok
ki_wazuraii15,6,306,1.9607843137254901,1,ok
kiiroi_torippi_,6,306,1.9607843137254901,1,ok
kiliha00,6,306,1.9607843137254901,1,ok
kindergarden92,6,306,1.9607843137254901,1,ok
km_iRis25,6,306,1.9607843137254901,1,ok
kodofuji,6,306,1.9607843137254901,1,ok
konatan0528,6,306,1.9607843137254901,1,ok
koshi_LL,6,306,1.9607843137254901,1,ok
kotaro_w,6,306,1.9607843137254901,1,ok
Koto_Chika_,6,306,1.9607843137254901,1,ok
kotoruby_LLS,6,306,1.9607843137254901,1,ok
kryem02an,6,306,1.9607843137254901,1,ok
kusudagaina,6,306,1.9607843137254901,1,ok
kutarose,6,306,1.9607843137254901,1,ok
lhlwsdtl,6,306,1.9607843137254901,1,ok
LL_lw_nur,6,306,1.9607843137254901,1,ok
LocArthur,6,306,1.9607843137254901,1,ok
lovelivedaisuki,6,306,1.9607843137254901,1,ok
lulu_nora,6,306,1.9607843137254901,1,ok
lululand,6,306,1.9607843137254901,1,ok
macotaku_,6,306,1.9607843137254901,1,ok
MaiLoveLive0712,6,306,1.9607843137254901,1,ok
maitake_GA,6,306,1.9607843137254901,1,ok
makipin1,6,306,1.9607843137254901,1,ok
Malche0328,6,306,1.9607843137254901,1,ok
manganji_0221,6,306,1.9607843137254901,1,ok
maomae_yasao,6,306,1.9607843137254901,1,ok
maoo07,6,306,1.9607843137254901,1,ok
marumaru_0819,6,306,1.9607843137254901,1,ok
maslmh10,6,306,1.9607843137254901,1,ok
matuura1996,6,306,1.9607843137254901,1,ok
maydreamsone,6,306,1.9607843137254901,1,ok
mayupurin175,6,306,1.9607843137254901,1,ok
MChanAidd,6,306,1.9607843137254901,1,ok
meronkinenbi,6,306,1.9607843137254901,1,ok
migi_nosaka,6,306,1.9607843137254901,1,ok
milkPudding_cc,6,306,1.9607843137254901,1,ok
mimo_momomo,6,306,1.9607843137254901,1,ok
mimo_nonnon,6,306,1.9607843137254901,1,ok
Miya_1203_yu,6,306,1.9607843137254901,1,ok
mizaryposseve,6,306,1.9607843137254901,1,ok
mizuirorami2520,6,306,1.9607843137254901,1,ok
mlxiztad,6,306,1.9607843137254901,1,ok
mmrn__0v0,6,306,1.9607843137254901,1,ok
mmrn_yeahtiger,6,306,1.9607843137254901,1,ok
MochitenLoveti,6,306,1.9607843137254901,1,ok
morganmorgan87,6,306,1.9607843137254901,1,ok
ms06izumi,6,306,1.9607843137254901,1,ok
mtc001,6,306,1.9607843137254901,1,ok
muranaka_sama,6,306,1.9607843137254901,1,ok
mutkrtys,6,306,1.9607843137254901,1,ok
muttyo1,6,306,1.9607843137254901,1,ok
muuuuminn1,6,306,1.9607843137254901,1,ok
muuuuutooooo,6,306,1.9607843137254901,1,ok
myakochan777,6,306,1.9607843137254901,1,ok
Myoten_cat,6,306,1.9607843137254901,1,ok
myy0217,6,306,1.9607843137254901,1,ok
n39875624,6,306,1.9607843137254901,1,ok
nabe18_bushi,6,306,1.9607843137254901,1,ok
naoyaarn,6,306,1.9607843137254901,1,ok
NarumiNoah,6,306,1.9607843137254901,1,ok
nekomiya,6,306,1.9607843137254901,1,ok
nemuki,6,306,1.9607843137254901,1,ok
ngkawai0405,6,306,1.9607843137254901,1,ok
nidaimeharu,6,306,1.9607843137254901,1,ok
nikyo_kotori,6,306,1.9607843137254901,1,ok
nin3_MAM,6,306,1.9607843137254901,1,ok
nippori_gonzo,6,306,1.9607843137254901,1,ok
nissy0209,6,306,1.9607843137254901,1,ok
No1Yc_kanta,6,306,1.9607843137254901,1,ok
no__future,6,306,1.9607843137254901,1,ok
nonono_LLS,6,306,1.9607843137254901,1,ok
nowaifunoraifu,6,306,1.9607843137254901,1,ok
NozoYui06091,6,306,1.9607843137254901,1,ok
NPC,6,306,1.9607843137254901,1,ok
OctStation,6,306,1.9607843137254901,1,ok
oki2_iron,6,306,1.9607843137254901,1,ok
Olganera,6,306,1.9607843137254901,1,ok
Omiru_is_Oshi,6,306,1.9607843137254901,1,ok
ooba_drive,6,306,1.9607843137254901,1,ok
ooba_kke,6,306,1.9607843137254901,1,ok
OpenMLP,6,306,1.9607843137254901,1,ok
orange_12_sky,6,306,1.9607843137254901,1,ok
otaku_asaka,6,306,1.9607843137254901,1,ok
otapon_,6,306,1.9607843137254901,1,ok
Par_Quantum,6,306,1.9607843137254901,1,ok
penguin_58101,6,306,1.9607843137254901,1,ok
pikapikatomato,6,306,1.9607843137254901,1,ok
pipecutmachine,6,306,1.9607843137254901,1,ok
Pisces,6,306,1.9607843137254901,1,ok
pitbull93849207,6,306,1.9607843137254901,1,ok
pleple,6,306,1.9607843137254901,1,ok
polpotoseiken,6,306,1.9607843137254901,1,ok
Rabie_959,6,306,1.9607843137254901,1,ok
rasin,6,306,1.9607843137254901,1,ok
reRutice,6,306,1.9607843137254901,1,ok
Riruru091001,6,306,1.9607843137254901,1,ok
rustdreass488,6,306,1.9607843137254901,1,ok
rynthesis002,6,306,1.9607843137254901,1,ok
rynthesiSena,6,306,1.9607843137254901,1,ok
s_h_o_213,6,306,1.9607843137254901,1,ok
S_Tomato_M,6,306,1.9607843137254901,1,ok
Saka,6,306,1.9607843137254901,1,ok
saki99573637,6,306,1.9607843137254901,1,ok
sakimori_LEVEL4,6,306,1.9607843137254901,1,ok
sakukyo04,6,306,1.9607843137254901,1,ok
sakusakuna,6,306,1.9607843137254901,1,ok
salvare1118,6,306,1.9607843137254901,1,ok
satou_,6,306,1.9607843137254901,1,ok
sawarma100,6,306,1.9607843137254901,1,ok
sensei_freed,6,306,1.9607843137254901,1,ok
seriko_hide1203,6,306,1.9607843137254901,1,ok
Sha_le_la,6,306,1.9607843137254901,1,ok
Shin18njpw,6,306,1.9607843137254901,1,ok
Shizu,6,306,1.9607843137254901,1,ok
ShizuGivingsDay,6,306,1.9607843137254901,1,ok
SHIZUOKA_sasa,6,306,1.9607843137254901,1,ok
shouhei3,6,306,1.9607843137254901,1,ok
shun_mimorin,6,306,1.9607843137254901,1,ok
sibito11,6,306,1.9607843137254901,1,ok
sikarip,6,306,1.9607843137254901,1,ok
simon_is_digger,6,306,1.9607843137254901,1,ok
sinon01,6,306,1.9607843137254901,1,ok
sirousagi,6,306,1.9607843137254901,1,ok
sk_skore,6,306,1.9607843137254901,1,ok
snow_lefa,6,306,1.9607843137254901,1,ok
sorasorara_zzz,6,306,1.9607843137254901,1,ok
sound_music,6,306,1.9607843137254901,1,ok
spaball9,6,306,1.9607843137254901,1,ok
spica05221218,6,306,1.9607843137254901,1,ok
station.j.f,6,306,1.9607843137254901,1,ok
steam_punk,6,306,1.9607843137254901,1,ok
succhannn,6,306,1.9607843137254901,1,ok
SuijokiHydrogen,6,306,1.9607843137254901,1,ok
sukuchan_MMLS,6,306,1.9607843137254901,1,ok
sundialNext33,6,306,1.9607843137254901,1,ok
Sunen_Yaz,6,306,1.9607843137254901,1,ok
super_rin_ogu,6,306,1.9607843137254901,1,ok
sutti_kappa,6,306,1.9607843137254901,1,ok
suzukolove,6,306,1.9607843137254901,1,ok
sword-arrow-galaxy,6,306,1.9607843137254901,1,ok
syabusyabu,6,306,1.9607843137254901,1,ok
t0suk3,6,306,1.9607843137254901,1,ok
t___n_3,6,306,1.9607843137254901,1,ok
tackman2000,6,306,1.9607843137254901,1,ok
taeho_twts,6,306,1.9607843137254901,1,ok
takasi17123,6,306,1.9607843137254901,1,ok
takazo1615,6,306,1.9607843137254901,1,ok
takeru801,6,306,1.9607843137254901,1,ok
teruya0331,6,306,1.9607843137254901,1,ok
tmn_kimi,6,306,1.9607843137254901,1,ok
tmotcyms1007,6,306,1.9607843137254901,1,ok
ToA_GeMiNiIX,6,306,1.9607843137254901,1,ok
toda_yama,6,306,1.9607843137254901,1,ok
tomo17_com,6,306,1.9607843137254901,1,ok
toramaru_suzu,6,306,1.9607843137254901,1,ok
torasen_123,6,306,1.9607843137254901,1,ok
torasen_712,6,306,1.9607843137254901,1,ok
Tsumugi_wak,6,306,1.9607843137254901,1,ok
uchan0030,6,306,1.9607843137254901,1,ok
ukirakuda,6,306,1.9607843137254901,1,ok
Vegetable80923,6,306,1.9607843137254901,1,ok
vivid_poke,6,306,1.9607843137254901,1,ok
vividrare,6,306,1.9607843137254901,1,ok
vlo.nlvlo.nlv,6,306,1.9607843137254901,1,ok
wakaoji0204,6,306,1.9607843137254901,1,ok
warinda04,6,306,1.9607843137254901,1,ok
whydarren6uom,6,306,1.9607843137254901,1,ok
withyou_uncle,6,306,1.9607843137254901,1,ok
wotagei_KILA,6,306,1.9607843137254901,1,ok
xenogiastry,6,306,1.9607843137254901,1,ok
xiaoshanjiang3,6,306,1.9607843137254901,1,ok
xkakoyoak,6,306,1.9607843137254901,1,ok
Y17_mk,6,306,1.9607843137254901,1,ok
Y_nognog,6,306,1.9607843137254901,1,ok
Y_O_K_A_N,6,306,1.9607843137254901,1,ok
yamuhadeyancha1,6,306,1.9607843137254901,1,ok
yanchomelibre,6,306,1.9607843137254901,1,ok
yazawakanade227,6,306,1.9607843137254901,1,ok
YMHM729th,6,306,1.9607843137254901,1,ok
ymm_rn,6,306,1.9607843137254901,1,ok
YN0712121212,6,306,1.9607843137254901,1,ok
yoseoki,6,306,1.9607843137254901,1,ok
yosshini,6,306,1.9607843137254901,1,ok
yryr_fann,6,306,1.9607843137254901,1,ok
ys_2,6,306,1.9607843137254901,1,ok
yuchan____luv,6,306,1.9607843137254901,1,ok
yuiraibar_yayop,6,306,1.9607843137254901,1,ok
yukidori,6,306,1.9607843137254901,1,ok
Yuma_umamusume,6,306,1.9607843137254901,1,ok
yumming_friend,6,306,1.9607843137254901,1,ok
yune2023,6,306,1.9607843137254901,1,ok
yuzupoizon,6,306,1.9607843137254901,1,ok
zakkitte,6,306,1.9607843137254901,1,ok
zanbo3,6,306,1.9607843137254901,1,ok
zanryokuhogue,6,306,1.9607843137254901,1,ok
zaomofu,6,306,1.9607843137254901,1,ok
zeniwaka3,6,306,1.9607843137254901,1,ok
Zn1122,6,306,1.9607843137254901,1,ok
zxcvbnm1939,6,306,1.9607843137254901,1,ok
ryuryu814,5,306,1.6339869281045754,8,ok
4saw_min,5,306,1.6339869281045754,6,ok
mimo_iris,5,306,1.6339869281045754,6,ok
shiro_d_,5,306,1.6339869281045754,6,ok
0329yukimi,5,306,1.6339869281045754,5,ok
ASIMO0213,5,306,1.6339869281045754,5,ok
busters01,5,306,1.6339869281045754,5,ok
ilias_20_35,5,306,1.6339869281045754,5,ok
wwwwwwyi,5,306,1.6339869281045754,5,ok
yahagi4869,5,306,1.6339869281045754,5,ok
17crisis373,5,306,1.6339869281045754,4,ok
cuby_pop,5,306,1.6339869281045754,4,ok
For_yu_84,5,306,1.6339869281045754,4,ok
guppy_desu084,5,306,1.6339869281045754,4,ok
ilove_mikoron,5,306,1.6339869281045754,4,ok
jawajawa0,5,306,1.6339869281045754,4,ok
kabarua_,5,306,1.6339869281045754,4,ok
KEN1024EN,5,306,1.6339869281045754,4,ok
kljjhgfs,5,306,1.6339869281045754,4,ok
maruokunn1,5,306,1.6339869281045754,4,ok
MayPlu,5,306,1.6339869281045754,4,ok
toy02,5,306,1.6339869281045754,4,ok
uhewknwAA,5,306,1.6339869281045754,4,ok
10ve11ve,5,306,1.6339869281045754,3,ok
845rion,5,306,1.6339869281045754,3,ok
9ge_Lio,5,306,1.6339869281045754,3,ok
_Pureframe,5,306,1.6339869281045754,3,ok
a4n1a7n,5,306,1.6339869281045754,3,ok
A_Oasis_As_Hot,5,306,1.6339869281045754,3,ok
AB_railgun,5,306,1.6339869281045754,3,ok
adDD_glu,5,306,1.6339869281045754,3,ok
Ai_Kisyou,5,306,1.6339869281045754,3,ok
AkiZora0109,5,306,1.6339869281045754,3,ok
arus_ueshama,5,306,1.6339869281045754,3,ok
atsushi_update,5,306,1.6339869281045754,3,ok
Azurite_Uz,5,306,1.6339869281045754,3,ok
bakaoreaho,5,306,1.6339869281045754,3,ok
BuRary_15,5,306,1.6339869281045754,3,ok
CD31nomoto,5,306,1.6339869281045754,3,ok
chhr0530shk,5,306,1.6339869281045754,3,ok
chie_crazy_4_u,5,306,1.6339869281045754,3,ok
chikuiso,5,306,1.6339869281045754,3,ok
chita_0307,5,306,1.6339869281045754,3,ok
duke51k,5,306,1.6339869281045754,3,ok
eigo_shaberenai,5,306,1.6339869281045754,3,ok
Evangelization,5,306,1.6339869281045754,3,ok
exe7xrp8,5,306,1.6339869281045754,3,ok
flare_lemonman,5,306,1.6339869281045754,3,ok
guile1837,5,306,1.6339869281045754,3,ok
hachi__ya,5,306,1.6339869281045754,3,ok
hal_windwarrior,5,306,1.6339869281045754,3,ok
HAYASHO_JPN,5,306,1.6339869281045754,3,ok
hurii,5,306,1.6339869281045754,3,ok
hurodo2010,5,306,1.6339869281045754,3,ok
hutonno,5,306,1.6339869281045754,3,ok
ikryouyou,5,306,1.6339869281045754,3,ok
isuka_9999,5,306,1.6339869281045754,3,ok
Kakatuki501,5,306,1.6339869281045754,3,ok
kakinuki_,5,306,1.6339869281045754,3,ok
kamyura,5,306,1.6339869281045754,3,ok
kare000,5,306,1.6339869281045754,3,ok
kei0112take4,5,306,1.6339869281045754,3,ok
kiharu__,5,306,1.6339869281045754,3,ok
kikori_ota,5,306,1.6339869281045754,3,ok
kirito0604y,5,306,1.6339869281045754,3,ok
konpei_i,5,306,1.6339869281045754,3,ok
koyaji1116,5,306,1.6339869281045754,3,ok
kuina213,5,306,1.6339869281045754,3,ok
lisphray,5,306,1.6339869281045754,3,ok
ma_kun_law,5,306,1.6339869281045754,3,ok
Magi_Mi_Final,5,306,1.6339869281045754,3,ok
manamo_de,5,306,1.6339869281045754,3,ok
marikayamayumir,5,306,1.6339869281045754,3,ok
massa_2828,5,306,1.6339869281045754,3,ok
matcha_0215,5,306,1.6339869281045754,3,ok
miya07yk,5,306,1.6339869281045754,3,ok
mizi,5,306,1.6339869281045754,3,ok
moniynmoni_0712,5,306,1.6339869281045754,3,ok
MP6YtyymuVI1mV6,5,306,1.6339869281045754,3,ok
Musiclub_f,5,306,1.6339869281045754,3,ok
nagase7,5,306,1.6339869281045754,3,ok
namujararataku,5,306,1.6339869281045754,3,ok
nassin0713,5,306,1.6339869281045754,3,ok
nemesisu_tai,5,306,1.6339869281045754,3,ok
NLI_qma,5,306,1.6339869281045754,3,ok
noname14124,5,306,1.6339869281045754,3,ok
nyugundam,5,306,1.6339869281045754,3,ok
onsenmanju,5,306,1.6339869281045754,3,ok
oracle1102_1,5,306,1.6339869281045754,3,ok
orz_poke,5,306,1.6339869281045754,3,ok
osamurai_songs,5,306,1.6339869281045754,3,ok
Pencil1213,5,306,1.6339869281045754,3,ok
pirohm,5,306,1.6339869281045754,3,ok
poemer9311,5,306,1.6339869281045754,3,ok
pompom2615,5,306,1.6339869281045754,3,ok
prismoid,5,306,1.6339869281045754,3,ok
qmakatosan,5,306,1.6339869281045754,3,ok
R4N_RU,5,306,1.6339869281045754,3,ok
runesannsu77,5,306,1.6339869281045754,3,ok
sasasa_on,5,306,1.6339869281045754,3,ok
Seiryukai,5,306,1.6339869281045754,3,ok
Sesso233,5,306,1.6339869281045754,3,ok
siameee214,5,306,1.6339869281045754,3,ok
sora0sora0,5,306,1.6339869281045754,3,ok
spherenger,5,306,1.6339869281045754,3,ok
sphereske,5,306,1.6339869281045754,3,ok
spiegel,5,306,1.6339869281045754,3,ok
spitzyk,5,306,1.6339869281045754,3,ok
sutti_ss,5,306,1.6339869281045754,3,ok
suzusuzurainbow,5,306,1.6339869281045754,3,ok
Ta2ta2GoodColor,5,306,1.6339869281045754,3,ok
taketake_0929,5,306,1.6339869281045754,3,ok
takkun72,5,306,1.6339869281045754,3,ok
tatsu_kokumin,5,306,1.6339869281045754,3,ok
ten10tky,5,306,1.6339869281045754,3,ok
toku_chan_1256,5,306,1.6339869281045754,3,ok
tomoya19970301,5,306,1.6339869281045754,3,ok
uki_yan,5,306,1.6339869281045754,3,ok
warydata,5,306,1.6339869281045754,3,ok
ymtk_MaayaParty,5,306,1.6339869281045754,3,ok
yomigaeru100,5,306,1.6339869281045754,3,ok
yryr_k_on,5,306,1.6339869281045754,3,ok
yu_himekokumin,5,306,1.6339869281045754,3,ok
yuki_jolno,5,306,1.6339869281045754,3,ok
yuri_sj14,5,306,1.6339869281045754,3,ok
yuzu_xiwang,5,306,1.6339869281045754,3,ok
0513suisui,5,306,1.6339869281045754,2,ok
10_oclock_,5,306,1.6339869281045754,2,ok
10zS2q3,5,306,1.6339869281045754,2,ok
1225blacksarana,5,306,1.6339869281045754,2,ok
3bookspoyo,5,306,1.6339869281045754,2,ok
3stars_yu9ma21,5,306,1.6339869281045754,2,ok
77,5,306,1.6339869281045754,2,ok
8_kaori_6,5,306,1.6339869281045754,2,ok
_8104,5,306,1.6339869281045754,2,ok
_gsmilk_,5,306,1.6339869281045754,2,ok
_lnnn,5,306,1.6339869281045754,2,ok
_nana_rie_,5,306,1.6339869281045754,2,ok
A_RAK,5,306,1.6339869281045754,2,ok
AccelAiaoA,5,306,1.6339869281045754,2,ok
achiki021202,5,306,1.6339869281045754,2,ok
aigawawawa,5,306,1.6339869281045754,2,ok
ak_mathu_ioir,5,306,1.6339869281045754,2,ok
alwaysvota,5,306,1.6339869281045754,2,ok
am_ants,5,306,1.6339869281045754,2,ok
am_toho,5,306,1.6339869281045754,2,ok
amino__san__1,5,306,1.6339869281045754,2,ok
anacyu_21,5,306,1.6339869281045754,2,ok
andrelton25,5,306,1.6339869281045754,2,ok
animetoufu,5,306,1.6339869281045754,2,ok
aossbjj,5,306,1.6339869281045754,2,ok
aparatiaktg,5,306,1.6339869281045754,2,ok
APARTMENT0628,5,306,1.6339869281045754,2,ok
asmblr,5,306,1.6339869281045754,2,ok
aura1066,5,306,1.6339869281045754,2,ok
Ayaneru_fhana63,5,306,1.6339869281045754,2,ok
Ayati_nyan,5,306,1.6339869281045754,2,ok
baru2010,5,306,1.6339869281045754,2,ok
bbmn194,5,306,1.6339869281045754,2,ok
blackfan2516,5,306,1.6339869281045754,2,ok
bttf6615,5,306,1.6339869281045754,2,ok
butterfly_eee,5,306,1.6339869281045754,2,ok
charade,5,306,1.6339869281045754,2,ok
Charominn85773,5,306,1.6339869281045754,2,ok
cheeeese31,5,306,1.6339869281045754,2,ok
chocobo0317,5,306,1.6339869281045754,2,ok
chorin_numon,5,306,1.6339869281045754,2,ok
cooky_shia,5,306,1.6339869281045754,2,ok
corpse_party,5,306,1.6339869281045754,2,ok
cyariel4131,5,306,1.6339869281045754,2,ok
D18299926,5,306,1.6339869281045754,2,ok
daike_azul,5,306,1.6339869281045754,2,ok
daison_againz,5,306,1.6339869281045754,2,ok
Deneb_ksrg,5,306,1.6339869281045754,2,ok
dkk_sf,5,306,1.6339869281045754,2,ok
dobukusainezumi,5,306,1.6339869281045754,2,ok
dolce_DD_death,5,306,1.6339869281045754,2,ok
dororonpapa_,5,306,1.6339869281045754,2,ok
edosandora1017,5,306,1.6339869281045754,2,ok
edwinchi0929,5,306,1.6339869281045754,2,ok
eirxlisa,5,306,1.6339869281045754,2,ok
elikotopana,5,306,1.6339869281045754,2,ok
enasoybeansmame,5,306,1.6339869281045754,2,ok
Epedyton17,5,306,1.6339869281045754,2,ok
eririringi,5,306,1.6339869281045754,2,ok
EVENTN0TE,5,306,1.6339869281045754,2,ok
f0111003,5,306,1.6339869281045754,2,ok
F7b5_9_omit3,5,306,1.6339869281045754,2,ok
favorite_next,5,306,1.6339869281045754,2,ok
fb_live_yufis,5,306,1.6339869281045754,2,ok
fcb_fct,5,306,1.6339869281045754,2,ok
ferico_696,5,306,1.6339869281045754,2,ok
fom462,5,306,1.6339869281045754,2,ok
fooda1234,5,306,1.6339869281045754,2,ok
fourier_64,5,306,1.6339869281045754,2,ok
fuji_imasp,5,306,1.6339869281045754,2,ok
Fujirajino,5,306,1.6339869281045754,2,ok
Fumika_osuwayo,5,306,1.6339869281045754,2,ok
funky_todoroki,5,306,1.6339869281045754,2,ok
futarime1985,5,306,1.6339869281045754,2,ok
gaizl,5,306,1.6339869281045754,2,ok
glenady98,5,306,1.6339869281045754,2,ok
GNLgill,5,306,1.6339869281045754,2,ok
Gnm_Sprn,5,306,1.6339869281045754,2,ok
gokinjo0913,5,306,1.6339869281045754,2,ok
guchiiiK,5,306,1.6339869281045754,2,ok
Guren_Tsuki,5,306,1.6339869281045754,2,ok
GuriguriP,5,306,1.6339869281045754,2,ok
gxss,5,306,1.6339869281045754,2,ok
h0716y,5,306,1.6339869281045754,2,ok
ha_swell,5,306,1.6339869281045754,2,ok
happy4869,5,306,1.6339869281045754,2,ok
haraheriudon,5,306,1.6339869281045754,2,ok
haru_event,5,306,1.6339869281045754,2,ok
hato_ball,5,306,1.6339869281045754,2,ok
HC,5,306,1.6339869281045754,2,ok
hectopascaler,5,306,1.6339869281045754,2,ok
HHHHBK9,5,306,1.6339869281045754,2,ok
hiiragi93,5,306,1.6339869281045754,2,ok
hika_garden,5,306,1.6339869281045754,2,ok
hjnklm,5,306,1.6339869281045754,2,ok
home_win,5,306,1.6339869281045754,2,ok
hoshi_12_13,5,306,1.6339869281045754,2,ok
hyul0v3,5,306,1.6339869281045754,2,ok
ichigo_ole,5,306,1.6339869281045754,2,ok
ichikazy,5,306,1.6339869281045754,2,ok
ichimi105,5,306,1.6339869281045754,2,ok
idec3847,5,306,1.6339869281045754,2,ok
imas_saradaP,5,306,1.6339869281045754,2,ok
imymsn,5,306,1.6339869281045754,2,ok
inori_sumin,5,306,1.6339869281045754,2,ok
jabcolo,5,306,1.6339869281045754,2,ok
jsmn_ym921,5,306,1.6339869281045754,2,ok
jun_11071455,5,306,1.6339869281045754,2,ok
june_yah_,5,306,1.6339869281045754,2,ok
k_a_n_a_n0210,5,306,1.6339869281045754,2,ok
K_ch118,5,306,1.6339869281045754,2,ok
KADO_agrs,5,306,1.6339869281045754,2,ok
kaether,5,306,1.6339869281045754,2,ok
Kai0131,5,306,1.6339869281045754,2,ok
kai_miku39,5,306,1.6339869281045754,2,ok
kai_pyon39,5,306,1.6339869281045754,2,ok
kaidouyyy,5,306,1.6339869281045754,2,ok
KAJYU_040806,5,306,1.6339869281045754,2,ok
kamo_0806,5,306,1.6339869281045754,2,ok
kamui_rion,5,306,1.6339869281045754,2,ok
kanama_i,5,306,1.6339869281045754,2,ok
kanja_help,5,306,1.6339869281045754,2,ok
kaorimemory,5,306,1.6339869281045754,2,ok
kasekyun,5,306,1.6339869281045754,2,ok
Kayotin0130,5,306,1.6339869281045754,2,ok
KAZ111311,5,306,1.6339869281045754,2,ok
keidora,5,306,1.6339869281045754,2,ok
kejikeji0518,5,306,1.6339869281045754,2,ok
kero_ris117,5,306,1.6339869281045754,2,ok
kg1_sei,5,306,1.6339869281045754,2,ok
kilbara4,5,306,1.6339869281045754,2,ok
kinakomochidamu,5,306,1.6339869281045754,2,ok
kiriha4life,5,306,1.6339869281045754,2,ok
KiriN_okacha,5,306,1.6339869281045754,2,ok
kisa_ran,5,306,1.6339869281045754,2,ok
kishin_ao,5,306,1.6339869281045754,2,ok
kogayou,5,306,1.6339869281045754,2,ok
krn_kuran,5,306,1.6339869281045754,2,ok
kuranchi0929,5,306,1.6339869281045754,2,ok
kuro_STRIKE,5,306,1.6339869281045754,2,ok
kurokuro_high,5,306,1.6339869281045754,2,ok
L4st0rder,5,306,1.6339869281045754,2,ok
Lala_hakuhou,5,306,1.6339869281045754,2,ok
laplace1749,5,306,1.6339869281045754,2,ok
LawrencTsai,5,306,1.6339869281045754,2,ok
lively0113,5,306,1.6339869281045754,2,ok
Lond_2003,5,306,1.6339869281045754,2,ok
LoveShineOrDie,5,306,1.6339869281045754,2,ok
Lunsaaan,5,306,1.6339869281045754,2,ok
luv_yuk1kun_1,5,306,1.6339869281045754,2,ok
M34Pa,5,306,1.6339869281045754,2,ok
m9rn_,5,306,1.6339869281045754,2,ok
ma,5,306,1.6339869281045754,2,ok
maaya369,5,306,1.6339869281045754,2,ok
maaya_inori,5,306,1.6339869281045754,2,ok
MagicOfBrother,5,306,1.6339869281045754,2,ok
MAIKO_RILAKKUMA,5,306,1.6339869281045754,2,ok
maka_,5,306,1.6339869281045754,2,ok
makorinproducer,5,306,1.6339869281045754,2,ok
mamu_cs,5,306,1.6339869281045754,2,ok
Manaka1211,5,306,1.6339869281045754,2,ok
mantle129,5,306,1.6339869281045754,2,ok
Manu_san_1225,5,306,1.6339869281045754,2,ok
markinos2000,5,306,1.6339869281045754,2,ok
MarronSW,5,306,1.6339869281045754,2,ok
matobat,5,306,1.6339869281045754,2,ok
mchannaita,5,306,1.6339869281045754,2,ok
memefrog,5,306,1.6339869281045754,2,ok
meronpan_sphere,5,306,1.6339869281045754,2,ok
meshi_account,5,306,1.6339869281045754,2,ok
mikel_bk,5,306,1.6339869281045754,2,ok
miku_s2_moe,5,306,1.6339869281045754,2,ok
milky2939,5,306,1.6339869281045754,2,ok
MIM0RI29,5,306,1.6339869281045754,2,ok
minorinm7,5,306,1.6339869281045754,2,ok
mir4xy,5,306,1.6339869281045754,2,ok
MiraiiP,5,306,1.6339869281045754,2,ok
mixxx,5,306,1.6339869281045754,2,ok
miya1911,5,306,1.6339869281045754,2,ok
mk2_lza,5,306,1.6339869281045754,2,ok
mkmkfish,5,306,1.6339869281045754,2,ok
MNA_P,5,306,1.6339869281045754,2,ok
mocha78910,5,306,1.6339869281045754,2,ok
mocha__taso,5,306,1.6339869281045754,2,ok
mochinanhambarg,5,306,1.6339869281045754,2,ok
mogaa_mmy905,5,306,1.6339869281045754,2,ok
moko_update,5,306,1.6339869281045754,2,ok
monchi_smile77,5,306,1.6339869281045754,2,ok
morizoo8910,5,306,1.6339869281045754,2,ok
MotsMoty,5,306,1.6339869281045754,2,ok
mr19910727,5,306,1.6339869281045754,2,ok
mug417,5,306,1.6339869281045754,2,ok
mugyu_einz,5,306,1.6339869281045754,2,ok
muji_0522,5,306,1.6339869281045754,2,ok
MurasakiLiquid,5,306,1.6339869281045754,2,ok
muratamori1108,5,306,1.6339869281045754,2,ok
mwx110,5,306,1.6339869281045754,2,ok
myseven77,5,306,1.6339869281045754,2,ok
n_nbite,5,306,1.6339869281045754,2,ok
nagaittyo,5,306,1.6339869281045754,2,ok
nagashidaikon,5,306,1.6339869281045754,2,ok
nagikichi,5,306,1.6339869281045754,2,ok
naka33tomo,5,306,1.6339869281045754,2,ok
nakkyun,5,306,1.6339869281045754,2,ok
nato_S1021,5,306,1.6339869281045754,2,ok
nico_twinkle_r,5,306,1.6339869281045754,2,ok
nini__chan,5,306,1.6339869281045754,2,ok
nitorojr,5,306,1.6339869281045754,2,ok
nkmr_net,5,306,1.6339869281045754,2,ok
noko_noko69,5,306,1.6339869281045754,2,ok
now04110403,5,306,1.6339869281045754,2,ok
ntgt_92,5,306,1.6339869281045754,2,ok
o243kyo,5,306,1.6339869281045754,2,ok
o_Dacchi_,5,306,1.6339869281045754,2,ok
ohana_yuri_ry,5,306,1.6339869281045754,2,ok
oldcityw,5,306,1.6339869281045754,2,ok
Oo_red,5,306,1.6339869281045754,2,ok
orangesmile_30,5,306,1.6339869281045754,2,ok
ORC_OSHMKUFA,5,306,1.6339869281045754,2,ok
OrobleRL,5,306,1.6339869281045754,2,ok
Oshino_4,5,306,1.6339869281045754,2,ok
otuyamaO2,5,306,1.6339869281045754,2,ok
pachuru,5,306,1.6339869281045754,2,ok
pan_aga,5,306,1.6339869281045754,2,ok
panda_ex03,5,306,1.6339869281045754,2,ok
papyo11,5,306,1.6339869281045754,2,ok
passcode,5,306,1.6339869281045754,2,ok
pasta_ha_tarako,5,306,1.6339869281045754,2,ok
perottoyu_s,5,306,1.6339869281045754,2,ok
pigRet_979,5,306,1.6339869281045754,2,ok
pintarou0128,5,306,1.6339869281045754,2,ok
Pitch,5,306,1.6339869281045754,2,ok
potaajyu,5,306,1.6339869281045754,2,ok
potatochom,5,306,1.6339869281045754,2,ok
pppppr7,5,306,1.6339869281045754,2,ok
puppy_yk8,5,306,1.6339869281045754,2,ok
Pyxis_2M,5,306,1.6339869281045754,2,ok
quamgetsu,5,306,1.6339869281045754,2,ok
QwOTNoG4rfpGkJD,5,306,1.6339869281045754,2,ok
raji_yurupoke,5,306,1.6339869281045754,2,ok
rangtang0,5,306,1.6339869281045754,2,ok
realize25,5,306,1.6339869281045754,2,ok
REDLiSAKKO,5,306,1.6339869281045754,2,ok
rere,5,306,1.6339869281045754,2,ok
riidaDR,5,306,1.6339869281045754,2,ok
ringo_toufu,5,306,1.6339869281045754,2,ok
rintotikaosi_1,5,306,1.6339869281045754,2,ok
Rio_Asahina,5,306,1.6339869281045754,2,ok
rkdesyo,5,306,1.6339869281045754,2,ok
rourouco,5,306,1.6339869281045754,2,ok
rshadow,5,306,1.6339869281045754,2,ok
RTasuberu,5,306,1.6339869281045754,2,ok
ryoryoryoryokas,5,306,1.6339869281045754,2,ok
sabaki_UMR,5,306,1.6339869281045754,2,ok
Salo06,5,306,1.6339869281045754,2,ok
sankakudog,5,306,1.6339869281045754,2,ok
Satoken0918,5,306,1.6339869281045754,2,ok
sau_0117,5,306,1.6339869281045754,2,ok
say_from_center,5,306,1.6339869281045754,2,ok
Schefflera777,5,306,1.6339869281045754,2,ok
schwein31,5,306,1.6339869281045754,2,ok
seian0831,5,306,1.6339869281045754,2,ok
sekizui_go_go,5,306,1.6339869281045754,2,ok
sera_takane,5,306,1.6339869281045754,2,ok
setsuna_ll,5,306,1.6339869281045754,2,ok
sgipside1620,5,306,1.6339869281045754,2,ok
Shiina_12,5,306,1.6339869281045754,2,ok
shinrinnokai32,5,306,1.6339869281045754,2,ok
shinzo_cna,5,306,1.6339869281045754,2,ok
shion1818,5,306,1.6339869281045754,2,ok
shooto4,5,306,1.6339869281045754,2,ok
Shout_Baby__,5,306,1.6339869281045754,2,ok
shun_kon,5,306,1.6339869281045754,2,ok
shunpas3234,5,306,1.6339869281045754,2,ok
shunr2,5,306,1.6339869281045754,2,ok
Snow_black_0930,5,306,1.6339869281045754,2,ok
snskrrr,5,306,1.6339869281045754,2,ok
so_hato,5,306,1.6339869281045754,2,ok
somebodyscreen,5,306,1.6339869281045754,2,ok
soramoyou_taso,5,306,1.6339869281045754,2,ok
Square_AquaP,5,306,1.6339869281045754,2,ok
square_uu,5,306,1.6339869281045754,2,ok
Stargazer_RIN,5,306,1.6339869281045754,2,ok
Su_Ma346P,5,306,1.6339869281045754,2,ok
sukiyaki_man,5,306,1.6339869281045754,2,ok
sumaho_freak,5,306,1.6339869281045754,2,ok
symy_3434,5,306,1.6339869281045754,2,ok
szugur_0805,5,306,1.6339869281045754,2,ok
T_kamipack,5,306,1.6339869281045754,2,ok
t_kuro,5,306,1.6339869281045754,2,ok
Tadokorock_rin,5,306,1.6339869281045754,2,ok
tag_comic,5,306,1.6339869281045754,2,ok
takahs_afilia,5,306,1.6339869281045754,2,ok
take9120,5,306,1.6339869281045754,2,ok
taku2_loveliver,5,306,1.6339869281045754,2,ok
tamashii_masami,5,306,1.6339869281045754,2,ok
tan_machu,5,306,1.6339869281045754,2,ok
tanaka314,5,306,1.6339869281045754,2,ok
tappi_0215,5,306,1.6339869281045754,2,ok
tennenkitosan01,5,306,1.6339869281045754,2,ok
tentyo0413,5,306,1.6339869281045754,2,ok
THM_aurora,5,306,1.6339869281045754,2,ok
tigananase,5,306,1.6339869281045754,2,ok
tksghero,5,306,1.6339869281045754,2,ok
Tmiraiori,5,306,1.6339869281045754,2,ok
tnisshi,5,306,1.6339869281045754,2,ok
to_ri_go_mo_ku,5,306,1.6339869281045754,2,ok
tohukun,5,306,1.6339869281045754,2,ok
toipou0707,5,306,1.6339869281045754,2,ok
tokeunison,5,306,1.6339869281045754,2,ok
tomo_nari,5,306,1.6339869281045754,2,ok
tomoyuki0629,5,306,1.6339869281045754,2,ok
toraizin_try,5,306,1.6339869281045754,2,ok
torimimo,5,306,1.6339869281045754,2,ok
toroika2,5,306,1.6339869281045754,2,ok
toshikawamagu,5,306,1.6339869281045754,2,ok
touka,5,306,1.6339869281045754,2,ok
TowaN20010925,5,306,1.6339869281045754,2,ok
Trysun_momo,5,306,1.6339869281045754,2,ok
tutanmask,5,306,1.6339869281045754,2,ok
TVvv__lune,5,306,1.6339869281045754,2,ok
TwittMiki,5,306,1.6339869281045754,2,ok
ue02ATF01,5,306,1.6339869281045754,2,ok
uizakura20120425,5,306,1.6339869281045754,2,ok
unidayo_,5,306,1.6339869281045754,2,ok
usk696,5,306,1.6339869281045754,2,ok
UtAt_tAtU,5,306,1.6339869281045754,2,ok
utoTry,5,306,1.6339869281045754,2,ok
vern_glory,5,306,1.6339869281045754,2,ok
vlaks425,5,306,1.6339869281045754,2,ok
voce_nerd,5,306,1.6339869281045754,2,ok
witch_otti,5,306,1.6339869281045754,2,ok
wmmm_yms,5,306,1.6339869281045754,2,ok
xatpec,5,306,1.6339869281045754,2,ok
xxxxx__,5,306,1.6339869281045754,2,ok
y_koba8312,5,306,1.6339869281045754,2,ok
yakkun_anime,5,306,1.6339869281045754,2,ok
yamato20000_mls,5,306,1.6339869281045754,2,ok
yaoxinmeng,5,306,1.6339869281045754,2,ok
yasatan315,5,306,1.6339869281045754,2,ok
yato_hermit810,5,306,1.6339869281045754,2,ok
yayatasogare,5,306,1.6339869281045754,2,ok
yellow_sweeeeet,5,306,1.6339869281045754,2,ok
ykom6015,5,306,1.6339869281045754,2,ok
yoshiriko_GOD,5,306,1.6339869281045754,2,ok
yosuzume_wing,5,306,1.6339869281045754,2,ok
yps_114,5,306,1.6339869281045754,2,ok
yu131you,5,306,1.6339869281045754,2,ok
yuikaori_1019,5,306,1.6339869281045754,2,ok
yukiya1993,5,306,1.6339869281045754,2,ok
yumeyumiya,5,306,1.6339869281045754,2,ok
zenseneco,5,306,1.6339869281045754,2,ok
132mtmn,5,306,1.6339869281045754,1,ok
133_cyril,5,306,1.6339869281045754,1,ok
2234hayashimoto,5,306,1.6339869281045754,1,ok
3479ZeroEnna,5,306,1.6339869281045754,1,ok
573ko,5,306,1.6339869281045754,1,ok
6uc,5,306,1.6339869281045754,1,ok
72ti_tyan,5,306,1.6339869281045754,1,ok
8cyc,5,306,1.6339869281045754,1,ok
8sh_7,5,306,1.6339869281045754,1,ok
__END__WAV,5,306,1.6339869281045754,1,ok
__tsukasa__P,5,306,1.6339869281045754,1,ok
_key_1__1,5,306,1.6339869281045754,1,ok
_lau_rant,5,306,1.6339869281045754,1,ok
a2cP,5,306,1.6339869281045754,1,ok
aaaa,5,306,1.6339869281045754,1,ok
aayan_216,5,306,1.6339869281045754,1,ok
Allocer90,5,306,1.6339869281045754,1,ok
alpha_TOKYO,5,306,1.6339869281045754,1,ok
alphat_,5,306,1.6339869281045754,1,ok
Amany_DDM4,5,306,1.6339869281045754,1,ok
Anisu33_Vspec,5,306,1.6339869281045754,1,ok
anpan_factory,5,306,1.6339869281045754,1,ok
apple_pieP,5,306,1.6339869281045754,1,ok
Arietem17,5,306,1.6339869281045754,1,ok
arisharukas,5,306,1.6339869281045754,1,ok
awaki_P,5,306,1.6339869281045754,1,ok
AxL_lov,5,306,1.6339869281045754,1,ok
bansoukou,5,306,1.6339869281045754,1,ok
barusan117117,5,306,1.6339869281045754,1,ok
basaooooooooo,5,306,1.6339869281045754,1,ok
bemtaso,5,306,1.6339869281045754,1,ok
bidabidavi,5,306,1.6339869281045754,1,ok
blade7naoto,5,306,1.6339869281045754,1,ok
bluemauntein,5,306,1.6339869281045754,1,ok
bv_xww,5,306,1.6339869281045754,1,ok
ca45382,5,306,1.6339869281045754,1,ok
Carrie,5,306,1.6339869281045754,1,ok
cheese_pepper01,5,306,1.6339869281045754,1,ok
chiastolite,5,306,1.6339869281045754,1,ok
chunsran,5,306,1.6339869281045754,1,ok
comat,5,306,1.6339869281045754,1,ok
createbrand,5,306,1.6339869281045754,1,ok
cudweed65,5,306,1.6339869281045754,1,ok
dacapokr,5,306,1.6339869281045754,1,ok
DELTAReZEL,5,306,1.6339869281045754,1,ok
durazno_asakura,5,306,1.6339869281045754,1,ok
dyreatic,5,306,1.6339869281045754,1,ok
ElliotAnderson,5,306,1.6339869281045754,1,ok
emiya45448848,5,306,1.6339869281045754,1,ok
emperor0223,5,306,1.6339869281045754,1,ok
Eringi_oishi,5,306,1.6339869281045754,1,ok
fabi17117,5,306,1.6339869281045754,1,ok
FE_Ae,5,306,1.6339869281045754,1,ok
Fenix12r,5,306,1.6339869281045754,1,ok
fly283o2,5,306,1.6339869281045754,1,ok
Gandou468,5,306,1.6339869281045754,1,ok
gang123470,5,306,1.6339869281045754,1,ok
gardenplants,5,306,1.6339869281045754,1,ok
GENEON9,5,306,1.6339869281045754,1,ok
general_lime,5,306,1.6339869281045754,1,ok
GeneralAf3,5,306,1.6339869281045754,1,ok
gF6elDr9aH37283,5,306,1.6339869281045754,1,ok
Greenl0927,5,306,1.6339869281045754,1,ok
Hadeseats,5,306,1.6339869281045754,1,ok
haha405a,5,306,1.6339869281045754,1,ok
hariotouya1123,5,306,1.6339869281045754,1,ok
Haruaki_Walkure,5,306,1.6339869281045754,1,ok
harukatan_,5,306,1.6339869281045754,1,ok
harumss,5,306,1.6339869281045754,1,ok
hiiragi_kirai,5,306,1.6339869281045754,1,ok
himmel_mktlvr,5,306,1.6339869281045754,1,ok
hio_rr,5,306,1.6339869281045754,1,ok
HisatchP,5,306,1.6339869281045754,1,ok
hkgsugita,5,306,1.6339869281045754,1,ok
hms_307,5,306,1.6339869281045754,1,ok
holic,5,306,1.6339869281045754,1,ok
Hoon,5,306,1.6339869281045754,1,ok
hou_4762,5,306,1.6339869281045754,1,ok
huhuhu,5,306,1.6339869281045754,1,ok
IfI_wings04,5,306,1.6339869281045754,1,ok
imuchun,5,306,1.6339869281045754,1,ok
inkfish098,5,306,1.6339869281045754,1,ok
iorph,5,306,1.6339869281045754,1,ok
itamin_bz,5,306,1.6339869281045754,1,ok
itbs001,5,306,1.6339869281045754,1,ok
iwawa26,5,306,1.6339869281045754,1,ok
Jellyfish0331,5,306,1.6339869281045754,1,ok
jimarin,5,306,1.6339869281045754,1,ok
jiro_kizukiOshi,5,306,1.6339869281045754,1,ok
jizihe8,5,306,1.6339869281045754,1,ok
joukazu,5,306,1.6339869281045754,1,ok
js973800,5,306,1.6339869281045754,1,ok
Jun_Jun_0514,5,306,1.6339869281045754,1,ok
jxkinzoku2203,5,306,1.6339869281045754,1,ok
K_,5,306,1.6339869281045754,1,ok
kagiko1104,5,306,1.6339869281045754,1,ok
kantarou_net,5,306,1.6339869281045754,1,ok
kata_coricori,5,306,1.6339869281045754,1,ok
ki_Non,5,306,1.6339869281045754,1,ok
KiaTsukiyomi,5,306,1.6339869281045754,1,ok
king_muska,5,306,1.6339869281045754,1,ok
komatsubara,5,306,1.6339869281045754,1,ok
komatta_komari,5,306,1.6339869281045754,1,ok
kotatsu_de_ice,5,306,1.6339869281045754,1,ok
kotone_love,5,306,1.6339869281045754,1,ok
kotsumitsudo,5,306,1.6339869281045754,1,ok
kou417nohi,5,306,1.6339869281045754,1,ok
kpomjkobnv9oi,5,306,1.6339869281045754,1,ok
ksksnonnon,5,306,1.6339869281045754,1,ok
kukuru0377,5,306,1.6339869281045754,1,ok
kuma_kim_00,5,306,1.6339869281045754,1,ok
kurayasikitae,5,306,1.6339869281045754,1,ok
kurukuru0027,5,306,1.6339869281045754,1,ok
labyrinth,5,306,1.6339869281045754,1,ok
lhp302,5,306,1.6339869281045754,1,ok
lin331m,5,306,1.6339869281045754,1,ok
LiVER_tk6,5,306,1.6339869281045754,1,ok
ll_maruru,5,306,1.6339869281045754,1,ok
LLwhkuma,5,306,1.6339869281045754,1,ok
luci5105,5,306,1.6339869281045754,1,ok
lycoramis,5,306,1.6339869281045754,1,ok
M0nchangate,5,306,1.6339869281045754,1,ok
maboroshisenshi,5,306,1.6339869281045754,1,ok
magatoro1231,5,306,1.6339869281045754,1,ok
magatuhi31,5,306,1.6339869281045754,1,ok
Magnificent,5,306,1.6339869281045754,1,ok
mahohono0801,5,306,1.6339869281045754,1,ok
mahohono83,5,306,1.6339869281045754,1,ok
mana_mizuki,5,306,1.6339869281045754,1,ok
marines,5,306,1.6339869281045754,1,ok
maririin85,5,306,1.6339869281045754,1,ok
Marty_EbiFly,5,306,1.6339869281045754,1,ok
masachu0000,5,306,1.6339869281045754,1,ok
masaminorin,5,306,1.6339869281045754,1,ok
masarunoiwokaru,5,306,1.6339869281045754,1,ok
Maxwell_e_slim,5,306,1.6339869281045754,1,ok
mgn41210,5,306,1.6339869281045754,1,ok
Mikeneko_jive,5,306,1.6339869281045754,1,ok
mildon0573,5,306,1.6339869281045754,1,ok
Minaseinori___,5,306,1.6339869281045754,1,ok
minelva4957370,5,306,1.6339869281045754,1,ok
misakichi_uw,5,306,1.6339869281045754,1,ok
MisawaUi,5,306,1.6339869281045754,1,ok
moccie_nana,5,306,1.6339869281045754,1,ok
momocho0625,5,306,1.6339869281045754,1,ok
momonga_great,5,306,1.6339869281045754,1,ok
money_cha55,5,306,1.6339869281045754,1,ok
moonnight,5,306,1.6339869281045754,1,ok
N_B_LLSP,5,306,1.6339869281045754,1,ok
nakamura0218,5,306,1.6339869281045754,1,ok
nana7maru,5,306,1.6339869281045754,1,ok
nao19871017,5,306,1.6339869281045754,1,ok
naokeeey,5,306,1.6339869281045754,1,ok
natsunoiroiro,5,306,1.6339869281045754,1,ok
neko_mafia28,5,306,1.6339869281045754,1,ok
nekogoron,5,306,1.6339869281045754,1,ok
nekosoginkg,5,306,1.6339869281045754,1,ok
nemin_trick,5,306,1.6339869281045754,1,ok
neo_anotoropy,5,306,1.6339869281045754,1,ok
nn____,5,306,1.6339869281045754,1,ok
nnmn_y,5,306,1.6339869281045754,1,ok
Noch_KOR,5,306,1.6339869281045754,1,ok
only777days,5,306,1.6339869281045754,1,ok
orangewinsor,5,306,1.6339869281045754,1,ok
orinrin_ssss,5,306,1.6339869281045754,1,ok
os0206,5,306,1.6339869281045754,1,ok
ossanEXvain22,5,306,1.6339869281045754,1,ok
oukachan__2,5,306,1.6339869281045754,1,ok
oukokumiiin,5,306,1.6339869281045754,1,ok
oxsy_green,5,306,1.6339869281045754,1,ok
pay_siren_mm,5,306,1.6339869281045754,1,ok
pedestrian_fire,5,306,1.6339869281045754,1,ok
Perfume_283,5,306,1.6339869281045754,1,ok
philripd,5,306,1.6339869281045754,1,ok
pinokia_att,5,306,1.6339869281045754,1,ok
Polnarefffff,5,306,1.6339869281045754,1,ok
pooon1231,5,306,1.6339869281045754,1,ok
pre_two,5,306,1.6339869281045754,1,ok
prfm_kazu,5,306,1.6339869281045754,1,ok
primeracmino,5,306,1.6339869281045754,1,ok
ProfitBirb,5,306,1.6339869281045754,1,ok
PtUjxMGkOf9F014,5,306,1.6339869281045754,1,ok
puku_17_puku,5,306,1.6339869281045754,1,ok
punisherSVD,5,306,1.6339869281045754,1,ok
ramudai,5,306,1.6339869281045754,1,ok
rapid_forkofu,5,306,1.6339869281045754,1,ok
readevil9284,5,306,1.6339869281045754,1,ok
reater_s,5,306,1.6339869281045754,1,ok
Rena_C_h_H_U,5,306,1.6339869281045754,1,ok
rentonwall,5,306,1.6339869281045754,1,ok
ricket,5,306,1.6339869281045754,1,ok
rikoriko0919_,5,306,1.6339869281045754,1,ok
riswuban,5,306,1.6339869281045754,1,ok
ritukaiii,5,306,1.6339869281045754,1,ok
Ritzia_,5,306,1.6339869281045754,1,ok
rjdkedyocjuz,5,306,1.6339869281045754,1,ok
RoseliaSG400,5,306,1.6339869281045754,1,ok
RRReol_staff,5,306,1.6339869281045754,1,ok
Rubicon712,5,306,1.6339869281045754,1,ok
rui61m.0506,5,306,1.6339869281045754,1,ok
ryo6240,5,306,1.6339869281045754,1,ok
s12101801565,5,306,1.6339869281045754,1,ok
Saerok,5,306,1.6339869281045754,1,ok
saibunka_key,5,306,1.6339869281045754,1,ok
sakanahk,5,306,1.6339869281045754,1,ok
Sakuragi,5,306,1.6339869281045754,1,ok
Sanmadrameze,5,306,1.6339869281045754,1,ok
sanokumasdrops,5,306,1.6339869281045754,1,ok
satake_man,5,306,1.6339869281045754,1,ok
satoshi1990,5,306,1.6339869281045754,1,ok
sazanka9522,5,306,1.6339869281045754,1,ok
Sdian2,5,306,1.6339869281045754,1,ok
sekikaku17,5,306,1.6339869281045754,1,ok
shiroyume_,5,306,1.6339869281045754,1,ok
shizuku_girls,5,306,1.6339869281045754,1,ok
sho_04,5,306,1.6339869281045754,1,ok
SilverQuartz,5,306,1.6339869281045754,1,ok
sjp__25,5,306,1.6339869281045754,1,ok
sktys001,5,306,1.6339869281045754,1,ok
SMK_MinGi,5,306,1.6339869281045754,1,ok
snow,5,306,1.6339869281045754,1,ok
snow_memory68,5,306,1.6339869281045754,1,ok
sue__husk,5,306,1.6339869281045754,1,ok
sugar_19414,5,306,1.6339869281045754,1,ok
suitstable,5,306,1.6339869281045754,1,ok
suno_sideM,5,306,1.6339869281045754,1,ok
suumellow,5,306,1.6339869281045754,1,ok
sv_nero125,5,306,1.6339869281045754,1,ok
sweet19blues,5,306,1.6339869281045754,1,ok
t7s_P4STEL,5,306,1.6339869281045754,1,ok
taigermentaiko,5,306,1.6339869281045754,1,ok
taikonorikky,5,306,1.6339869281045754,1,ok
take769,5,306,1.6339869281045754,1,ok
tana_rhombus,5,306,1.6339869281045754,1,ok
tanicchi,5,306,1.6339869281045754,1,ok
Tanta_nan,5,306,1.6339869281045754,1,ok
Tasokara,5,306,1.6339869281045754,1,ok
Tasokara72,5,306,1.6339869281045754,1,ok
tassotaso_aru,5,306,1.6339869281045754,1,ok
Tc103_883,5,306,1.6339869281045754,1,ok
tchsam,5,306,1.6339869281045754,1,ok
tetorapod68537,5,306,1.6339869281045754,1,ok
TheGreatEscape,5,306,1.6339869281045754,1,ok
tmmskhr,5,306,1.6339869281045754,1,ok
TOD_777,5,306,1.6339869281045754,1,ok
tomattyan,5,306,1.6339869281045754,1,ok
Tor1t,5,306,1.6339869281045754,1,ok
toyo9396,5,306,1.6339869281045754,1,ok
ttt_yyy,5,306,1.6339869281045754,1,ok
tyamu_1202,5,306,1.6339869281045754,1,ok
u2_765_wp,5,306,1.6339869281045754,1,ok
ubawaretakokoro,5,306,1.6339869281045754,1,ok
uero_shooter,5,306,1.6339869281045754,1,ok
Vigharthur,5,306,1.6339869281045754,1,ok
VvPINEvV,5,306,1.6339869281045754,1,ok
Waroshi0908,5,306,1.6339869281045754,1,ok
warushawa,5,306,1.6339869281045754,1,ok
wataharukasan,5,306,1.6339869281045754,1,ok
watanabenatsukijp,5,306,1.6339869281045754,1,ok
wifi_games_only,5,306,1.6339869281045754,1,ok
Will_meaning,5,306,1.6339869281045754,1,ok
wingh47910901,5,306,1.6339869281045754,1,ok
wort11,5,306,1.6339869281045754,1,ok
wumas09,5,306,1.6339869281045754,1,ok
xIceArcher,5,306,1.6339869281045754,1,ok
xpinkinn,5,306,1.6339869281045754,1,ok
xx_hao_chan_xx,5,306,1.6339869281045754,1,ok
Y_4b9ff,5,306,1.6339869281045754,1,ok
yamagutom,5,306,1.6339869281045754,1,ok
Yayoaa1412,5,306,1.6339869281045754,1,ok
yeahneet14,5,306,1.6339869281045754,1,ok
yjsp_makai,5,306,1.6339869281045754,1,ok
yu_rmmnksr,5,306,1.6339869281045754,1,ok
yue24xx,5,306,1.6339869281045754,1,ok
YuFuta3,5,306,1.6339869281045754,1,ok
yukikagekai,5,306,1.6339869281045754,1,ok
yuma_wizneko,5,306,1.6339869281045754,1,ok
yuppi_nm,5,306,1.6339869281045754,1,ok
yuuhi,5,306,1.6339869281045754,1,ok
yuuki_LiSA,5,306,1.6339869281045754,1,ok
Yuyo,5,306,1.6339869281045754,1,ok
zakuro,5,306,1.6339869281045754,1,ok
zawasshi2438,5,306,1.6339869281045754,1,ok
zegapain22971,5,306,1.6339869281045754,1,ok
haruk_7,4,306,1.3071895424836601,5,ok
mit_ohana,4,306,1.3071895424836601,5,ok
rorin22,4,306,1.3071895424836601,5,ok
_1__9__3_,4,306,1.3071895424836601,4,ok
_thousand_love_,4,306,1.3071895424836601,4,ok
amaririiusu,4,306,1.3071895424836601,4,ok
kyaniko1113,4,306,1.3071895424836601,4,ok
morat_JPS,4,306,1.3071895424836601,4,ok
myangel_kaori,4,306,1.3071895424836601,4,ok
otsutsu22,4,306,1.3071895424836601,4,ok
peroxide_17,4,306,1.3071895424836601,4,ok
sakana387,4,306,1.3071895424836601,4,ok
taku_tuki,4,306,1.3071895424836601,4,ok
u235806,4,306,1.3071895424836601,4,ok
3rdLUNA,4,306,1.3071895424836601,3,ok
_252N,4,306,1.3071895424836601,3,ok
anti_world,4,306,1.3071895424836601,3,ok
arudarinngu,4,306,1.3071895424836601,3,ok
bb03230,4,306,1.3071895424836601,3,ok
cheeza_1,4,306,1.3071895424836601,3,ok
ciel11,4,306,1.3071895424836601,3,ok
cut0bang,4,306,1.3071895424836601,3,ok
dibt_11O,4,306,1.3071895424836601,3,ok
dododo_LL,4,306,1.3071895424836601,3,ok
ejmsht,4,306,1.3071895424836601,3,ok
futaba08,4,306,1.3071895424836601,3,ok
GAUGAU_brown,4,306,1.3071895424836601,3,ok
HU_LoveLive,4,306,1.3071895424836601,3,ok
kaisen_p,4,306,1.3071895424836601,3,ok
knuma,4,306,1.3071895424836601,3,ok
llllovelive,4,306,1.3071895424836601,3,ok
milky_12_26,4,306,1.3071895424836601,3,ok
muscat_rusk,4,306,1.3071895424836601,3,ok
nao_lipton,4,306,1.3071895424836601,3,ok
narumine,4,306,1.3071895424836601,3,ok
norishiosan,4,306,1.3071895424836601,3,ok
PIKKOMEN,4,306,1.3071895424836601,3,ok
ryo_0719,4,306,1.3071895424836601,3,ok
Seiha_a,4,306,1.3071895424836601,3,ok
SeiRu49,4,306,1.3071895424836601,3,ok
shin_1015,4,306,1.3071895424836601,3,ok
show_inf,4,306,1.3071895424836601,3,ok
soul_takatou,4,306,1.3071895424836601,3,ok
takuya69979152,4,306,1.3071895424836601,3,ok
yakinton_umi,4,306,1.3071895424836601,3,ok
yuki_225kh,4,306,1.3071895424836601,3,ok
yukki_zoi,4,306,1.3071895424836601,3,ok
yuuu_1412,4,306,1.3071895424836601,3,ok
zone_ma8,4,306,1.3071895424836601,3,ok
0131_kanon,4,306,1.3071895424836601,2,ok
02yuta20,4,306,1.3071895424836601,2,ok
0310gm,4,306,1.3071895424836601,2,ok
0709_mn,4,306,1.3071895424836601,2,ok
094_Akira,4,306,1.3071895424836601,2,ok
0VERLAPPERS,4,306,1.3071895424836601,2,ok
0xA718,4,306,1.3071895424836601,2,ok
1111P_YURIKO_,4,306,1.3071895424836601,2,ok
1454Kappy,4,306,1.3071895424836601,2,ok
183_minakami,4,306,1.3071895424836601,2,ok
235806,4,306,1.3071895424836601,2,ok
30624700,4,306,1.3071895424836601,2,ok
3cue7877,4,306,1.3071895424836601,2,ok
3night_3day,4,306,1.3071895424836601,2,ok
417selpro,4,306,1.3071895424836601,2,ok
506Farley,4,306,1.3071895424836601,2,ok
6lolico9,4,306,1.3071895424836601,2,ok
722meriko,4,306,1.3071895424836601,2,ok
9tarou0903,4,306,1.3071895424836601,2,ok
_5kj44_guri,4,306,1.3071895424836601,2,ok
______sw6,4,306,1.3071895424836601,2,ok
______swO6,4,306,1.3071895424836601,2,ok
___sksn20,4,306,1.3071895424836601,2,ok
__OM7,4,306,1.3071895424836601,2,ok
_alice_arc_,4,306,1.3071895424836601,2,ok
_Ctre,4,306,1.3071895424836601,2,ok
_Maa0406_,4,306,1.3071895424836601,2,ok
_mO8,4,306,1.3071895424836601,2,ok
_mochipon_,4,306,1.3071895424836601,2,ok
_nya07,4,306,1.3071895424836601,2,ok
_pprgm,4,306,1.3071895424836601,2,ok
_sisteron_,4,306,1.3071895424836601,2,ok
_z_70,4,306,1.3071895424836601,2,ok
a40san,4,306,1.3071895424836601,2,ok
Abu6913,4,306,1.3071895424836601,2,ok
accel114575,4,306,1.3071895424836601,2,ok
adgjmptw79,4,306,1.3071895424836601,2,ok
ainya723,4,306,1.3071895424836601,2,ok
aishite705,4,306,1.3071895424836601,2,ok
aki_6226,4,306,1.3071895424836601,2,ok
akijuve2525,4,306,1.3071895424836601,2,ok
akinamo5,4,306,1.3071895424836601,2,ok
akkie_sat4,4,306,1.3071895424836601,2,ok
aksk_3,4,306,1.3071895424836601,2,ok
alice_0074086,4,306,1.3071895424836601,2,ok
alty_o,4,306,1.3071895424836601,2,ok
alumino626,4,306,1.3071895424836601,2,ok
amane1118bw,4,306,1.3071895424836601,2,ok
AMeararEX,4,306,1.3071895424836601,2,ok
amjtwpdjd,4,306,1.3071895424836601,2,ok
amu_yagi,4,306,1.3071895424836601,2,ok
ano_miss,4,306,1.3071895424836601,2,ok
Ant_Ekko,4,306,1.3071895424836601,2,ok
anya_gr_rb,4,306,1.3071895424836601,2,ok
ao_WiFi,4,306,1.3071895424836601,2,ok
aoiro301,4,306,1.3071895424836601,2,ok
aoiyuu_infinity,4,306,1.3071895424836601,2,ok
applecab99,4,306,1.3071895424836601,2,ok
araigiga,4,306,1.3071895424836601,2,ok
araman_sphere,4,306,1.3071895424836601,2,ok
archan1234,4,306,1.3071895424836601,2,ok
arienkireikirei,4,306,1.3071895424836601,2,ok
aruba711,4,306,1.3071895424836601,2,ok
arufu_sansu,4,306,1.3071895424836601,2,ok
arugi_delta,4,306,1.3071895424836601,2,ok
Arukas_DFD,4,306,1.3071895424836601,2,ok
aruku,4,306,1.3071895424836601,2,ok
arvent03_c,4,306,1.3071895424836601,2,ok
as__w__,4,306,1.3071895424836601,2,ok
asakura_makoto,4,306,1.3071895424836601,2,ok
Astrogation_7,4,306,1.3071895424836601,2,ok
ATB8239,4,306,1.3071895424836601,2,ok
aweawe0108,4,306,1.3071895424836601,2,ok
axgun32,4,306,1.3071895424836601,2,ok
AXL19911,4,306,1.3071895424836601,2,ok
AY_Sail,4,306,1.3071895424836601,2,ok
AyAbHA,4,306,1.3071895424836601,2,ok
ayaneruDxD,4,306,1.3071895424836601,2,ok
AZUSA_E3,4,306,1.3071895424836601,2,ok
B_chief,4,306,1.3071895424836601,2,ok
bbn_415k,4,306,1.3071895424836601,2,ok
bechitan,4,306,1.3071895424836601,2,ok
begapank,4,306,1.3071895424836601,2,ok
bendigahide,4,306,1.3071895424836601,2,ok
bernsteines,4,306,1.3071895424836601,2,ok
berubureido,4,306,1.3071895424836601,2,ok
biohazard_JB,4,306,1.3071895424836601,2,ok
blue_wind,4,306,1.3071895424836601,2,ok
bobbierob,4,306,1.3071895424836601,2,ok
BULLinthemirror,4,306,1.3071895424836601,2,ok
BURSTknuckle,4,306,1.3071895424836601,2,ok
butyouare,4,306,1.3071895424836601,2,ok
cackuru,4,306,1.3071895424836601,2,ok
calmel_17,4,306,1.3071895424836601,2,ok
CaRroT_yoda,4,306,1.3071895424836601,2,ok
cc_maker_noripe,4,306,1.3071895424836601,2,ok
cercueil_noir90,4,306,1.3071895424836601,2,ok
changwangtat,4,306,1.3071895424836601,2,ok
chanu0225,4,306,1.3071895424836601,2,ok
cheermecheeryou,4,306,1.3071895424836601,2,ok
chemilk12,4,306,1.3071895424836601,2,ok
chi_mfn,4,306,1.3071895424836601,2,ok
chikuwa_5,4,306,1.3071895424836601,2,ok
chiyo_1115,4,306,1.3071895424836601,2,ok
choikong0519,4,306,1.3071895424836601,2,ok
christung,4,306,1.3071895424836601,2,ok
CooKie_501,4,306,1.3071895424836601,2,ok
cosmonchy,4,306,1.3071895424836601,2,ok
Crimean10,4,306,1.3071895424836601,2,ok
crossroad3150,4,306,1.3071895424836601,2,ok
cs80t___n,4,306,1.3071895424836601,2,ok
CTH723,4,306,1.3071895424836601,2,ok
Curemoja0017,4,306,1.3071895424836601,2,ok
Cyclo4888,4,306,1.3071895424836601,2,ok
d_tweet1005,4,306,1.3071895424836601,2,ok
dasfeenreich,4,306,1.3071895424836601,2,ok
DAT_butas,4,306,1.3071895424836601,2,ok
dd5650,4,306,1.3071895424836601,2,ok
ddmotaku,4,306,1.3071895424836601,2,ok
dendenkai,4,306,1.3071895424836601,2,ok
Denideni,4,306,1.3071895424836601,2,ok
dericochan,4,306,1.3071895424836601,2,ok
drsn_373,4,306,1.3071895424836601,2,ok
DruSML,4,306,1.3071895424836601,2,ok
DS_0_0_,4,306,1.3071895424836601,2,ok
e_clear_,4,306,1.3071895424836601,2,ok
E_Nomanoma,4,306,1.3071895424836601,2,ok
eakonlove2,4,306,1.3071895424836601,2,ok
edihakat,4,306,1.3071895424836601,2,ok
ef_arianag,4,306,1.3071895424836601,2,ok
eliti_iris501,4,306,1.3071895424836601,2,ok
eri_noria,4,306,1.3071895424836601,2,ok
ETAPON,4,306,1.3071895424836601,2,ok
eveperion,4,306,1.3071895424836601,2,ok
eversprn,4,306,1.3071895424836601,2,ok
F_pipin,4,306,1.3071895424836601,2,ok
f_tenks,4,306,1.3071895424836601,2,ok
fctokyo_X,4,306,1.3071895424836601,2,ok
Fibonaccinumber,4,306,1.3071895424836601,2,ok
FifanyTo,4,306,1.3071895424836601,2,ok
fizz_03,4,306,1.3071895424836601,2,ok
fks_anko,4,306,1.3071895424836601,2,ok
flee_ghost,4,306,1.3071895424836601,2,ok
FooFighters,4,306,1.3071895424836601,2,ok
foution,4,306,1.3071895424836601,2,ok
freeze_shano,4,306,1.3071895424836601,2,ok
fripSide_fotSn,4,306,1.3071895424836601,2,ok
fujikkono,4,306,1.3071895424836601,2,ok
fukufuku_l,4,306,1.3071895424836601,2,ok
fuma_m,4,306,1.3071895424836601,2,ok
furan_sikosiko,4,306,1.3071895424836601,2,ok
Furatooooo,4,306,1.3071895424836601,2,ok
fuwakorostars,4,306,1.3071895424836601,2,ok
fuyop_,4,306,1.3071895424836601,2,ok
g_gioio,4,306,1.3071895424836601,2,ok
gaaaaaa_chos,4,306,1.3071895424836601,2,ok
game_of_stride,4,306,1.3071895424836601,2,ok
garakutadayo,4,306,1.3071895424836601,2,ok
gato_etsuranyou,4,306,1.3071895424836601,2,ok
ginmochi1008,4,306,1.3071895424836601,2,ok
GN_01l,4,306,1.3071895424836601,2,ok
goeichi,4,306,1.3071895424836601,2,ok
gouyuumusou,4,306,1.3071895424836601,2,ok
GUCCI812,4,306,1.3071895424836601,2,ok
guin139,4,306,1.3071895424836601,2,ok
guruguru,4,306,1.3071895424836601,2,ok
h1rp_,4,306,1.3071895424836601,2,ok
h_ryo97,4,306,1.3071895424836601,2,ok
Hacchin00,4,306,1.3071895424836601,2,ok
hadou_,4,306,1.3071895424836601,2,ok
hajameP,4,306,1.3071895424836601,2,ok
haluki1026,4,306,1.3071895424836601,2,ok
hanatsubaki,4,306,1.3071895424836601,2,ok
harasho10211112,4,306,1.3071895424836601,2,ok
hard244,4,306,1.3071895424836601,2,ok
harol_4448,4,306,1.3071895424836601,2,ok
hayamas0,4,306,1.3071895424836601,2,ok
hayami_sandar,4,306,1.3071895424836601,2,ok
hazimesama0215,4,306,1.3071895424836601,2,ok
heartofglass25,4,306,1.3071895424836601,2,ok
hego_874,4,306,1.3071895424836601,2,ok
heust_TF,4,306,1.3071895424836601,2,ok
hi33z,4,306,1.3071895424836601,2,ok
hibi_konomi555,4,306,1.3071895424836601,2,ok
HIBIKI_9011,4,306,1.3071895424836601,2,ok
highpowered72,4,306,1.3071895424836601,2,ok
hijiri711,4,306,1.3071895424836601,2,ok
hika3_fgo,4,306,1.3071895424836601,2,ok
HikariFlight,4,306,1.3071895424836601,2,ok
himeragi01,4,306,1.3071895424836601,2,ok
hinataotonasi,4,306,1.3071895424836601,2,ok
hipfan1,4,306,1.3071895424836601,2,ok
hiroshima_P_,4,306,1.3071895424836601,2,ok
hiruruha,4,306,1.3071895424836601,2,ok
hon_ho_,4,306,1.3071895424836601,2,ok
hosgosu,4,306,1.3071895424836601,2,ok
hotsuma07,4,306,1.3071895424836601,2,ok
hrjksd_0329,4,306,1.3071895424836601,2,ok
hrkw_610,4,306,1.3071895424836601,2,ok
hujinohara,4,306,1.3071895424836601,2,ok
hurosutotyan,4,306,1.3071895424836601,2,ok
hyt_krsk,4,306,1.3071895424836601,2,ok
ichi_ms,4,306,1.3071895424836601,2,ok
idaten,4,306,1.3071895424836601,2,ok
Idc411,4,306,1.3071895424836601,2,ok
ikaikasuko_suka,4,306,1.3071895424836601,2,ok
ikunasayukki,4,306,1.3071895424836601,2,ok
ilcosh,4,306,1.3071895424836601,2,ok
Illusionist_TK,4,306,1.3071895424836601,2,ok
inAomori,4,306,1.3071895424836601,2,ok
inokumanerusao,4,306,1.3071895424836601,2,ok
inouekokutou,4,306,1.3071895424836601,2,ok
inr_kunya_,4,306,1.3071895424836601,2,ok
iorin0,4,306,1.3071895424836601,2,ok
isu,4,306,1.3071895424836601,2,ok
isumin8,4,306,1.3071895424836601,2,ok
itahei0205,4,306,1.3071895424836601,2,ok
Itokon_Libra26,4,306,1.3071895424836601,2,ok
itsu__0131,4,306,1.3071895424836601,2,ok
J_Watson221B,4,306,1.3071895424836601,2,ok
jackoblegend,4,306,1.3071895424836601,2,ok
jackoflegend,4,306,1.3071895424836601,2,ok
joa_YS,4,306,1.3071895424836601,2,ok
k_javao,4,306,1.3071895424836601,2,ok
k_nosu1,4,306,1.3071895424836601,2,ok
kaiendo3100,4,306,1.3071895424836601,2,ok
kaito236426,4,306,1.3071895424836601,2,ok
kakipon,4,306,1.3071895424836601,2,ok
kakoyama,4,306,1.3071895424836601,2,ok
kalafinahayami,4,306,1.3071895424836601,2,ok
kameda,4,306,1.3071895424836601,2,ok
kami_jisho,4,306,1.3071895424836601,2,ok
kamikarmi,4,306,1.3071895424836601,2,ok
kamisimak,4,306,1.3071895424836601,2,ok
kanaryuhana,4,306,1.3071895424836601,2,ok
kanazawa_0,4,306,1.3071895424836601,2,ok
kano_p,4,306,1.3071895424836601,2,ok
karamiso428,4,306,1.3071895424836601,2,ok
kasane6hshs,4,306,1.3071895424836601,2,ok
kat_MickeyP,4,306,1.3071895424836601,2,ok
katakata0411,4,306,1.3071895424836601,2,ok
katoupoteti,4,306,1.3071895424836601,2,ok
kayou1109,4,306,1.3071895424836601,2,ok
kazusan,4,306,1.3071895424836601,2,ok
kei.k66966,4,306,1.3071895424836601,2,ok
kei0820kyoto,4,306,1.3071895424836601,2,ok
kentaitei_savot,4,306,1.3071895424836601,2,ok
keylike07,4,306,1.3071895424836601,2,ok
kffe_,4,306,1.3071895424836601,2,ok
kiara_my_love,4,306,1.3071895424836601,2,ok
kingpan_fkt925,4,306,1.3071895424836601,2,ok
kino_chihaya,4,306,1.3071895424836601,2,ok
kinpatuoisi,4,306,1.3071895424836601,2,ok
kitamura_aoi,4,306,1.3071895424836601,2,ok
kjun3939,4,306,1.3071895424836601,2,ok
kkj_kankitsu,4,306,1.3071895424836601,2,ok
kkzk,4,306,1.3071895424836601,2,ok
knoanime,4,306,1.3071895424836601,2,ok
kogane_izumiya,4,306,1.3071895424836601,2,ok
Komiya_rio110,4,306,1.3071895424836601,2,ok
kong29116,4,306,1.3071895424836601,2,ok
konomin_19,4,306,1.3071895424836601,2,ok
kototin,4,306,1.3071895424836601,2,ok
kougyou0611,4,306,1.3071895424836601,2,ok
koukif821aw,4,306,1.3071895424836601,2,ok
ks_pedretti,4,306,1.3071895424836601,2,ok
ku_haku_h,4,306,1.3071895424836601,2,ok
kugyuryavka,4,306,1.3071895424836601,2,ok
kunca_3,4,306,1.3071895424836601,2,ok
kurenai135,4,306,1.3071895424836601,2,ok
kusonemi1123,4,306,1.3071895424836601,2,ok
kuzusupport,4,306,1.3071895424836601,2,ok
kyobrass,4,306,1.3071895424836601,2,ok
kyosyujyoiku1,4,306,1.3071895424836601,2,ok
kyoutio,4,306,1.3071895424836601,2,ok
L_ozk_L,4,306,1.3071895424836601,2,ok
leoleoff,4,306,1.3071895424836601,2,ok
Leonhardt_Sana,4,306,1.3071895424836601,2,ok
lets_nekomam,4,306,1.3071895424836601,2,ok
Libra_efp2014,4,306,1.3071895424836601,2,ok
LiCnon17,4,306,1.3071895424836601,2,ok
lightex_shigren,4,306,1.3071895424836601,2,ok
lilaclotus1,4,306,1.3071895424836601,2,ok
Lillidan,4,306,1.3071895424836601,2,ok
lishisa123,4,306,1.3071895424836601,2,ok
lJe_gflx,4,306,1.3071895424836601,2,ok
lju7513,4,306,1.3071895424836601,2,ok
Long_t31613f,4,306,1.3071895424836601,2,ok
loopline103,4,306,1.3071895424836601,2,ok
LoVendoR_07,4,306,1.3071895424836601,2,ok
LunaBC03330,4,306,1.3071895424836601,2,ok
m06t4ke,4,306,1.3071895424836601,2,ok
ma_1925nana,4,306,1.3071895424836601,2,ok
ma_sa_ki_17,4,306,1.3071895424836601,2,ok
MacMasaka_46,4,306,1.3071895424836601,2,ok
mact,4,306,1.3071895424836601,2,ok
maeda89maeda,4,306,1.3071895424836601,2,ok
maha_yui,4,306,1.3071895424836601,2,ok
makkoumayn,4,306,1.3071895424836601,2,ok
makotun10,4,306,1.3071895424836601,2,ok
mamenano0112,4,306,1.3071895424836601,2,ok
mamerhythm,4,306,1.3071895424836601,2,ok
mamimu,4,306,1.3071895424836601,2,ok
mamu_0626,4,306,1.3071895424836601,2,ok
mareitasoooo,4,306,1.3071895424836601,2,ok
maru__mtod,4,306,1.3071895424836601,2,ok
masa1935871213,4,306,1.3071895424836601,2,ok
MasaQma,4,306,1.3071895424836601,2,ok
masya_niki,4,306,1.3071895424836601,2,ok
masya_ol,4,306,1.3071895424836601,2,ok
maxwell_1783,4,306,1.3071895424836601,2,ok
mayulyn2,4,306,1.3071895424836601,2,ok
MeiNetsu,4,306,1.3071895424836601,2,ok
melicooo,4,306,1.3071895424836601,2,ok
memolist,4,306,1.3071895424836601,2,ok
mezamenofoll,4,306,1.3071895424836601,2,ok
mi_tukinami3519,4,306,1.3071895424836601,2,ok
miGDM7,4,306,1.3071895424836601,2,ok
mikihiro980601,4,306,1.3071895424836601,2,ok
MiLimeru,4,306,1.3071895424836601,2,ok
millionslot_sbs,4,306,1.3071895424836601,2,ok
mina_shi_01,4,306,1.3071895424836601,2,ok
minako0516,4,306,1.3071895424836601,2,ok
mirachan_star,4,306,1.3071895424836601,2,ok
mitoko0765,4,306,1.3071895424836601,2,ok
miya_bino,4,306,1.3071895424836601,2,ok
miya_m_s,4,306,1.3071895424836601,2,ok
miyaken46,4,306,1.3071895424836601,2,ok
MMx_NZ,4,306,1.3071895424836601,2,ok
mNii0000,4,306,1.3071895424836601,2,ok
mochi_hashi10,4,306,1.3071895424836601,2,ok
mochidamochiko,4,306,1.3071895424836601,2,ok
mochomochipan,4,306,1.3071895424836601,2,ok
mokkan909,4,306,1.3071895424836601,2,ok
momocchi_tm,4,306,1.3071895424836601,2,ok
moru_mot,4,306,1.3071895424836601,2,ok
MRkokeC22,4,306,1.3071895424836601,2,ok
mrturpin,4,306,1.3071895424836601,2,ok
mskxx7,4,306,1.3071895424836601,2,ok
msy_ue,4,306,1.3071895424836601,2,ok
muhotchi,4,306,1.3071895424836601,2,ok
myhO8yd,4,306,1.3071895424836601,2,ok
N2580357,4,306,1.3071895424836601,2,ok
n_ryo,4,306,1.3071895424836601,2,ok
N_starmine,4,306,1.3071895424836601,2,ok
na_emina49,4,306,1.3071895424836601,2,ok
NaCl1313,4,306,1.3071895424836601,2,ok
NaFo_271083,4,306,1.3071895424836601,2,ok
nagiroku0620,4,306,1.3071895424836601,2,ok
NAGISA2241,4,306,1.3071895424836601,2,ok
nandakanda456,4,306,1.3071895424836601,2,ok
Nanjakoryaaaa,4,306,1.3071895424836601,2,ok
Nanon0929,4,306,1.3071895424836601,2,ok
nanyuan_34,4,306,1.3071895424836601,2,ok
narikaru,4,306,1.3071895424836601,2,ok
nariyama,4,306,1.3071895424836601,2,ok
natsuki_yukari,4,306,1.3071895424836601,2,ok
natumikan9424,4,306,1.3071895424836601,2,ok
nazuzuki,4,306,1.3071895424836601,2,ok
Ne_syan,4,306,1.3071895424836601,2,ok
neku_bumpy,4,306,1.3071895424836601,2,ok
NEKUROSHIA,4,306,1.3071895424836601,2,ok
neneco_34,4,306,1.3071895424836601,2,ok
nerin,4,306,1.3071895424836601,2,ok
nex0599,4,306,1.3071895424836601,2,ok
NexSub,4,306,1.3071895424836601,2,ok
nikeya_,4,306,1.3071895424836601,2,ok
nikonikoneko,4,306,1.3071895424836601,2,ok
nknk398,4,306,1.3071895424836601,2,ok
nktmario,4,306,1.3071895424836601,2,ok
nm7_koju2_1,4,306,1.3071895424836601,2,ok
nnn03600084,4,306,1.3071895424836601,2,ok
noooroooi,4,306,1.3071895424836601,2,ok
noramani1112,4,306,1.3071895424836601,2,ok
nosukevirus,4,306,1.3071895424836601,2,ok
nox_homura,4,306,1.3071895424836601,2,ok
nukonyannyan,4,306,1.3071895424836601,2,ok
oiryo,4,306,1.3071895424836601,2,ok
ojii_san3,4,306,1.3071895424836601,2,ok
okacchi0715,4,306,1.3071895424836601,2,ok
okachi_hero,4,306,1.3071895424836601,2,ok
OkitoSoil,4,306,1.3071895424836601,2,ok
okome102,4,306,1.3071895424836601,2,ok
OnlyOneTreasure,4,306,1.3071895424836601,2,ok
Onswar,4,306,1.3071895424836601,2,ok
osakana_net,4,306,1.3071895424836601,2,ok
oshinko_shinobu,4,306,1.3071895424836601,2,ok
p_deny,4,306,1.3071895424836601,2,ok
paladiso2000,4,306,1.3071895424836601,2,ok
panran7662,4,306,1.3071895424836601,2,ok
parasite915,4,306,1.3071895424836601,2,ok
parudo63,4,306,1.3071895424836601,2,ok
pechu555,4,306,1.3071895424836601,2,ok
pikaexxe,4,306,1.3071895424836601,2,ok
pikkoro0526,4,306,1.3071895424836601,2,ok
pile_NN,4,306,1.3071895424836601,2,ok
pler84,4,306,1.3071895424836601,2,ok
pluscross,4,306,1.3071895424836601,2,ok
poi1607,4,306,1.3071895424836601,2,ok
poi554,4,306,1.3071895424836601,2,ok
poipoibrother,4,306,1.3071895424836601,2,ok
pokkexi,4,306,1.3071895424836601,2,ok
ponium614,4,306,1.3071895424836601,2,ok
Ponta_kmkks,4,306,1.3071895424836601,2,ok
ppp_puccio0213,4,306,1.3071895424836601,2,ok
prayer_hi,4,306,1.3071895424836601,2,ok
preakuri11,4,306,1.3071895424836601,2,ok
push_noren,4,306,1.3071895424836601,2,ok
pUWQU1FKB6XVNBW,4,306,1.3071895424836601,2,ok
Q0Ji8Kl5gpVbvbH,4,306,1.3071895424836601,2,ok
q_Lilas,4,306,1.3071895424836601,2,ok
ragnarokyubu,4,306,1.3071895424836601,2,ok
RAISING_h,4,306,1.3071895424836601,2,ok
Rakko_CD,4,306,1.3071895424836601,2,ok
Rapid_3448,4,306,1.3071895424836601,2,ok
raramatsu3,4,306,1.3071895424836601,2,ok
rasuk37,4,306,1.3071895424836601,2,ok
ratton_249,4,306,1.3071895424836601,2,ok
Rcysh,4,306,1.3071895424836601,2,ok
renkapon,4,306,1.3071895424836601,2,ok
Reunion_sh,4,306,1.3071895424836601,2,ok
ri_ku,4,306,1.3071895424836601,2,ok
Ride_Az_Eru2,4,306,1.3071895424836601,2,ok
riho_maaya_xxx,4,306,1.3071895424836601,2,ok
rin_rin9,4,306,1.3071895424836601,2,ok
riris_x_riris,4,306,1.3071895424836601,2,ok
riv1_ain,4,306,1.3071895424836601,2,ok
riv1_aintyuu,4,306,1.3071895424836601,2,ok
riz_nm7,4,306,1.3071895424836601,2,ok
robin_wingfield,4,306,1.3071895424836601,2,ok
romu_243,4,306,1.3071895424836601,2,ok
Rosenfeld_rxkx,4,306,1.3071895424836601,2,ok
RP,4,306,1.3071895424836601,2,ok
rurichan_0122,4,306,1.3071895424836601,2,ok
s_azumaya,4,306,1.3071895424836601,2,ok
s_impresion255,4,306,1.3071895424836601,2,ok
s_tuitotu,4,306,1.3071895424836601,2,ok
saizeriya,4,306,1.3071895424836601,2,ok
sakunationninth,4,306,1.3071895424836601,2,ok
sanfreon,4,306,1.3071895424836601,2,ok
Saridom_T,4,306,1.3071895424836601,2,ok
satoshilipton,4,306,1.3071895424836601,2,ok
sawa1901,4,306,1.3071895424836601,2,ok
Sduet533,4,306,1.3071895424836601,2,ok
sen_J_ou,4,306,1.3071895424836601,2,ok
sharuru7,4,306,1.3071895424836601,2,ok
sherpa1024,4,306,1.3071895424836601,2,ok
Shevakari_7,4,306,1.3071895424836601,2,ok
shi_ka_lovely,4,306,1.3071895424836601,2,ok
shi_ykrn1026,4,306,1.3071895424836601,2,ok
ShiiBamboo,4,306,1.3071895424836601,2,ok
shikongiretukaoru,4,306,1.3071895424836601,2,ok
Shin0415_KoY,4,306,1.3071895424836601,2,ok
shin_mamjif,4,306,1.3071895424836601,2,ok
shiraimu46,4,306,1.3071895424836601,2,ok
shiron0129,4,306,1.3071895424836601,2,ok
shironagas,4,306,1.3071895424836601,2,ok
sicks_nine69,4,306,1.3071895424836601,2,ok
sigrdrifa,4,306,1.3071895424836601,2,ok
silver_next41,4,306,1.3071895424836601,2,ok
siro_live_0501,4,306,1.3071895424836601,2,ok
sknk00,4,306,1.3071895424836601,2,ok
skpntsu,4,306,1.3071895424836601,2,ok
Skynet7256,4,306,1.3071895424836601,2,ok
smile773,4,306,1.3071895424836601,2,ok
sobaya7,4,306,1.3071895424836601,2,ok
sora_773,4,306,1.3071895424836601,2,ok
sorao_TY,4,306,1.3071895424836601,2,ok
sou_audio,4,306,1.3071895424836601,2,ok
soumen0214,4,306,1.3071895424836601,2,ok
SouthFaraway375,4,306,1.3071895424836601,2,ok
souya1222,4,306,1.3071895424836601,2,ok
sphere0000,4,306,1.3071895424836601,2,ok
spitz08290625,4,306,1.3071895424836601,2,ok
spring29__,4,306,1.3071895424836601,2,ok
ssd_skgm,4,306,1.3071895424836601,2,ok
star_n7o,4,306,1.3071895424836601,2,ok
startline_375,4,306,1.3071895424836601,2,ok
stubblebeard,4,306,1.3071895424836601,2,ok
su3636,4,306,1.3071895424836601,2,ok
su_mel716,4,306,1.3071895424836601,2,ok
sugapi_765_741,4,306,1.3071895424836601,2,ok
sukuracchi,4,306,1.3071895424836601,2,ok
Sumi1219_Azu,4,306,1.3071895424836601,2,ok
sunnyrider7,4,306,1.3071895424836601,2,ok
supecialazu0908,4,306,1.3071895424836601,2,ok
suwakoishi,4,306,1.3071895424836601,2,ok
SUZUMIYA___,4,306,1.3071895424836601,2,ok
SyuAqua,4,306,1.3071895424836601,2,ok
t9_manno,4,306,1.3071895424836601,2,ok
t_mikaduchi,4,306,1.3071895424836601,2,ok
taisa_ye,4,306,1.3071895424836601,2,ok
takanasi0405,4,306,1.3071895424836601,2,ok
taken_ljos,4,306,1.3071895424836601,2,ok
taker0403,4,306,1.3071895424836601,2,ok
takowasa_yk,4,306,1.3071895424836601,2,ok
taku_nm7,4,306,1.3071895424836601,2,ok
takuo011,4,306,1.3071895424836601,2,ok
Tam2P,4,306,1.3071895424836601,2,ok
tam_yryr,4,306,1.3071895424836601,2,ok
Tama_siranui,4,306,1.3071895424836601,2,ok
taotakuci,4,306,1.3071895424836601,2,ok
tassieparad,4,306,1.3071895424836601,2,ok
tat_tatatt,4,306,1.3071895424836601,2,ok
tatsuta77,4,306,1.3071895424836601,2,ok
tattun1012,4,306,1.3071895424836601,2,ok
tdaraiba1222,4,306,1.3071895424836601,2,ok
teckaikatsu,4,306,1.3071895424836601,2,ok
temayute315,4,306,1.3071895424836601,2,ok
terrenceng888,4,306,1.3071895424836601,2,ok
tian7box,4,306,1.3071895424836601,2,ok
tikipon_D,4,306,1.3071895424836601,2,ok
titeizinnn,4,306,1.3071895424836601,2,ok
tktt98421891,4,306,1.3071895424836601,2,ok
tm_miko_carisa,4,306,1.3071895424836601,2,ok
tMa_1227_Daphne,4,306,1.3071895424836601,2,ok
Toingofove,4,306,1.3071895424836601,2,ok
ToiPu_bocchi,4,306,1.3071895424836601,2,ok
tokumei917,4,306,1.3071895424836601,2,ok
tom1_kuni,4,306,1.3071895424836601,2,ok
tommy1202,4,306,1.3071895424836601,2,ok
tomokamaki,4,306,1.3071895424836601,2,ok
toneyuka_muuun,4,306,1.3071895424836601,2,ok
torate2_,4,306,1.3071895424836601,2,ok
toshio1004,4,306,1.3071895424836601,2,ok
toufucchi,4,306,1.3071895424836601,2,ok
trtr26,4,306,1.3071895424836601,2,ok
TsubasaNOIR2728,4,306,1.3071895424836601,2,ok
tsuka_sunshine,4,306,1.3071895424836601,2,ok
tsuwatch,4,306,1.3071895424836601,2,ok
tukisitaniku,4,306,1.3071895424836601,2,ok
tutadani,4,306,1.3071895424836601,2,ok
tuti_Happy_Life,4,306,1.3071895424836601,2,ok
twsk0630,4,306,1.3071895424836601,2,ok
twsk630,4,306,1.3071895424836601,2,ok
tyKeP,4,306,1.3071895424836601,2,ok
tyoru_,4,306,1.3071895424836601,2,ok
uch124,4,306,1.3071895424836601,2,ok
uesaka_yuto,4,306,1.3071895424836601,2,ok
uji07,4,306,1.3071895424836601,2,ok
UL3204CDR,4,306,1.3071895424836601,2,ok
UM_shioP,4,306,1.3071895424836601,2,ok
UMA_SHIKA696,4,306,1.3071895424836601,2,ok
umikoto_x2,4,306,1.3071895424836601,2,ok
unicorn0419,4,306,1.3071895424836601,2,ok
unruly_coaster_,4,306,1.3071895424836601,2,ok
up_yourlie,4,306,1.3071895424836601,2,ok
uraji29,4,306,1.3071895424836601,2,ok
v_tikubi1919bot,4,306,1.3071895424836601,2,ok
Vag_BK,4,306,1.3071895424836601,2,ok
vanessa,4,306,1.3071895424836601,2,ok
VICTOIRE,4,306,1.3071895424836601,2,ok
volcom_tion,4,306,1.3071895424836601,2,ok
Wakidaisuki_san,4,306,1.3071895424836601,2,ok
wanderwort,4,306,1.3071895424836601,2,ok
warupunyugisu,4,306,1.3071895424836601,2,ok
wata_013,4,306,1.3071895424836601,2,ok
windvalley_,4,306,1.3071895424836601,2,ok
wr_ryu,4,306,1.3071895424836601,2,ok
wthrksn,4,306,1.3071895424836601,2,ok
wugfrom0802,4,306,1.3071895424836601,2,ok
wugzaemon,4,306,1.3071895424836601,2,ok
wulingkai,4,306,1.3071895424836601,2,ok
xnxjinxnx,4,306,1.3071895424836601,2,ok
XxARARExX,4,306,1.3071895424836601,2,ok
xxx_runa12,4,306,1.3071895424836601,2,ok
xyz0n0,4,306,1.3071895424836601,2,ok
y_R_e,4,306,1.3071895424836601,2,ok
yabebe_32,4,306,1.3071895424836601,2,ok
yakitoriume,4,306,1.3071895424836601,2,ok
yamato_nara4,4,306,1.3071895424836601,2,ok
yamimasa,4,306,1.3071895424836601,2,ok
yanchu_chu,4,306,1.3071895424836601,2,ok
yanzi781206,4,306,1.3071895424836601,2,ok
yasu__777,4,306,1.3071895424836601,2,ok
yasu_p_vv,4,306,1.3071895424836601,2,ok
yasuak129,4,306,1.3071895424836601,2,ok
yasuchin76,4,306,1.3071895424836601,2,ok
yawao,4,306,1.3071895424836601,2,ok
ykhst,4,306,1.3071895424836601,2,ok
yktn01,4,306,1.3071895424836601,2,ok
yojohan9,4,306,1.3071895424836601,2,ok
yon_you,4,306,1.3071895424836601,2,ok
yonezawajyou,4,306,1.3071895424836601,2,ok
yoshi1108srzks,4,306,1.3071895424836601,2,ok
yotta_story,4,306,1.3071895424836601,2,ok
youhei0608m,4,306,1.3071895424836601,2,ok
ysharu414,4,306,1.3071895424836601,2,ok
ytmnhy,4,306,1.3071895424836601,2,ok
yuan_sanon,4,306,1.3071895424836601,2,ok
yuduki_022,4,306,1.3071895424836601,2,ok
yuicharles,4,306,1.3071895424836601,2,ok
YuiNatsukawa,4,306,1.3071895424836601,2,ok
yuki1015,4,306,1.3071895424836601,2,ok
yukieru13,4,306,1.3071895424836601,2,ok
yukino1118,4,306,1.3071895424836601,2,ok
yumichang_man,4,306,1.3071895424836601,2,ok
yusashasha_LiSA,4,306,1.3071895424836601,2,ok
YUSEI744811311,4,306,1.3071895424836601,2,ok
yuskey912,4,306,1.3071895424836601,2,ok
yuto1342,4,306,1.3071895424836601,2,ok
yuuhorn,4,306,1.3071895424836601,2,ok
yuya9s,4,306,1.3071895424836601,2,ok
yuyu_extremists,4,306,1.3071895424836601,2,ok
zacc000,4,306,1.3071895424836601,2,ok
zaitakuotaku,4,306,1.3071895424836601,2,ok
zelard1119,4,306,1.3071895424836601,2,ok
zeus_o_honda,4,306,1.3071895424836601,2,ok
Zott,4,306,1.3071895424836601,2,ok
zukazuka_m01,4,306,1.3071895424836601,2,ok
zuzu06,4,306,1.3071895424836601,2,ok
000,4,306,1.3071895424836601,1,ok
0717323_,4,306,1.3071895424836601,1,ok
0ReStarts,4,306,1.3071895424836601,1,ok
1224_te28,4,306,1.3071895424836601,1,ok
125929260,4,306,1.3071895424836601,1,ok
13046f1,4,306,1.3071895424836601,1,ok
157cm_0616,4,306,1.3071895424836601,1,ok
17,4,306,1.3071895424836601,1,ok
2019_12_08,4,306,1.3071895424836601,1,ok
50rida,4,306,1.3071895424836601,1,ok
6u6oi,4,306,1.3071895424836601,1,ok
6z25fdwt43,4,306,1.3071895424836601,1,ok
765angel_p,4,306,1.3071895424836601,1,ok
77GX,4,306,1.3071895424836601,1,ok
77kura,4,306,1.3071895424836601,1,ok
801kun,4,306,1.3071895424836601,1,ok
873_9ag,4,306,1.3071895424836601,1,ok
931boots,4,306,1.3071895424836601,1,ok
961maskman,4,306,1.3071895424836601,1,ok
9rnte,4,306,1.3071895424836601,1,ok
_12301_,4,306,1.3071895424836601,1,ok
_6_m_w,4,306,1.3071895424836601,1,ok
____0,4,306,1.3071895424836601,1,ok
____dnd____,4,306,1.3071895424836601,1,ok
_enlcIio0,4,306,1.3071895424836601,1,ok
_kiramune410,4,306,1.3071895424836601,1,ok
_Ol28_,4,306,1.3071895424836601,1,ok
_skhm,4,306,1.3071895424836601,1,ok
_yukk0_,4,306,1.3071895424836601,1,ok
a1368s,4,306,1.3071895424836601,1,ok
a147,4,306,1.3071895424836601,1,ok
A1exMinatoooo,4,306,1.3071895424836601,1,ok
aame_anzu,4,306,1.3071895424836601,1,ok
advence,4,306,1.3071895424836601,1,ok
AguEve,4,306,1.3071895424836601,1,ok
ai12818,4,306,1.3071895424836601,1,ok
aichin177,4,306,1.3071895424836601,1,ok
Airken,4,306,1.3071895424836601,1,ok
ajinori3333,4,306,1.3071895424836601,1,ok
AkibaMadoka,4,306,1.3071895424836601,1,ok
Akibasaki,4,306,1.3071895424836601,1,ok
alakabra,4,306,1.3071895424836601,1,ok
ali_alince,4,306,1.3071895424836601,1,ok
allencarefree,4,306,1.3071895424836601,1,ok
ange_,4,306,1.3071895424836601,1,ok
ange_kilacco,4,306,1.3071895424836601,1,ok
anh1621,4,306,1.3071895424836601,1,ok
ao2325,4,306,1.3071895424836601,1,ok
apricot_nc47,4,306,1.3071895424836601,1,ok
aqinon,4,306,1.3071895424836601,1,ok
aquascutium,4,306,1.3071895424836601,1,ok
aren1214,4,306,1.3071895424836601,1,ok
argonenero,4,306,1.3071895424836601,1,ok
aroe_se3p,4,306,1.3071895424836601,1,ok
As_tomorrow,4,306,1.3071895424836601,1,ok
atleti823jr,4,306,1.3071895424836601,1,ok
atsuma,4,306,1.3071895424836601,1,ok
AU_N_ME,4,306,1.3071895424836601,1,ok
ayu_m27,4,306,1.3071895424836601,1,ok
aznyan_oji,4,306,1.3071895424836601,1,ok
bacz,4,306,1.3071895424836601,1,ok
bakura302796,4,306,1.3071895424836601,1,ok
beanpun,4,306,1.3071895424836601,1,ok
blowfish115,4,306,1.3071895424836601,1,ok
buritekka,4,306,1.3071895424836601,1,ok
c_csaachan,4,306,1.3071895424836601,1,ok
CH122E,4,306,1.3071895424836601,1,ok
Chiyuu0630,4,306,1.3071895424836601,1,ok
chome765,4,306,1.3071895424836601,1,ok
Coco_ro_Magical,4,306,1.3071895424836601,1,ok
ConcentrateLLL,4,306,1.3071895424836601,1,ok
conglomerate,4,306,1.3071895424836601,1,ok
cosmos831048,4,306,1.3071895424836601,1,ok
creche_K,4,306,1.3071895424836601,1,ok
csqthechadt,4,306,1.3071895424836601,1,ok
cxxm121,4,306,1.3071895424836601,1,ok
d_mahorowaP,4,306,1.3071895424836601,1,ok
danirukun,4,306,1.3071895424836601,1,ok
dassya3,4,306,1.3071895424836601,1,ok
daybreaksnow,4,306,1.3071895424836601,1,ok
decade_765,4,306,1.3071895424836601,1,ok
Decide,4,306,1.3071895424836601,1,ok
delbert_gordon,4,306,1.3071895424836601,1,ok
densuke334,4,306,1.3071895424836601,1,ok
deradera79,4,306,1.3071895424836601,1,ok
dibt_770,4,306,1.3071895424836601,1,ok
dmm2400,4,306,1.3071895424836601,1,ok
donabe__,4,306,1.3071895424836601,1,ok
dtian1217,4,306,1.3071895424836601,1,ok
e_rm_,4,306,1.3071895424836601,1,ok
ELBUF3020,4,306,1.3071895424836601,1,ok
ELIE3773,4,306,1.3071895424836601,1,ok
Elucidator,4,306,1.3071895424836601,1,ok
Engulf_,4,306,1.3071895424836601,1,ok
erhythm_7,4,306,1.3071895424836601,1,ok
eru_lin,4,306,1.3071895424836601,1,ok
erumoto,4,306,1.3071895424836601,1,ok
es225m,4,306,1.3071895424836601,1,ok
ether_ant,4,306,1.3071895424836601,1,ok
event_fairy_neo,4,306,1.3071895424836601,1,ok
everybbb,4,306,1.3071895424836601,1,ok
exelion708,4,306,1.3071895424836601,1,ok
fate4584,4,306,1.3071895424836601,1,ok
fgxwyzab,4,306,1.3071895424836601,1,ok
freedombot,4,306,1.3071895424836601,1,ok
fstea_V,4,306,1.3071895424836601,1,ok
FTB,4,306,1.3071895424836601,1,ok
fwdc_,4,306,1.3071895424836601,1,ok
garry57,4,306,1.3071895424836601,1,ok
gbqmk639,4,306,1.3071895424836601,1,ok
gdbstig2007,4,306,1.3071895424836601,1,ok
Genin1202,4,306,1.3071895424836601,1,ok
gijiren25,4,306,1.3071895424836601,1,ok
Gneisenau_W_M,4,306,1.3071895424836601,1,ok
gohstterorrist,4,306,1.3071895424836601,1,ok
golirauho,4,306,1.3071895424836601,1,ok
Grease_blizzard,4,306,1.3071895424836601,1,ok
guguasu_0912,4,306,1.3071895424836601,1,ok
GVGWO,4,306,1.3071895424836601,1,ok
habara39,4,306,1.3071895424836601,1,ok
hachikyuu_289,4,306,1.3071895424836601,1,ok
hakkai,4,306,1.3071895424836601,1,ok
hanahana875,4,306,1.3071895424836601,1,ok
hanakohanako875,4,306,1.3071895424836601,1,ok
hanzo_aq,4,306,1.3071895424836601,1,ok
Hapi2CHOCOLATE,4,306,1.3071895424836601,1,ok
Hara_1024,4,306,1.3071895424836601,1,ok
harahuku_,4,306,1.3071895424836601,1,ok
harth_lily,4,306,1.3071895424836601,1,ok
hayate0702,4,306,1.3071895424836601,1,ok
hayate210,4,306,1.3071895424836601,1,ok
hebelyon,4,306,1.3071895424836601,1,ok
hibiki_with_nu,4,306,1.3071895424836601,1,ok
Hime_521_57,4,306,1.3071895424836601,1,ok
Hina_love,4,306,1.3071895424836601,1,ok
HiraishinP,4,306,1.3071895424836601,1,ok
hiro510_S3,4,306,1.3071895424836601,1,ok
hiro_SG_1104,4,306,1.3071895424836601,1,ok
hirune55,4,306,1.3071895424836601,1,ok
Hitomi3kQAQ,4,306,1.3071895424836601,1,ok
hitsujidis,4,306,1.3071895424836601,1,ok
Holiday_Hao,4,306,1.3071895424836601,1,ok
Holly_carp_10,4,306,1.3071895424836601,1,ok
hone_moon,4,306,1.3071895424836601,1,ok
htht_94,4,306,1.3071895424836601,1,ok
husyodayo,4,306,1.3071895424836601,1,ok
huyu398,4,306,1.3071895424836601,1,ok
hypermaho6187,4,306,1.3071895424836601,1,ok
hyunsse5,4,306,1.3071895424836601,1,ok
i_,4,306,1.3071895424836601,1,ok
ICE_MASTER7,4,306,1.3071895424836601,1,ok
ichi_fukujun,4,306,1.3071895424836601,1,ok
innoseki7,4,306,1.3071895424836601,1,ok
inori,4,306,1.3071895424836601,1,ok
inoringo,4,306,1.3071895424836601,1,ok
inteli_corn,4,306,1.3071895424836601,1,ok
inu31644,4,306,1.3071895424836601,1,ok
io_oj,4,306,1.3071895424836601,1,ok
ITONA_P,4,306,1.3071895424836601,1,ok
iwa,4,306,1.3071895424836601,1,ok
izu0326,4,306,1.3071895424836601,1,ok
izumiiin_922,4,306,1.3071895424836601,1,ok
j_anime_store,4,306,1.3071895424836601,1,ok
jabberwockiyo,4,306,1.3071895424836601,1,ok
Jack04orca,4,306,1.3071895424836601,1,ok
jajanbojanb0,4,306,1.3071895424836601,1,ok
JayPai,4,306,1.3071895424836601,1,ok
jerry850321,4,306,1.3071895424836601,1,ok
jirokiku09,4,306,1.3071895424836601,1,ok
jisedai_akuma,4,306,1.3071895424836601,1,ok
Jump_days_candy,4,306,1.3071895424836601,1,ok
Juno_Mina,4,306,1.3071895424836601,1,ok
juntaroutrue,4,306,1.3071895424836601,1,ok
JYP,4,306,1.3071895424836601,1,ok
kae0118,4,306,1.3071895424836601,1,ok
kae_uhhi,4,306,1.3071895424836601,1,ok
kafuri_h,4,306,1.3071895424836601,1,ok
kaisugi,4,306,1.3071895424836601,1,ok
kaito748,4,306,1.3071895424836601,1,ok
kaito_anime,4,306,1.3071895424836601,1,ok
kamememe11,4,306,1.3071895424836601,1,ok
Kannazuki888,4,306,1.3071895424836601,1,ok
kapyamaguchi,4,306,1.3071895424836601,1,ok
katyou_77,4,306,1.3071895424836601,1,ok
kazji1140,4,306,1.3071895424836601,1,ok
kazu_k4zu,4,306,1.3071895424836601,1,ok
kazuki_newsen,4,306,1.3071895424836601,1,ok
keeeeko0922,4,306,1.3071895424836601,1,ok
keiSAN_71,4,306,1.3071895424836601,1,ok
keke_oi3,4,306,1.3071895424836601,1,ok
kensyo114,4,306,1.3071895424836601,1,ok
kf_style_398,4,306,1.3071895424836601,1,ok
kikusaki_01,4,306,1.3071895424836601,1,ok
Kimaguresan,4,306,1.3071895424836601,1,ok
king44p,4,306,1.3071895424836601,1,ok
kinokonoko,4,306,1.3071895424836601,1,ok
kiri_rko,4,306,1.3071895424836601,1,ok
kiri_rrss0319,4,306,1.3071895424836601,1,ok
kirito464,4,306,1.3071895424836601,1,ok
kkh__O12,4,306,1.3071895424836601,1,ok
kkoro_m,4,306,1.3071895424836601,1,ok
kmkm28,4,306,1.3071895424836601,1,ok
kns_alicegirl,4,306,1.3071895424836601,1,ok
ko1028king,4,306,1.3071895424836601,1,ok
ko_asakura,4,306,1.3071895424836601,1,ok
koharusze,4,306,1.3071895424836601,1,ok
Kokochmt,4,306,1.3071895424836601,1,ok
kosyou_tkkm524,4,306,1.3071895424836601,1,ok
kotonoha89,4,306,1.3071895424836601,1,ok
kr128hrs,4,306,1.3071895424836601,1,ok
krnkorinya,4,306,1.3071895424836601,1,ok
KTKtky7567,4,306,1.3071895424836601,1,ok
kuhron2501,4,306,1.3071895424836601,1,ok
Kuma_88659,4,306,1.3071895424836601,1,ok
kurichaaa,4,306,1.3071895424836601,1,ok
kurukkusu81,4,306,1.3071895424836601,1,ok
kyonkiti,4,306,1.3071895424836601,1,ok
kyube_p,4,306,1.3071895424836601,1,ok
kyunyan,4,306,1.3071895424836601,1,ok
Lamiel_1003,4,306,1.3071895424836601,1,ok
lego0228,4,306,1.3071895424836601,1,ok
LeokidJN,4,306,1.3071895424836601,1,ok
Leon_G,4,306,1.3071895424836601,1,ok
LeonoIppo,4,306,1.3071895424836601,1,ok
lethe63,4,306,1.3071895424836601,1,ok
lightwree,4,306,1.3071895424836601,1,ok
liliney_ao,4,306,1.3071895424836601,1,ok
look795,4,306,1.3071895424836601,1,ok
luv_lelouch,4,306,1.3071895424836601,1,ok
macaron,4,306,1.3071895424836601,1,ok
mad.hectic69,4,306,1.3071895424836601,1,ok
makikotori23,4,306,1.3071895424836601,1,ok
makikotori24,4,306,1.3071895424836601,1,ok
malkovichnoana,4,306,1.3071895424836601,1,ok
mame_3152,4,306,1.3071895424836601,1,ok
mame_corom,4,306,1.3071895424836601,1,ok
mamolover,4,306,1.3071895424836601,1,ok
mamu,4,306,1.3071895424836601,1,ok
mangatarou26,4,306,1.3071895424836601,1,ok
Manodainya,4,306,1.3071895424836601,1,ok
marcotang25,4,306,1.3071895424836601,1,ok
maromaro_momo,4,306,1.3071895424836601,1,ok
matrix634,4,306,1.3071895424836601,1,ok
maxwell,4,306,1.3071895424836601,1,ok
me_yukisora,4,306,1.3071895424836601,1,ok
Meguru2238,4,306,1.3071895424836601,1,ok
merborn_root,4,306,1.3071895424836601,1,ok
messe_padd,4,306,1.3071895424836601,1,ok
meteor2263,4,306,1.3071895424836601,1,ok
MI_fafnir,4,306,1.3071895424836601,1,ok
mikaduki,4,306,1.3071895424836601,1,ok
mikanumai,4,306,1.3071895424836601,1,ok
millshare_hide,4,306,1.3071895424836601,1,ok
minaco_solders,4,306,1.3071895424836601,1,ok
minoru,4,306,1.3071895424836601,1,ok
miraclemoon711,4,306,1.3071895424836601,1,ok
mksing_,4,306,1.3071895424836601,1,ok
mocakit3379,4,306,1.3071895424836601,1,ok
monchi21,4,306,1.3071895424836601,1,ok
monmon,4,306,1.3071895424836601,1,ok
Monoeye2093,4,306,1.3071895424836601,1,ok
MoRikuma,4,306,1.3071895424836601,1,ok
msxofkec,4,306,1.3071895424836601,1,ok
mujirushi_alac,4,306,1.3071895424836601,1,ok
musuko1118,4,306,1.3071895424836601,1,ok
mutchan1015,4,306,1.3071895424836601,1,ok
mw_pbb,4,306,1.3071895424836601,1,ok
MyiPictures,4,306,1.3071895424836601,1,ok
naaaaaasu333,4,306,1.3071895424836601,1,ok
nakau077,4,306,1.3071895424836601,1,ok
Nalhai_Hibi,4,306,1.3071895424836601,1,ok
nami_namisan,4,306,1.3071895424836601,1,ok
nanamiroyyy0809,4,306,1.3071895424836601,1,ok
nanana_naa,4,306,1.3071895424836601,1,ok
nao__,4,306,1.3071895424836601,1,ok
naobatyan,4,306,1.3071895424836601,1,ok
natsubi_inamin,4,306,1.3071895424836601,1,ok
ndshhm,4,306,1.3071895424836601,1,ok
Next_zanya,4,306,1.3071895424836601,1,ok
Ni_Kotori_Riko,4,306,1.3071895424836601,1,ok
nikoumi0315,4,306,1.3071895424836601,1,ok
nina27sakura,4,306,1.3071895424836601,1,ok
nk__ta3,4,306,1.3071895424836601,1,ok
nm4179love,4,306,1.3071895424836601,1,ok
nmnk,4,306,1.3071895424836601,1,ok
no_kizuna,4,306,1.3071895424836601,1,ok
NomerKu120,4,306,1.3071895424836601,1,ok
nonametyandayo,4,306,1.3071895424836601,1,ok
Noppe0,4,306,1.3071895424836601,1,ok
norichaniccolo,4,306,1.3071895424836601,1,ok
noroshi33,4,306,1.3071895424836601,1,ok
novou89,4,306,1.3071895424836601,1,ok
now,4,306,1.3071895424836601,1,ok
NR_03_8210,4,306,1.3071895424836601,1,ok
nsi7,4,306,1.3071895424836601,1,ok
numa_arerenren,4,306,1.3071895424836601,1,ok
Nuwhandeyoh,4,306,1.3071895424836601,1,ok
NXSONG,4,306,1.3071895424836601,1,ok
o128_lvxxx,4,306,1.3071895424836601,1,ok
o_QuLa,4,306,1.3071895424836601,1,ok
oct_46,4,306,1.3071895424836601,1,ok
Oda_yohane,4,306,1.3071895424836601,1,ok
ogumadono,4,306,1.3071895424836601,1,ok
oiryoiryo,4,306,1.3071895424836601,1,ok
okumaru0616,4,306,1.3071895424836601,1,ok
oliveoilsaba,4,306,1.3071895424836601,1,ok
ona_niko,4,306,1.3071895424836601,1,ok
orueeru,4,306,1.3071895424836601,1,ok
oshi_ice712,4,306,1.3071895424836601,1,ok
otoe_muon1013,4,306,1.3071895424836601,1,ok
oza_nk_ki,4,306,1.3071895424836601,1,ok
p_vulpestra,4,306,1.3071895424836601,1,ok
PackyBuckingham,4,306,1.3071895424836601,1,ok
paori9uest,4,306,1.3071895424836601,1,ok
ParaDX19981550,4,306,1.3071895424836601,1,ok
parasite_doll,4,306,1.3071895424836601,1,ok
pecchama,4,306,1.3071895424836601,1,ok
pei_muuun,4,306,1.3071895424836601,1,ok
Perfect_Aimin,4,306,1.3071895424836601,1,ok
Petit,4,306,1.3071895424836601,1,ok
Phoenix_No38,4,306,1.3071895424836601,1,ok
pipI_q,4,306,1.3071895424836601,1,ok
piyopiyo_82,4,306,1.3071895424836601,1,ok
PLUTO,4,306,1.3071895424836601,1,ok
Pon175,4,306,1.3071895424836601,1,ok
Pono,4,306,1.3071895424836601,1,ok
poponotann0113,4,306,1.3071895424836601,1,ok
pp_111,4,306,1.3071895424836601,1,ok
pp_fkr112,4,306,1.3071895424836601,1,ok
primegoal2000,4,306,1.3071895424836601,1,ok
Pringles_kmr,4,306,1.3071895424836601,1,ok
pulltab2,4,306,1.3071895424836601,1,ok
puppuka_shoyu,4,306,1.3071895424836601,1,ok
Ragis_P,4,306,1.3071895424836601,1,ok
raku_p,4,306,1.3071895424836601,1,ok
rastak_dian,4,306,1.3071895424836601,1,ok
razerball206,4,306,1.3071895424836601,1,ok
reito91,4,306,1.3071895424836601,1,ok
Reiya,4,306,1.3071895424836601,1,ok
ri,4,306,1.3071895424836601,1,ok
Rice7stars,4,306,1.3071895424836601,1,ok
Rikoran_2624,4,306,1.3071895424836601,1,ok
rimu_ai_ruru,4,306,1.3071895424836601,1,ok
ringo_ame_2000,4,306,1.3071895424836601,1,ok
rinrin1967,4,306,1.3071895424836601,1,ok
Rio08190819,4,306,1.3071895424836601,1,ok
RocKyan_72213,4,306,1.3071895424836601,1,ok
route0815,4,306,1.3071895424836601,1,ok
rumi,4,306,1.3071895424836601,1,ok
rune_radia,4,306,1.3071895424836601,1,ok
Ryabina,4,306,1.3071895424836601,1,ok
ryota0322,4,306,1.3071895424836601,1,ok
s700n,4,306,1.3071895424836601,1,ok
sakura_a_2,4,306,1.3071895424836601,1,ok
Sakura_Fubuki_,4,306,1.3071895424836601,1,ok
salf_flex,4,306,1.3071895424836601,1,ok
Samson,4,306,1.3071895424836601,1,ok
saopiece_,4,306,1.3071895424836601,1,ok
sarinosukemon,4,306,1.3071895424836601,1,ok
satomaru,4,306,1.3071895424836601,1,ok
Scarlet564,4,306,1.3071895424836601,1,ok
scfnx,4,306,1.3071895424836601,1,ok
seaurchin3669,4,306,1.3071895424836601,1,ok
sechigalion0209,4,306,1.3071895424836601,1,ok
sei_ten,4,306,1.3071895424836601,1,ok
sensenyhs,4,306,1.3071895424836601,1,ok
sgt_gnpk_,4,306,1.3071895424836601,1,ok
shilo1420,4,306,1.3071895424836601,1,ok
shinchan_1009,4,306,1.3071895424836601,1,ok
shiodeyaku,4,306,1.3071895424836601,1,ok
sinya314,4,306,1.3071895424836601,1,ok
siobaby,4,306,1.3071895424836601,1,ok
siro_tomo,4,306,1.3071895424836601,1,ok
sixsense,4,306,1.3071895424836601,1,ok
skytemple,4,306,1.3071895424836601,1,ok
smile_hiyake,4,306,1.3071895424836601,1,ok
smk0015,4,306,1.3071895424836601,1,ok
SN37,4,306,1.3071895424836601,1,ok
snoam501101,4,306,1.3071895424836601,1,ok
soh_r1yowai,4,306,1.3071895424836601,1,ok
somedayomu,4,306,1.3071895424836601,1,ok
son0da_da,4,306,1.3071895424836601,1,ok
sozai0822,4,306,1.3071895424836601,1,ok
spicadgs0747,4,306,1.3071895424836601,1,ok
Ss12267221,4,306,1.3071895424836601,1,ok
ssyy0115,4,306,1.3071895424836601,1,ok
stmk1110,4,306,1.3071895424836601,1,ok
sukisukisugita,4,306,1.3071895424836601,1,ok
sumirejpy,4,306,1.3071895424836601,1,ok
sushibami2,4,306,1.3071895424836601,1,ok
SuwaGuard241,4,306,1.3071895424836601,1,ok
suzuka1496940,4,306,1.3071895424836601,1,ok
syamn,4,306,1.3071895424836601,1,ok
syan0717,4,306,1.3071895424836601,1,ok
Syunichi_nm7,4,306,1.3071895424836601,1,ok
szk27_sork,4,306,1.3071895424836601,1,ok
T_T,4,306,1.3071895424836601,1,ok
Ta933,4,306,1.3071895424836601,1,ok
tachy_yonP,4,306,1.3071895424836601,1,ok
taiazs,4,306,1.3071895424836601,1,ok
taka13011,4,306,1.3071895424836601,1,ok
takanyann07,4,306,1.3071895424836601,1,ok
takep147,4,306,1.3071895424836601,1,ok
tanomataakane,4,306,1.3071895424836601,1,ok
Tanyhiro,4,306,1.3071895424836601,1,ok
tap_mashimaro,4,306,1.3071895424836601,1,ok
taspyon_,4,306,1.3071895424836601,1,ok
TaxardX,4,306,1.3071895424836601,1,ok
tc103103,4,306,1.3071895424836601,1,ok
TEANA,4,306,1.3071895424836601,1,ok
tekitoyan,4,306,1.3071895424836601,1,ok
tengu_takao,4,306,1.3071895424836601,1,ok
tenmochonan,4,306,1.3071895424836601,1,ok
tetalexi,4,306,1.3071895424836601,1,ok
tgawasog,4,306,1.3071895424836601,1,ok
timimouryou,4,306,1.3071895424836601,1,ok
titansuraze,4,306,1.3071895424836601,1,ok
TksnP_YH,4,306,1.3071895424836601,1,ok
tkt_115,4,306,1.3071895424836601,1,ok
tmmr318,4,306,1.3071895424836601,1,ok
tnktsyk.tmail,4,306,1.3071895424836601,1,ok
tomliu5b19,4,306,1.3071895424836601,1,ok
ToRapture,4,306,1.3071895424836601,1,ok
toshi19920131,4,306,1.3071895424836601,1,ok
totodeshow,4,306,1.3071895424836601,1,ok
trainknk_nm7,4,306,1.3071895424836601,1,ok
trl19920628,4,306,1.3071895424836601,1,ok
tuashidi,4,306,1.3071895424836601,1,ok
tugu_0902,4,306,1.3071895424836601,1,ok
tyuutai,4,306,1.3071895424836601,1,ok
tzc1216,4,306,1.3071895424836601,1,ok
ue1700,4,306,1.3071895424836601,1,ok
uHS031jbcMQ0jU6,4,306,1.3071895424836601,1,ok
umimorian27,4,306,1.3071895424836601,1,ok
umine_otk_,4,306,1.3071895424836601,1,ok
umineeeeko,4,306,1.3071895424836601,1,ok
umisa,4,306,1.3071895424836601,1,ok
unkharuno,4,306,1.3071895424836601,1,ok
upstream_taruto,4,306,1.3071895424836601,1,ok
UYuji_tw,4,306,1.3071895424836601,1,ok
uyuyabab7,4,306,1.3071895424836601,1,ok
Vitamin_Soo,4,306,1.3071895424836601,1,ok
vnv_y,4,306,1.3071895424836601,1,ok
VS36_kianu,4,306,1.3071895424836601,1,ok
w1k2twit,4,306,1.3071895424836601,1,ok
wakayama9998,4,306,1.3071895424836601,1,ok
wama_WOL2,4,306,1.3071895424836601,1,ok
warship7723,4,306,1.3071895424836601,1,ok
wbQah3Usy_H6Frf,4,306,1.3071895424836601,1,ok
whatswrong567,4,306,1.3071895424836601,1,ok
whitedeathcross,4,306,1.3071895424836601,1,ok
wkb_nanjolove,4,306,1.3071895424836601,1,ok
wshiki0617,4,306,1.3071895424836601,1,ok
xiuyuyanjiushe,4,306,1.3071895424836601,1,ok
xx_yuki3594_xx,4,306,1.3071895424836601,1,ok
yaaaton9,4,306,1.3071895424836601,1,ok
YACnana77,4,306,1.3071895424836601,1,ok
yaeura_TP,4,306,1.3071895424836601,1,ok
yamayuki0928,4,306,1.3071895424836601,1,ok
Yastar_taso,4,306,1.3071895424836601,1,ok
YCWaishii,4,306,1.3071895424836601,1,ok
yinfengitus,4,306,1.3071895424836601,1,ok
yj_I320,4,306,1.3071895424836601,1,ok
Yksk_v,4,306,1.3071895424836601,1,ok
yo_arona,4,306,1.3071895424836601,1,ok
yot0223,4,306,1.3071895424836601,1,ok
you,4,306,1.3071895424836601,1,ok
youuuuuu,4,306,1.3071895424836601,1,ok
yqian1000,4,306,1.3071895424836601,1,ok
yrms_trinity,4,306,1.3071895424836601,1,ok
yu_da4,4,306,1.3071895424836601,1,ok
yu_kun_san_,4,306,1.3071895424836601,1,ok
yu_pi_,4,306,1.3071895424836601,1,ok
yua04,4,306,1.3071895424836601,1,ok
yuhi_3_yk,4,306,1.3071895424836601,1,ok
Yurakucho_P,4,306,1.3071895424836601,1,ok
yurinchi7,4,306,1.3071895424836601,1,ok
yuuko69_1,4,306,1.3071895424836601,1,ok
yuusakuand1,4,306,1.3071895424836601,1,ok
yx2_p,4,306,1.3071895424836601,1,ok
yxxxchas,4,306,1.3071895424836601,1,ok
zarame,4,306,1.3071895424836601,1,ok
Zkc8Cj,4,306,1.3071895424836601,1,ok
zoc_t,4,306,1.3071895424836601,1,ok
zura_RNR,4,306,1.3071895424836601,1,ok
zxrtt,4,306,1.3071895424836601,1,ok
zzappyy,4,306,1.3071895424836601,1,ok
odagiri_jyo,3,306,0.9803921568627451,6,ok
akanesora_132,3,306,0.9803921568627451,3,ok
akashia008,3,306,0.9803921568627451,3,ok
asg_tm,3,306,0.9803921568627451,3,ok
CopalAmber,3,306,0.9803921568627451,3,ok
Ganacchi_1912,3,306,0.9803921568627451,3,ok
gaongaon058,3,306,0.9803921568627451,3,ok
GinRannata,3,306,0.9803921568627451,3,ok
k1O2__,3,306,0.9803921568627451,3,ok
lxixsxa_s15,3,306,0.9803921568627451,3,ok
mak_727,3,306,0.9803921568627451,3,ok
millnky96,3,306,0.9803921568627451,3,ok
momomamizu,3,306,0.9803921568627451,3,ok
numao2ki,3,306,0.9803921568627451,3,ok
pnf_dora2,3,306,0.9803921568627451,3,ok
ps_mhs,3,306,0.9803921568627451,3,ok
sei3_3,3,306,0.9803921568627451,3,ok
yamachan279,3,306,0.9803921568627451,3,ok
yuebitch,3,306,0.9803921568627451,3,ok
0CRqImg8,3,306,0.9803921568627451,2,ok
0yk5,3,306,0.9803921568627451,2,ok
1121tqcst504,3,306,0.9803921568627451,2,ok
12_M_02,3,306,0.9803921568627451,2,ok
1l_water,3,306,0.9803921568627451,2,ok
2Ta1Ga8,3,306,0.9803921568627451,2,ok
9kanber_www2,3,306,0.9803921568627451,2,ok
_123na,3,306,0.9803921568627451,2,ok
_honoka_kuroki,3,306,0.9803921568627451,2,ok
_iwachan_,3,306,0.9803921568627451,2,ok
_ryu814,3,306,0.9803921568627451,2,ok
_sakimaruuu,3,306,0.9803921568627451,2,ok
achanelu80,3,306,0.9803921568627451,2,ok
alfaGel0422,3,306,0.9803921568627451,2,ok
aohl_se05,3,306,0.9803921568627451,2,ok
Asikise,3,306,0.9803921568627451,2,ok
Asuka_love_11,3,306,0.9803921568627451,2,ok
asunaro_asnr,3,306,0.9803921568627451,2,ok
atlrs1091,3,306,0.9803921568627451,2,ok
atuuy1995,3,306,0.9803921568627451,2,ok
Axis_BiBi,3,306,0.9803921568627451,2,ok
b_burst_,3,306,0.9803921568627451,2,ok
bakaming,3,306,0.9803921568627451,2,ok
beegomax7su,3,306,0.9803921568627451,2,ok
bianchi0125,3,306,0.9803921568627451,2,ok
BlackBeear,3,306,0.9803921568627451,2,ok
brutal_FxTx,3,306,0.9803921568627451,2,ok
cafe7720,3,306,0.9803921568627451,2,ok
caga25mi,3,306,0.9803921568627451,2,ok
chaos_dia,3,306,0.9803921568627451,2,ok
chloros_NeAr,3,306,0.9803921568627451,2,ok
cocorock_0x0_,3,306,0.9803921568627451,2,ok
corocoro612,3,306,0.9803921568627451,2,ok
cyx,3,306,0.9803921568627451,2,ok
dewo_816,3,306,0.9803921568627451,2,ok
Diefku,3,306,0.9803921568627451,2,ok
dilemma_,3,306,0.9803921568627451,2,ok
DP25252,3,306,0.9803921568627451,2,ok
dsk_roz,3,306,0.9803921568627451,2,ok
earth_tyk,3,306,0.9803921568627451,2,ok
ecoba17s,3,306,0.9803921568627451,2,ok
elifride913,3,306,0.9803921568627451,2,ok
emumoma,3,306,0.9803921568627451,2,ok
everymorin,3,306,0.9803921568627451,2,ok
fairyriddd,3,306,0.9803921568627451,2,ok
forSachiii,3,306,0.9803921568627451,2,ok
Fucono,3,306,0.9803921568627451,2,ok
gaaaamo,3,306,0.9803921568627451,2,ok
gkdl1278,3,306,0.9803921568627451,2,ok
gonbuto_sakage,3,306,0.9803921568627451,2,ok
guusukesama9,3,306,0.9803921568627451,2,ok
hayate624,3,306,0.9803921568627451,2,ok
himawaringalb,3,306,0.9803921568627451,2,ok
hime_erina,3,306,0.9803921568627451,2,ok
hina_katsura33,3,306,0.9803921568627451,2,ok
Hisui__2,3,306,0.9803921568627451,2,ok
hogesako,3,306,0.9803921568627451,2,ok
hoshi130zora,3,306,0.9803921568627451,2,ok
ibukibreath1,3,306,0.9803921568627451,2,ok
IDSummer_Peace,3,306,0.9803921568627451,2,ok
ILA111420,3,306,0.9803921568627451,2,ok
inotti_mad,3,306,0.9803921568627451,2,ok
irisXmimori,3,306,0.9803921568627451,2,ok
ISONO_C,3,306,0.9803921568627451,2,ok
itosyo_,3,306,0.9803921568627451,2,ok
itsudemo_jolno,3,306,0.9803921568627451,2,ok
izunogyoza,3,306,0.9803921568627451,2,ok
jaian0321,3,306,0.9803921568627451,2,ok
JANYS1129,3,306,0.9803921568627451,2,ok
jmnvgpl,3,306,0.9803921568627451,2,ok
jq_mz3,3,306,0.9803921568627451,2,ok
just_ericbell,3,306,0.9803921568627451,2,ok
k2h_raki,3,306,0.9803921568627451,2,ok
k_10yu,3,306,0.9803921568627451,2,ok
k_i_bell,3,306,0.9803921568627451,2,ok
kagura_71823,3,306,0.9803921568627451,2,ok
kakkontou319,3,306,0.9803921568627451,2,ok
Kami_koppu_,3,306,0.9803921568627451,2,ok
Kanba_Miyako,3,306,0.9803921568627451,2,ok
kascheung,3,306,0.9803921568627451,2,ok
keiitiy,3,306,0.9803921568627451,2,ok
kenken_Pray,3,306,0.9803921568627451,2,ok
kent_dera,3,306,0.9803921568627451,2,ok
kiyo9sai,3,306,0.9803921568627451,2,ok
kiyotaka0622,3,306,0.9803921568627451,2,ok
ktbkhyr_konomi,3,306,0.9803921568627451,2,ok
kued,3,306,0.9803921568627451,2,ok
kyuuki0327,3,306,0.9803921568627451,2,ok
Lenn0o0n,3,306,0.9803921568627451,2,ok
liskun,3,306,0.9803921568627451,2,ok
Lmatic_Amulet,3,306,0.9803921568627451,2,ok
LoliconCarbun,3,306,0.9803921568627451,2,ok
Lotti_S,3,306,0.9803921568627451,2,ok
love_live796,3,306,0.9803921568627451,2,ok
Marth0izumi,3,306,0.9803921568627451,2,ok
masasuzu_o,3,306,0.9803921568627451,2,ok
mimo_maaya,3,306,0.9803921568627451,2,ok
mimo_mimo_7,3,306,0.9803921568627451,2,ok
mimo_sachi,3,306,0.9803921568627451,2,ok
mimofan10,3,306,0.9803921568627451,2,ok
mimomimop,3,306,0.9803921568627451,2,ok
mimosachiii,3,306,0.9803921568627451,2,ok
Mint0_ChaN,3,306,0.9803921568627451,2,ok
mint1028,3,306,0.9803921568627451,2,ok
mmiikmaon,3,306,0.9803921568627451,2,ok
mnrn615,3,306,0.9803921568627451,2,ok
mochi_con,3,306,0.9803921568627451,2,ok
moe335,3,306,0.9803921568627451,2,ok
MokekeAro,3,306,0.9803921568627451,2,ok
Momi_mommi,3,306,0.9803921568627451,2,ok
mss_som,3,306,0.9803921568627451,2,ok
mugichoco101,3,306,0.9803921568627451,2,ok
munion3,3,306,0.9803921568627451,2,ok
muralala19,3,306,0.9803921568627451,2,ok
N12antonio_c,3,306,0.9803921568627451,2,ok
n_karaage,3,306,0.9803921568627451,2,ok
nagirai0623,3,306,0.9803921568627451,2,ok
nakanishi,3,306,0.9803921568627451,2,ok
namipika,3,306,0.9803921568627451,2,ok
nanamimo_2k,3,306,0.9803921568627451,2,ok
nanjol_Holic,3,306,0.9803921568627451,2,ok
nicolove1225,3,306,0.9803921568627451,2,ok
nitohana,3,306,0.9803921568627451,2,ok
niya_mochimochi,3,306,0.9803921568627451,2,ok
NoaNoa1315_,3,306,0.9803921568627451,2,ok
numata212,3,306,0.9803921568627451,2,ok
nyantama_0812,3,306,0.9803921568627451,2,ok
oba_ken_ok,3,306,0.9803921568627451,2,ok
OBASHUN0808,3,306,0.9803921568627451,2,ok
Ohoden5643,3,306,0.9803921568627451,2,ok
okutan007,3,306,0.9803921568627451,2,ok
ollie_themb,3,306,0.9803921568627451,2,ok
omi_watanabe,3,306,0.9803921568627451,2,ok
onmyo_nn,3,306,0.9803921568627451,2,ok
ootori0392,3,306,0.9803921568627451,2,ok
oracle1102,3,306,0.9803921568627451,2,ok
oreani_dai,3,306,0.9803921568627451,2,ok
ote_nanjolno77,3,306,0.9803921568627451,2,ok
otyappaxxx,3,306,0.9803921568627451,2,ok
Oyto23,3,306,0.9803921568627451,2,ok
paranda_update,3,306,0.9803921568627451,2,ok
PB_wmm,3,306,0.9803921568627451,2,ok
pepsicider27,3,306,0.9803921568627451,2,ok
pile_sora_DD,3,306,0.9803921568627451,2,ok
pph_sm,3,306,0.9803921568627451,2,ok
purpleberrymoon,3,306,0.9803921568627451,2,ok
qouloP,3,306,0.9803921568627451,2,ok
R_Prim__,3,306,0.9803921568627451,2,ok
railgun_my_only,3,306,0.9803921568627451,2,ok
raypar8724,3,306,0.9803921568627451,2,ok
Rice_is_Gohan,3,306,0.9803921568627451,2,ok
rindo_etc,3,306,0.9803921568627451,2,ok
ringoshootingst,3,306,0.9803921568627451,2,ok
rkkvfkbdjn,3,306,0.9803921568627451,2,ok
rock4o2,3,306,0.9803921568627451,2,ok
Roza_M1207,3,306,0.9803921568627451,2,ok
ryouhiza_liver,3,306,0.9803921568627451,2,ok
S4_MK2,3,306,0.9803921568627451,2,ok
sakemain,3,306,0.9803921568627451,2,ok
sakilky,3,306,0.9803921568627451,2,ok
Saya4th,3,306,0.9803921568627451,2,ok
scapegoat16,3,306,0.9803921568627451,2,ok
shi_zu_ki_623,3,306,0.9803921568627451,2,ok
shibazukeke,3,306,0.9803921568627451,2,ok
Shimozi_ota,3,306,0.9803921568627451,2,ok
shin0462,3,306,0.9803921568627451,2,ok
sibamarutarou,3,306,0.9803921568627451,2,ok
sora_tokuchan,3,306,0.9803921568627451,2,ok
sphere0121_TK,3,306,0.9803921568627451,2,ok
sqr_t,3,306,0.9803921568627451,2,ok
squallreonhart,3,306,0.9803921568627451,2,ok
squrd_mimo741,3,306,0.9803921568627451,2,ok
suuyanz,3,306,0.9803921568627451,2,ok
syotaro412,3,306,0.9803921568627451,2,ok
t_kanade7,3,306,0.9803921568627451,2,ok
takaidon_hmaa,3,306,0.9803921568627451,2,ok
takasaso119,3,306,0.9803921568627451,2,ok
tattun_taso,3,306,0.9803921568627451,2,ok
tmyn_119_kitty,3,306,0.9803921568627451,2,ok
toaru3510965,3,306,0.9803921568627451,2,ok
tojadwt,3,306,0.9803921568627451,2,ok
toku_chan_0905,3,306,0.9803921568627451,2,ok
tome_kira,3,306,0.9803921568627451,2,ok
Tomo_rippi,3,306,0.9803921568627451,2,ok
tony8141021,3,306,0.9803921568627451,2,ok
tororo_nm7,3,306,0.9803921568627451,2,ok
ttb5551,3,306,0.9803921568627451,2,ok
tyassann,3,306,0.9803921568627451,2,ok
tys_mountain,3,306,0.9803921568627451,2,ok
umi0301,3,306,0.9803921568627451,2,ok
umimori07,3,306,0.9803921568627451,2,ok
usarin_kaba,3,306,0.9803921568627451,2,ok
usohachi,3,306,0.9803921568627451,2,ok
uta_084,3,306,0.9803921568627451,2,ok
UTGnicolive78,3,306,0.9803921568627451,2,ok
vorcestvarorant,3,306,0.9803921568627451,2,ok
waji_mimo,3,306,0.9803921568627451,2,ok
wreak_yuyuyu,3,306,0.9803921568627451,2,ok
wtatuya07271,3,306,0.9803921568627451,2,ok
xabi__P,3,306,0.9803921568627451,2,ok
y_end,3,306,0.9803921568627451,2,ok
ya_gi_si,3,306,0.9803921568627451,2,ok
yakizakura_2,3,306,0.9803921568627451,2,ok
YAMA_BASSholder,3,306,0.9803921568627451,2,ok
yellowmk_p_h,3,306,0.9803921568627451,2,ok
yoeee4869,3,306,0.9803921568627451,2,ok
yoshinon_maho,3,306,0.9803921568627451,2,ok
YT_YH,3,306,0.9803921568627451,2,ok
yui_iori_umi,3,306,0.9803921568627451,2,ok
yuiwaki4545,3,306,0.9803921568627451,2,ok
yukammrn,3,306,0.9803921568627451,2,ok
yupiyupi_23yk,3,306,0.9803921568627451,2,ok
yuujunki,3,306,0.9803921568627451,2,ok
yuumimo123,3,306,0.9803921568627451,2,ok
yuyaatsotokanda,3,306,0.9803921568627451,2,ok
zanezane04,3,306,0.9803921568627451,2,ok
zettaireidoo,3,306,0.9803921568627451,2,ok
0000up,3,306,0.9803921568627451,1,ok
01792986,3,306,0.9803921568627451,1,ok
0626Kr,3,306,0.9803921568627451,1,ok
0bsrv,3,306,0.9803921568627451,1,ok
0chasen,3,306,0.9803921568627451,1,ok
1012_surume,3,306,0.9803921568627451,1,ok
10chasu,3,306,0.9803921568627451,1,ok
1102Junna,3,306,0.9803921568627451,1,ok
1202__Snowdrop,3,306,0.9803921568627451,1,ok
1222_1806_sub,3,306,0.9803921568627451,1,ok
12cinnamo3_s,3,306,0.9803921568627451,1,ok
12inori02,3,306,0.9803921568627451,1,ok
1oveniko,3,306,0.9803921568627451,1,ok
1th_angel,3,306,0.9803921568627451,1,ok
20111455,3,306,0.9803921568627451,1,ok
20190508Release,3,306,0.9803921568627451,1,ok
21020next,3,306,0.9803921568627451,1,ok
2A06Ksrk,3,306,0.9803921568627451,1,ok
324_NERV_STAFF,3,306,0.9803921568627451,1,ok
3_9_cs,3,306,0.9803921568627451,1,ok
3_oyama,3,306,0.9803921568627451,1,ok
4645aa,3,306,0.9803921568627451,1,ok
4or5_show,3,306,0.9803921568627451,1,ok
6123y_s,3,306,0.9803921568627451,1,ok
61a16,3,306,0.9803921568627451,1,ok
6NNTN,3,306,0.9803921568627451,1,ok
752oi68gj4319u6,3,306,0.9803921568627451,1,ok
83025yn,3,306,0.9803921568627451,1,ok
93_yum,3,306,0.9803921568627451,1,ok
_1toa,3,306,0.9803921568627451,1,ok
_999_375,3,306,0.9803921568627451,1,ok
__aoi0226__,3,306,0.9803921568627451,1,ok
__ukme,3,306,0.9803921568627451,1,ok
_hsri,3,306,0.9803921568627451,1,ok
_kula,3,306,0.9803921568627451,1,ok
_mxox_,3,306,0.9803921568627451,1,ok
_oshi,3,306,0.9803921568627451,1,ok
_pppky_,3,306,0.9803921568627451,1,ok
_Q_C,3,306,0.9803921568627451,1,ok
_Wish_Art_,3,306,0.9803921568627451,1,ok
_YUUMU_,3,306,0.9803921568627451,1,ok
a82611141,3,306,0.9803921568627451,1,ok
ac,3,306,0.9803921568627451,1,ok
adgjm2684,3,306,0.9803921568627451,1,ok
af_rs_ai_yh_tw,3,306,0.9803921568627451,1,ok
ahdrhtm12,3,306,0.9803921568627451,1,ok
ai_goma_1,3,306,0.9803921568627451,1,ok
aick0123,3,306,0.9803921568627451,1,ok
airtrek11,3,306,0.9803921568627451,1,ok
airwing14,3,306,0.9803921568627451,1,ok
aizadmajid02,3,306,0.9803921568627451,1,ok
ajmpux,3,306,0.9803921568627451,1,ok
ajtajta_j,3,306,0.9803921568627451,1,ok
aka_asu_tey,3,306,0.9803921568627451,1,ok
akagami23,3,306,0.9803921568627451,1,ok
akakki,3,306,0.9803921568627451,1,ok
AkakuAoba,3,306,0.9803921568627451,1,ok
akamatsu9912,3,306,0.9803921568627451,1,ok
akanedaisuki,3,306,0.9803921568627451,1,ok
akatsuki_hiraki,3,306,0.9803921568627451,1,ok
akeno,3,306,0.9803921568627451,1,ok
akgan7_,3,306,0.9803921568627451,1,ok
akiharukas,3,306,0.9803921568627451,1,ok
akiku131,3,306,0.9803921568627451,1,ok
akinasu019,3,306,0.9803921568627451,1,ok
Akira_zhang,3,306,0.9803921568627451,1,ok
akiramenaipride,3,306,0.9803921568627451,1,ok
AlicePlanet,3,306,0.9803921568627451,1,ok
alka_lovelive,3,306,0.9803921568627451,1,ok
aloe_marron,3,306,0.9803921568627451,1,ok
ALPHA_CHOCO,3,306,0.9803921568627451,1,ok
amipon.8888,3,306,0.9803921568627451,1,ok
AND632673,3,306,0.9803921568627451,1,ok
ank_yuma0921,3,306,0.9803921568627451,1,ok
ANKARE_ESSE,3,306,0.9803921568627451,1,ok
AnthosHoraiP,3,306,0.9803921568627451,1,ok
anticwkd35,3,306,0.9803921568627451,1,ok
aoi_narukana,3,306,0.9803921568627451,1,ok
aokun392040481,3,306,0.9803921568627451,1,ok
APE_STUSSY,3,306,0.9803921568627451,1,ok
aplus2122,3,306,0.9803921568627451,1,ok
appu_0325,3,306,0.9803921568627451,1,ok
aqua.alta55,3,306,0.9803921568627451,1,ok
ar_clam_330,3,306,0.9803921568627451,1,ok
ariaho,3,306,0.9803921568627451,1,ok
aries_da1745,3,306,0.9803921568627451,1,ok
arinkocineraria,3,306,0.9803921568627451,1,ok
aris_uma,3,306,0.9803921568627451,1,ok
arumck,3,306,0.9803921568627451,1,ok
asagaya,3,306,0.9803921568627451,1,ok
asari_shi,3,306,0.9803921568627451,1,ok
assault_EMTN,3,306,0.9803921568627451,1,ok
AthackBlois,3,306,0.9803921568627451,1,ok
Atsi_mo,3,306,0.9803921568627451,1,ok
attsun0112,3,306,0.9803921568627451,1,ok
awakihcat_onnis,3,306,0.9803921568627451,1,ok
Ayasebo_,3,306,0.9803921568627451,1,ok
ayayuka_ikumin,3,306,0.9803921568627451,1,ok
ayn3111,3,306,0.9803921568627451,1,ok
AZ_mofu,3,306,0.9803921568627451,1,ok
AZAYiku,3,306,0.9803921568627451,1,ok
azuma_alb0804,3,306,0.9803921568627451,1,ok
azusa0806niko,3,306,0.9803921568627451,1,ok
B4012014,3,306,0.9803921568627451,1,ok
B7A2,3,306,0.9803921568627451,1,ok
B_UTER,3,306,0.9803921568627451,1,ok
bakedbeaf,3,306,0.9803921568627451,1,ok
bakuryuu774,3,306,0.9803921568627451,1,ok
BambooNashem,3,306,0.9803921568627451,1,ok
banana3761,3,306,0.9803921568627451,1,ok
barbarca128,3,306,0.9803921568627451,1,ok
belalugosi_is_,3,306,0.9803921568627451,1,ok
beson309,3,306,0.9803921568627451,1,ok
BirbKurosawa,3,306,0.9803921568627451,1,ok
bl_sarana,3,306,0.9803921568627451,1,ok
blessing_smp,3,306,0.9803921568627451,1,ok
bluegambar,3,306,0.9803921568627451,1,ok
blueskyciel,3,306,0.9803921568627451,1,ok
bo_zu_zuzuzuzu,3,306,0.9803921568627451,1,ok
bonberhead,3,306,0.9803921568627451,1,ok
bouryu,3,306,0.9803921568627451,1,ok
broilerLG,3,306,0.9803921568627451,1,ok
bucchiiiiii_9,3,306,0.9803921568627451,1,ok
BUNG_,3,306,0.9803921568627451,1,ok
bunngaku,3,306,0.9803921568627451,1,ok
bync_a,3,306,0.9803921568627451,1,ok
byon_byon_byon,3,306,0.9803921568627451,1,ok
bzmove10,3,306,0.9803921568627451,1,ok
C_evn,3,306,0.9803921568627451,1,ok
C_ute_iDOL,3,306,0.9803921568627451,1,ok
calfatnenrad_1,3,306,0.9803921568627451,1,ok
carry_on33,3,306,0.9803921568627451,1,ok
Cela,3,306,0.9803921568627451,1,ok
central,3,306,0.9803921568627451,1,ok
chack_yu_1party,3,306,0.9803921568627451,1,ok
chake_bamboo,3,306,0.9803921568627451,1,ok
chamu_snd,3,306,0.9803921568627451,1,ok
check_dai,3,306,0.9803921568627451,1,ok
chereeeey,3,306,0.9803921568627451,1,ok
Cherry_tn3,3,306,0.9803921568627451,1,ok
CherryChan762,3,306,0.9803921568627451,1,ok
Chi_yo_346,3,306,0.9803921568627451,1,ok
chickenmayo_don,3,306,0.9803921568627451,1,ok
Chigyuu_,3,306,0.9803921568627451,1,ok
chikamikan_yuya,3,306,0.9803921568627451,1,ok
Chino_Rabbit30,3,306,0.9803921568627451,1,ok
chiwawa_black,3,306,0.9803921568627451,1,ok
chizuruknkn,3,306,0.9803921568627451,1,ok
chocokurono,3,306,0.9803921568627451,1,ok
chocolat_o8o,3,306,0.9803921568627451,1,ok
ChrissorS,3,306,0.9803921568627451,1,ok
chrono0425,3,306,0.9803921568627451,1,ok
Chunkwok_Wong,3,306,0.9803921568627451,1,ok
chunpr2625,3,306,0.9803921568627451,1,ok
cirno0207,3,306,0.9803921568627451,1,ok
cis_9ua,3,306,0.9803921568627451,1,ok
cistusburn,3,306,0.9803921568627451,1,ok
ClarinQ_3A07,3,306,0.9803921568627451,1,ok
coating_choco,3,306,0.9803921568627451,1,ok
CockToe,3,306,0.9803921568627451,1,ok
colorful375,3,306,0.9803921568627451,1,ok
comet29360732,3,306,0.9803921568627451,1,ok
coopie_7,3,306,0.9803921568627451,1,ok
coslfb,3,306,0.9803921568627451,1,ok
cottese,3,306,0.9803921568627451,1,ok
coywai,3,306,0.9803921568627451,1,ok
Cr,3,306,0.9803921568627451,1,ok
craze_rod,3,306,0.9803921568627451,1,ok
CRFYUN,3,306,0.9803921568627451,1,ok
crusaders400,3,306,0.9803921568627451,1,ok
ctycty,3,306,0.9803921568627451,1,ok
cucumissativus,3,306,0.9803921568627451,1,ok
daiarybornmas,3,306,0.9803921568627451,1,ok
daranisuk,3,306,0.9803921568627451,1,ok
davisqwq,3,306,0.9803921568627451,1,ok
dear4_inafu,3,306,0.9803921568627451,1,ok
death910202,3,306,0.9803921568627451,1,ok
decede555,3,306,0.9803921568627451,1,ok
delinlu967,3,306,0.9803921568627451,1,ok
deneb_sumire,3,306,0.9803921568627451,1,ok
denn_chi,3,306,0.9803921568627451,1,ok
dillerove,3,306,0.9803921568627451,1,ok
dillerove_1,3,306,0.9803921568627451,1,ok
dk11218,3,306,0.9803921568627451,1,ok
dkk_tkkpimunn,3,306,0.9803921568627451,1,ok
doma,3,306,0.9803921568627451,1,ok
dondoko78,3,306,0.9803921568627451,1,ok
doney_yan,3,306,0.9803921568627451,1,ok
donki,3,306,0.9803921568627451,1,ok
donut,3,306,0.9803921568627451,1,ok
DRC_5,3,306,0.9803921568627451,1,ok
e29_sa,3,306,0.9803921568627451,1,ok
e_0828__xxx,3,306,0.9803921568627451,1,ok
e_gu_three,3,306,0.9803921568627451,1,ok
e_x12u,3,306,0.9803921568627451,1,ok
Ebichan,3,306,0.9803921568627451,1,ok
ebisio721,3,306,0.9803921568627451,1,ok
ED,3,306,0.9803921568627451,1,ok
eiennimemai,3,306,0.9803921568627451,1,ok
ein_producer,3,306,0.9803921568627451,1,ok
elizatail,3,306,0.9803921568627451,1,ok
emerald0503,3,306,0.9803921568627451,1,ok
eminchu_1210,3,306,0.9803921568627451,1,ok
Eminnieee_D,3,306,0.9803921568627451,1,ok
Epiphaneia_zedd,3,306,0.9803921568627451,1,ok
er___iii_,3,306,0.9803921568627451,1,ok
Eridanus_Sora,3,306,0.9803921568627451,1,ok
eruelly,3,306,0.9803921568627451,1,ok
est210_th,3,306,0.9803921568627451,1,ok
f19880622_1,3,306,0.9803921568627451,1,ok
F__nya,3,306,0.9803921568627451,1,ok
f_tastiera,3,306,0.9803921568627451,1,ok
fafner_festum26,3,306,0.9803921568627451,1,ok
fansaabis,3,306,0.9803921568627451,1,ok
fate_honda,3,306,0.9803921568627451,1,ok
feelingatmosphere6088,3,306,0.9803921568627451,1,ok
Finfinsakana,3,306,0.9803921568627451,1,ok
fio_trs17,3,306,0.9803921568627451,1,ok
fireattack,3,306,0.9803921568627451,1,ok
flum_eva,3,306,0.9803921568627451,1,ok
FntsOT_558,3,306,0.9803921568627451,1,ok
Forest307,3,306,0.9803921568627451,1,ok
Fracture765pro_1,3,306,0.9803921568627451,1,ok
fragments9029,3,306,0.9803921568627451,1,ok
freebird_0111,3,306,0.9803921568627451,1,ok
fruitspie_tw,3,306,0.9803921568627451,1,ok
fujimon_0510,3,306,0.9803921568627451,1,ok
Fukigen_sound_1,3,306,0.9803921568627451,1,ok
fukkuu268,3,306,0.9803921568627451,1,ok
fukutosin,3,306,0.9803921568627451,1,ok
fullflat0410,3,306,0.9803921568627451,1,ok
fusaginpo,3,306,0.9803921568627451,1,ok
fuuu_sss,3,306,0.9803921568627451,1,ok
fvh_P,3,306,0.9803921568627451,1,ok
FX_uec_2,3,306,0.9803921568627451,1,ok
GAIN_3883,3,306,0.9803921568627451,1,ok
gaine3,3,306,0.9803921568627451,1,ok
gakki20u,3,306,0.9803921568627451,1,ok
ganbarekdkr,3,306,0.9803921568627451,1,ok
garyu72,3,306,0.9803921568627451,1,ok
genmai_37,3,306,0.9803921568627451,1,ok
gepenaru_moon,3,306,0.9803921568627451,1,ok
GER3939,3,306,0.9803921568627451,1,ok
giongiorno,3,306,0.9803921568627451,1,ok
gogogo_nico,3,306,0.9803921568627451,1,ok
GOINGUP_Phantom,3,306,0.9803921568627451,1,ok
golden_slyme,3,306,0.9803921568627451,1,ok
gomen_ysd,3,306,0.9803921568627451,1,ok
goutocort,3,306,0.9803921568627451,1,ok
gravity89,3,306,0.9803921568627451,1,ok
greenlake022,3,306,0.9803921568627451,1,ok
greenonionrice,3,306,0.9803921568627451,1,ok
grove5136,3,306,0.9803921568627451,1,ok
gusghdp,3,306,0.9803921568627451,1,ok
gyuutannsio,3,306,0.9803921568627451,1,ok
ha2chon,3,306,0.9803921568627451,1,ok
ha_san_n,3,306,0.9803921568627451,1,ok
haaatsu12,3,306,0.9803921568627451,1,ok
hAANNTRa8mvbfdU,3,306,0.9803921568627451,1,ok
hachi88_0616,3,306,0.9803921568627451,1,ok
hailfish,3,306,0.9803921568627451,1,ok
haji_tkp,3,306,0.9803921568627451,1,ok
hakkushi,3,306,0.9803921568627451,1,ok
hamco_Cfy,3,306,0.9803921568627451,1,ok
hamzo,3,306,0.9803921568627451,1,ok
hanabidefence,3,306,0.9803921568627451,1,ok
Hanajijijiji,3,306,0.9803921568627451,1,ok
hanayo_tasukete,3,306,0.9803921568627451,1,ok
hanbing_ller,3,306,0.9803921568627451,1,ok
haruka_pro_kado,3,306,0.9803921568627451,1,ok
hase_yukauchi,3,306,0.9803921568627451,1,ok
hawkmasa_0403,3,306,0.9803921568627451,1,ok
hay_yura,3,306,0.9803921568627451,1,ok
Heheiwgc,3,306,0.9803921568627451,1,ok
hello_morry,3,306,0.9803921568627451,1,ok
hey1223,3,306,0.9803921568627451,1,ok
hhhulkstar,3,306,0.9803921568627451,1,ok
hhss,3,306,0.9803921568627451,1,ok
hibiya_eh,3,306,0.9803921568627451,1,ok
hikkyrstatgj,3,306,0.9803921568627451,1,ok
himekaido_LiSA,3,306,0.9803921568627451,1,ok
himidayo0716,3,306,0.9803921568627451,1,ok
Hiro_mimocho_06,3,306,0.9803921568627451,1,ok
hiro_nikoliver,3,306,0.9803921568627451,1,ok
hirohironm7,3,306,0.9803921568627451,1,ok
hiroronn1,3,306,0.9803921568627451,1,ok
HIROtun_maaya,3,306,0.9803921568627451,1,ok
hiroty_st,3,306,0.9803921568627451,1,ok
HIROYUKI,3,306,0.9803921568627451,1,ok
hitayu_,3,306,0.9803921568627451,1,ok
hiyokolinks,3,306,0.9803921568627451,1,ok
hjms2sk,3,306,0.9803921568627451,1,ok
hn3hrk,3,306,0.9803921568627451,1,ok
ho_ppyha_ppy,3,306,0.9803921568627451,1,ok
hobby_addiction,3,306,0.9803921568627451,1,ok
hocha_ai,3,306,0.9803921568627451,1,ok
hokutaP,3,306,0.9803921568627451,1,ok
hondarano,3,306,0.9803921568627451,1,ok
hono_mai_koto,3,306,0.9803921568627451,1,ok
hoot_1018,3,306,0.9803921568627451,1,ok
horiewahaha,3,306,0.9803921568627451,1,ok
hoshinokun_,3,306,0.9803921568627451,1,ok
hosizorarinhosi,3,306,0.9803921568627451,1,ok
hossyaaa123,3,306,0.9803921568627451,1,ok
HOTOCOCOA0410,3,306,0.9803921568627451,1,ok
houkoholic,3,306,0.9803921568627451,1,ok
housuu310,3,306,0.9803921568627451,1,ok
hrk_gk,3,306,0.9803921568627451,1,ok
huangxny,3,306,0.9803921568627451,1,ok
huawenyun,3,306,0.9803921568627451,1,ok
hubble_916,3,306,0.9803921568627451,1,ok
hukujin,3,306,0.9803921568627451,1,ok
humakt_924,3,306,0.9803921568627451,1,ok
huneebee5748,3,306,0.9803921568627451,1,ok
hyeahry,3,306,0.9803921568627451,1,ok
hyn9x,3,306,0.9803921568627451,1,ok
i1_s5i7,3,306,0.9803921568627451,1,ok
ibechuu_dol,3,306,0.9803921568627451,1,ok
Inamin_Tsura,3,306,0.9803921568627451,1,ok
inaxlabo,3,306,0.9803921568627451,1,ok
inoritasoo,3,306,0.9803921568627451,1,ok
invincible_bch,3,306,0.9803921568627451,1,ok
iRis_s_kao,3,306,0.9803921568627451,1,ok
iRis_s_rika,3,306,0.9803921568627451,1,ok
is_wotawota,3,306,0.9803921568627451,1,ok
Isurus,3,306,0.9803921568627451,1,ok
itaka_1119,3,306,0.9803921568627451,1,ok
Itsuitsu1824,3,306,0.9803921568627451,1,ok
iwate_no_hoshi,3,306,0.9803921568627451,1,ok
izulippana,3,306,0.9803921568627451,1,ok
izuluPKF,3,306,0.9803921568627451,1,ok
izumi2210,3,306,0.9803921568627451,1,ok
jaa_jasdf,3,306,0.9803921568627451,1,ok
jabberwocky2_,3,306,0.9803921568627451,1,ok
jagatter,3,306,0.9803921568627451,1,ok
Jaime_Riho,3,306,0.9803921568627451,1,ok
javazahat,3,306,0.9803921568627451,1,ok
jihanki_jihanki,3,306,0.9803921568627451,1,ok
Jinpachi_ZF,3,306,0.9803921568627451,1,ok
jo_shiina,3,306,0.9803921568627451,1,ok
john1king,3,306,0.9803921568627451,1,ok
John_Smith,3,306,0.9803921568627451,1,ok
jom_ge,3,306,0.9803921568627451,1,ok
joyjoydess,3,306,0.9803921568627451,1,ok
jozz4ab,3,306,0.9803921568627451,1,ok
JTMcLaren,3,306,0.9803921568627451,1,ok
JunFENIX,3,306,0.9803921568627451,1,ok
jyak_o,3,306,0.9803921568627451,1,ok
jyambo19,3,306,0.9803921568627451,1,ok
K_csns,3,306,0.9803921568627451,1,ok
k_fh1016,3,306,0.9803921568627451,1,ok
k_ponoka2521,3,306,0.9803921568627451,1,ok
K_R_nyu,3,306,0.9803921568627451,1,ok
k_y_gomyway,3,306,0.9803921568627451,1,ok
kaguratokyo,3,306,0.9803921568627451,1,ok
kahiwa0719,3,306,0.9803921568627451,1,ok
kairuzu_misa,3,306,0.9803921568627451,1,ok
kaki__pp,3,306,0.9803921568627451,1,ok
kakuma,3,306,0.9803921568627451,1,ok
kakure_mickey,3,306,0.9803921568627451,1,ok
kami_erabi,3,306,0.9803921568627451,1,ok
kamijo0415,3,306,0.9803921568627451,1,ok
kamo_true_rose,3,306,0.9803921568627451,1,ok
kanatoro3080,3,306,0.9803921568627451,1,ok
kanmikage,3,306,0.9803921568627451,1,ok
kanon_aoi_ak,3,306,0.9803921568627451,1,ok
kanseki7na,3,306,0.9803921568627451,1,ok
KantokuWorks,3,306,0.9803921568627451,1,ok
kappaflag,3,306,0.9803921568627451,1,ok
kari921,3,306,0.9803921568627451,1,ok
KashiCellin,3,306,0.9803921568627451,1,ok
kastanjat918,3,306,0.9803921568627451,1,ok
katagiri0905,3,306,0.9803921568627451,1,ok
katsuralll,3,306,0.9803921568627451,1,ok
kawauso299,3,306,0.9803921568627451,1,ok
KayamaTrain86,3,306,0.9803921568627451,1,ok
kayohanallv,3,306,0.9803921568627451,1,ok
KaZ__05,3,306,0.9803921568627451,1,ok
kazamu116,3,306,0.9803921568627451,1,ok
kazking09,3,306,0.9803921568627451,1,ok
kazukunnupdate,3,306,0.9803921568627451,1,ok
kazusa900528,3,306,0.9803921568627451,1,ok
KBYKM,3,306,0.9803921568627451,1,ok
kdx_overblow,3,306,0.9803921568627451,1,ok
keepssepeidreac,3,306,0.9803921568627451,1,ok
Keik,3,306,0.9803921568627451,1,ok
keima12jp,3,306,0.9803921568627451,1,ok
keita8207,3,306,0.9803921568627451,1,ok
ken7625,3,306,0.9803921568627451,1,ok
ken_peko1284,3,306,0.9803921568627451,1,ok
kento0903,3,306,0.9803921568627451,1,ok
kenwug,3,306,0.9803921568627451,1,ok
kerori_poon,3,306,0.9803921568627451,1,ok
kevin_haruka,3,306,0.9803921568627451,1,ok
keystone_short,3,306,0.9803921568627451,1,ok
kfuj3631_,3,306,0.9803921568627451,1,ok
KHK2141,3,306,0.9803921568627451,1,ok
khth874,3,306,0.9803921568627451,1,ok
Kikuka_a,3,306,0.9803921568627451,1,ok
kikurage_oicie,3,306,0.9803921568627451,1,ok
kimitmwtj,3,306,0.9803921568627451,1,ok
kimutiyy,3,306,0.9803921568627451,1,ok
kinkin1982,3,306,0.9803921568627451,1,ok
kintsubanana,3,306,0.9803921568627451,1,ok
KiRe_SyaRo,3,306,0.9803921568627451,1,ok
kiri_2939,3,306,0.9803921568627451,1,ok
kirigiri_9001,3,306,0.9803921568627451,1,ok
kirisara,3,306,0.9803921568627451,1,ok
kirito_sora_828,3,306,0.9803921568627451,1,ok
kisaragi_syaro,3,306,0.9803921568627451,1,ok
kittyppears,3,306,0.9803921568627451,1,ok
kjkj_p,3,306,0.9803921568627451,1,ok
klaxon1985,3,306,0.9803921568627451,1,ok
ko_ske0125,3,306,0.9803921568627451,1,ok
kobayasi4703,3,306,0.9803921568627451,1,ok
kodakann,3,306,0.9803921568627451,1,ok
koebuta_level28,3,306,0.9803921568627451,1,ok
koihime_toka,3,306,0.9803921568627451,1,ok
kokomo5483,3,306,0.9803921568627451,1,ok
Komugi,3,306,0.9803921568627451,1,ok
konataro3,3,306,0.9803921568627451,1,ok
korohikonyan,3,306,0.9803921568627451,1,ok
koutiki_ClariS,3,306,0.9803921568627451,1,ok
Kqke__3,3,306,0.9803921568627451,1,ok
kra_odgesan,3,306,0.9803921568627451,1,ok
krkagain,3,306,0.9803921568627451,1,ok
ksasa___,3,306,0.9803921568627451,1,ok
ksks3125,3,306,0.9803921568627451,1,ok
ktgman,3,306,0.9803921568627451,1,ok
ku_maaya_hi,3,306,0.9803921568627451,1,ok
kujirai,3,306,0.9803921568627451,1,ok
kurazoa81,3,306,0.9803921568627451,1,ok
kureha908A,3,306,0.9803921568627451,1,ok
kureha_rg,3,306,0.9803921568627451,1,ok
kurobuti_80,3,306,0.9803921568627451,1,ok
Kuroi10ka,3,306,0.9803921568627451,1,ok
kuromo30,3,306,0.9803921568627451,1,ok
kutazwei2,3,306,0.9803921568627451,1,ok
kw,3,306,0.9803921568627451,1,ok
kynynchu,3,306,0.9803921568627451,1,ok
kyousuke225,3,306,0.9803921568627451,1,ok
kzktmi,3,306,0.9803921568627451,1,ok
L825_S519_L717,3,306,0.9803921568627451,1,ok
l_na_ss,3,306,0.9803921568627451,1,ok
lancelot0,3,306,0.9803921568627451,1,ok
laurasia01,3,306,0.9803921568627451,1,ok
lazergreen,3,306,0.9803921568627451,1,ok
lbannen01,3,306,0.9803921568627451,1,ok
lenneth016,3,306,0.9803921568627451,1,ok
Lets_jun_4114,3,306,0.9803921568627451,1,ok
lidwiz,3,306,0.9803921568627451,1,ok
lightning_1220,3,306,0.9803921568627451,1,ok
Llsao1234,3,306,0.9803921568627451,1,ok
llu_ull_hiropon,3,306,0.9803921568627451,1,ok
lovelive3239,3,306,0.9803921568627451,1,ok
LovVertigo,3,306,0.9803921568627451,1,ok
Lua_i143o,3,306,0.9803921568627451,1,ok
Lucietu,3,306,0.9803921568627451,1,ok
m7s7771,3,306,0.9803921568627451,1,ok
m_i_n_a_se,3,306,0.9803921568627451,1,ok
ma9_su,3,306,0.9803921568627451,1,ok
maaya_0719,3,306,0.9803921568627451,1,ok
mabatashi,3,306,0.9803921568627451,1,ok
MAC0625S,3,306,0.9803921568627451,1,ok
maca_1039,3,306,0.9803921568627451,1,ok
magica_rushman,3,306,0.9803921568627451,1,ok
magnetrice2,3,306,0.9803921568627451,1,ok
mainellove,3,306,0.9803921568627451,1,ok
maki0905,3,306,0.9803921568627451,1,ok
maleic237,3,306,0.9803921568627451,1,ok
mame_tamayurer,3,306,0.9803921568627451,1,ok
mametaraC,3,306,0.9803921568627451,1,ok
MAMO_a6m2b,3,306,0.9803921568627451,1,ok
manapeco,3,306,0.9803921568627451,1,ok
manaselrs,3,306,0.9803921568627451,1,ok
manatee8128,3,306,0.9803921568627451,1,ok
manetsukin,3,306,0.9803921568627451,1,ok
many_anime,3,306,0.9803921568627451,1,ok
maouyossy,3,306,0.9803921568627451,1,ok
map0043,3,306,0.9803921568627451,1,ok
MariaTrappin,3,306,0.9803921568627451,1,ok
marida_cruz00,3,306,0.9803921568627451,1,ok
maroonee,3,306,0.9803921568627451,1,ok
maruket00to,3,306,0.9803921568627451,1,ok
marumomo9,3,306,0.9803921568627451,1,ok
mas_q_,3,306,0.9803921568627451,1,ok
masa220202,3,306,0.9803921568627451,1,ok
masakurauchi808,3,306,0.9803921568627451,1,ok
masara,3,306,0.9803921568627451,1,ok
masarataun3104,3,306,0.9803921568627451,1,ok
matu_0829,3,306,0.9803921568627451,1,ok
matyumotyo_0331,3,306,0.9803921568627451,1,ok
mcho0213,3,306,0.9803921568627451,1,ok
medicine_neko,3,306,0.9803921568627451,1,ok
MedievalMovies,3,306,0.9803921568627451,1,ok
Medley_39,3,306,0.9803921568627451,1,ok
mei,3,306,0.9803921568627451,1,ok
melokyun_asuka,3,306,0.9803921568627451,1,ok
meltyuma,3,306,0.9803921568627451,1,ok
memori_view,3,306,0.9803921568627451,1,ok
mer_nem_chu2koi,3,306,0.9803921568627451,1,ok
mi_pi_pa,3,306,0.9803921568627451,1,ok
michi375sphr,3,306,0.9803921568627451,1,ok
Micle_Festa,3,306,0.9803921568627451,1,ok
miesa_chan,3,306,0.9803921568627451,1,ok
mikuni_w,3,306,0.9803921568627451,1,ok
milktub84729051,3,306,0.9803921568627451,1,ok
Milky_kimi,3,306,0.9803921568627451,1,ok
MIMERU,3,306,0.9803921568627451,1,ok
mimoalice15,3,306,0.9803921568627451,1,ok
mina_nerva,3,306,0.9803921568627451,1,ok
minemaru,3,306,0.9803921568627451,1,ok
minoyoui,3,306,0.9803921568627451,1,ok
mint_azul,3,306,0.9803921568627451,1,ok
mirage_tytm,3,306,0.9803921568627451,1,ok
miru2_tko,3,306,0.9803921568627451,1,ok
MisakaEmiri,3,306,0.9803921568627451,1,ok
mist_are_here,3,306,0.9803921568627451,1,ok
mitxleoloveiu,3,306,0.9803921568627451,1,ok
Mix_InsMerP,3,306,0.9803921568627451,1,ok
mixtile39,3,306,0.9803921568627451,1,ok
miyoshi_karin_e,3,306,0.9803921568627451,1,ok
Miyyy,3,306,0.9803921568627451,1,ok
mizu,3,306,0.9803921568627451,1,ok
MJAKEM,3,306,0.9803921568627451,1,ok
Mk_0123,3,306,0.9803921568627451,1,ok
mk_r284,3,306,0.9803921568627451,1,ok
mkist_uoxou_oO,3,306,0.9803921568627451,1,ok
mlpmind,3,306,0.9803921568627451,1,ok
mmmmoc,3,306,0.9803921568627451,1,ok
mmrnot3,3,306,0.9803921568627451,1,ok
mmum,3,306,0.9803921568627451,1,ok
MobRyo1021,3,306,0.9803921568627451,1,ok
mochi2_club,3,306,0.9803921568627451,1,ok
mochimochi321,3,306,0.9803921568627451,1,ok
mochomiku,3,306,0.9803921568627451,1,ok
mogimogimgmg02,3,306,0.9803921568627451,1,ok
moku_Alice,3,306,0.9803921568627451,1,ok
MORI_Yasuyuki,3,306,0.9803921568627451,1,ok
moriken36,3,306,0.9803921568627451,1,ok
morningglory429,3,306,0.9803921568627451,1,ok
mossanmaster,3,306,0.9803921568627451,1,ok
moviesanka,3,306,0.9803921568627451,1,ok
MOW514,3,306,0.9803921568627451,1,ok
moyamoya_12,3,306,0.9803921568627451,1,ok
MrFridayMonday,3,306,0.9803921568627451,1,ok
MT72A_E257,3,306,0.9803921568627451,1,ok
mtdr_mtg,3,306,0.9803921568627451,1,ok
mtk,3,306,0.9803921568627451,1,ok
Muby_furi,3,306,0.9803921568627451,1,ok
mucchi_ZERO,3,306,0.9803921568627451,1,ok
Mura_Noma,3,306,0.9803921568627451,1,ok
murakipainapuru,3,306,0.9803921568627451,1,ok
musakura_kiti,3,306,0.9803921568627451,1,ok
mx_y22,3,306,0.9803921568627451,1,ok
myaako385,3,306,0.9803921568627451,1,ok
mylivelog,3,306,0.9803921568627451,1,ok
mzkt__s,3,306,0.9803921568627451,1,ok
naasan,3,306,0.9803921568627451,1,ok
nabeyaki_MK2kai,3,306,0.9803921568627451,1,ok
Nagi_ZN6,3,306,0.9803921568627451,1,ok
naititi,3,306,0.9803921568627451,1,ok
naitouotu,3,306,0.9803921568627451,1,ok
naka0601,3,306,0.9803921568627451,1,ok
nakamra_7,3,306,0.9803921568627451,1,ok
nana_zu_yu,3,306,0.9803921568627451,1,ok
Nanatu_P02,3,306,0.9803921568627451,1,ok
nanau7,3,306,0.9803921568627451,1,ok
nanklazuki,3,306,0.9803921568627451,1,ok
nao40012371,3,306,0.9803921568627451,1,ok
Naokinanon,3,306,0.9803921568627451,1,ok
nappa78,3,306,0.9803921568627451,1,ok
nari_yheeeee,3,306,0.9803921568627451,1,ok
narumin3,3,306,0.9803921568627451,1,ok
Nasunasubeee,3,306,0.9803921568627451,1,ok
NaZo_oNaKaiTai_,3,306,0.9803921568627451,1,ok
nebo_oden,3,306,0.9803921568627451,1,ok
negima_LiSA,3,306,0.9803921568627451,1,ok
nekoharu_siorin,3,306,0.9803921568627451,1,ok
nezurin_P,3,306,0.9803921568627451,1,ok
ngns10,3,306,0.9803921568627451,1,ok
Nia_LL,3,306,0.9803921568627451,1,ok
Nicholas_1103,3,306,0.9803921568627451,1,ok
nickchen120235,3,306,0.9803921568627451,1,ok
nnumipkktk,3,306,0.9803921568627451,1,ok
no,3,306,0.9803921568627451,1,ok
NO_C,3,306,0.9803921568627451,1,ok
no_war44987352,3,306,0.9803921568627451,1,ok
nocolor_DJ,3,306,0.9803921568627451,1,ok
Noel_0724,3,306,0.9803921568627451,1,ok
noha0510,3,306,0.9803921568627451,1,ok
nokia316,3,306,0.9803921568627451,1,ok
nokonokosan,3,306,0.9803921568627451,1,ok
nominakama,3,306,0.9803921568627451,1,ok
none0926,3,306,0.9803921568627451,1,ok
noppitter,3,306,0.9803921568627451,1,ok
nori_12,3,306,0.9803921568627451,1,ok
nosoman,3,306,0.9803921568627451,1,ok
Noway___kkyk,3,306,0.9803921568627451,1,ok
Noway_kkyk,3,306,0.9803921568627451,1,ok
nozograsshopper,3,306,0.9803921568627451,1,ok
nry_p,3,306,0.9803921568627451,1,ok
NucoNi,3,306,0.9803921568627451,1,ok
numa_im,3,306,0.9803921568627451,1,ok
O6181SS,3,306,0.9803921568627451,1,ok
O625mm,3,306,0.9803921568627451,1,ok
O7krxn,3,306,0.9803921568627451,1,ok
Oath_Ark_I,3,306,0.9803921568627451,1,ok
OD_Master_0077,3,306,0.9803921568627451,1,ok
odgnteaa,3,306,0.9803921568627451,1,ok
ojamacountry,3,306,0.9803921568627451,1,ok
OJIsan34,3,306,0.9803921568627451,1,ok
okazi0505,3,306,0.9803921568627451,1,ok
oliver,3,306,0.9803921568627451,1,ok
olivia_fm8,3,306,0.9803921568627451,1,ok
Onion_314156,3,306,0.9803921568627451,1,ok
ookamimio,3,306,0.9803921568627451,1,ok
ookumashohei,3,306,0.9803921568627451,1,ok
opp3,3,306,0.9803921568627451,1,ok
Orcha,3,306,0.9803921568627451,1,ok
oretui_yoro,3,306,0.9803921568627451,1,ok
oriku,3,306,0.9803921568627451,1,ok
oshishio,3,306,0.9803921568627451,1,ok
otakugaku,3,306,0.9803921568627451,1,ok
otonomiya,3,306,0.9803921568627451,1,ok
otosigami_214,3,306,0.9803921568627451,1,ok
OtterGorgeous,3,306,0.9803921568627451,1,ok
ougonnrennsei,3,306,0.9803921568627451,1,ok
p104095t,3,306,0.9803921568627451,1,ok
P_AYU__,3,306,0.9803921568627451,1,ok
pachilemon,3,306,0.9803921568627451,1,ok
pad_mimo,3,306,0.9803921568627451,1,ok
paluku141,3,306,0.9803921568627451,1,ok
panyatup,3,306,0.9803921568627451,1,ok
papioka_million,3,306,0.9803921568627451,1,ok
parisvision,3,306,0.9803921568627451,1,ok
patchouli_034,3,306,0.9803921568627451,1,ok
PatMoon_2,3,306,0.9803921568627451,1,ok
payapine,3,306,0.9803921568627451,1,ok
PdhXd8,3,306,0.9803921568627451,1,ok
perserte,3,306,0.9803921568627451,1,ok
ph_kojima_38,3,306,0.9803921568627451,1,ok
phantom2G,3,306,0.9803921568627451,1,ok
philia_liam,3,306,0.9803921568627451,1,ok
phiphiphinophi,3,306,0.9803921568627451,1,ok
phsphrc_acd,3,306,0.9803921568627451,1,ok
pipipi___nk,3,306,0.9803921568627451,1,ok
PKTM_Naikana,3,306,0.9803921568627451,1,ok
pls,3,306,0.9803921568627451,1,ok
pog_producer,3,306,0.9803921568627451,1,ok
poipoi_love,3,306,0.9803921568627451,1,ok
PONKAN2196,3,306,0.9803921568627451,1,ok
Pour_Homme,3,306,0.9803921568627451,1,ok
powapowa_onduru,3,306,0.9803921568627451,1,ok
pp___t,3,306,0.9803921568627451,1,ok
PPO_2jidol,3,306,0.9803921568627451,1,ok
Pray_nm7,3,306,0.9803921568627451,1,ok
pripriuru,3,306,0.9803921568627451,1,ok
prodigy522,3,306,0.9803921568627451,1,ok
proteccHego,3,306,0.9803921568627451,1,ok
pupu1211,3,306,0.9803921568627451,1,ok
purin_yume,3,306,0.9803921568627451,1,ok
Puusaaaaaan53,3,306,0.9803921568627451,1,ok
Pyomkiti1,3,306,0.9803921568627451,1,ok
qixm,3,306,0.9803921568627451,1,ok
Qoo_00,3,306,0.9803921568627451,1,ok
r_kohakusui,3,306,0.9803921568627451,1,ok
R_noiseA,3,306,0.9803921568627451,1,ok
rai_fry7,3,306,0.9803921568627451,1,ok
rakkyo_pri,3,306,0.9803921568627451,1,ok
ramuyoss23,3,306,0.9803921568627451,1,ok
rasengenma,3,306,0.9803921568627451,1,ok
raven5354,3,306,0.9803921568627451,1,ok
reaa_sua,3,306,0.9803921568627451,1,ok
rebo05kento02,3,306,0.9803921568627451,1,ok
reirux,3,306,0.9803921568627451,1,ok
RelaxContinent,3,306,0.9803921568627451,1,ok
rerc,3,306,0.9803921568627451,1,ok
Ri_Su_RS,3,306,0.9803921568627451,1,ok
Ricca014kn,3,306,0.9803921568627451,1,ok
Rice_is_Gohan_,3,306,0.9803921568627451,1,ok
Ricoyumeri,3,306,0.9803921568627451,1,ok
RIKA,3,306,0.9803921568627451,1,ok
riko_Quadra,3,306,0.9803921568627451,1,ok
Rin116,3,306,0.9803921568627451,1,ok
rin_mi_mo,3,306,0.9803921568627451,1,ok
ringosu,3,306,0.9803921568627451,1,ok
rinringo0320,3,306,0.9803921568627451,1,ok
rioshirazumi,3,306,0.9803921568627451,1,ok
Ritsu_Sayaka,3,306,0.9803921568627451,1,ok
rlsnnb,3,306,0.9803921568627451,1,ok
rnk_kt3,3,306,0.9803921568627451,1,ok
ro_gai_du,3,306,0.9803921568627451,1,ok
rojp5392,3,306,0.9803921568627451,1,ok
rom_,3,306,0.9803921568627451,1,ok
ronzhao1,3,306,0.9803921568627451,1,ok
routa13b,3,306,0.9803921568627451,1,ok
roxas17_,3,306,0.9803921568627451,1,ok
rrrri_697,3,306,0.9803921568627451,1,ok
Rska1173129,3,306,0.9803921568627451,1,ok
rsouth,3,306,0.9803921568627451,1,ok
rtkkk,3,306,0.9803921568627451,1,ok
Rukke,3,306,0.9803921568627451,1,ok
ruko0603,3,306,0.9803921568627451,1,ok
Rumerume,3,306,0.9803921568627451,1,ok
Rusty_Giants13,3,306,0.9803921568627451,1,ok
Rvamine,3,306,0.9803921568627451,1,ok
RYO_TZ,3,306,0.9803921568627451,1,ok
ryon_mmm,3,306,0.9803921568627451,1,ok
ryoochi7,3,306,0.9803921568627451,1,ok
rythem_72,3,306,0.9803921568627451,1,ok
ryu_do_ra,3,306,0.9803921568627451,1,ok
ryuhei9204,3,306,0.9803921568627451,1,ok
Ryuuchel,3,306,0.9803921568627451,1,ok
s2_ayasachan_s2,3,306,0.9803921568627451,1,ok
s__alice_blue,3,306,0.9803921568627451,1,ok
s_aki_ton,3,306,0.9803921568627451,1,ok
sa_16807,3,306,0.9803921568627451,1,ok
sa_tiko,3,306,0.9803921568627451,1,ok
saa_chao,3,306,0.9803921568627451,1,ok
SaberCF,3,306,0.9803921568627451,1,ok
sae_tsumTMRR529,3,306,0.9803921568627451,1,ok
saibuu5769,3,306,0.9803921568627451,1,ok
sakana3,3,306,0.9803921568627451,1,ok
saku0917,3,306,0.9803921568627451,1,ok
sakuwind,3,306,0.9803921568627451,1,ok
sakuya_cott,3,306,0.9803921568627451,1,ok
salty_UI,3,306,0.9803921568627451,1,ok
sana_ame,3,306,0.9803921568627451,1,ok
SANchipinchi,3,306,0.9803921568627451,1,ok
saneroad,3,306,0.9803921568627451,1,ok
santa,3,306,0.9803921568627451,1,ok
saranghae_tzr,3,306,0.9803921568627451,1,ok
sararockyou,3,306,0.9803921568627451,1,ok
sarasunagaqueen,3,306,0.9803921568627451,1,ok
sasamicamaboco,3,306,0.9803921568627451,1,ok
Se_2_2_eS,3,306,0.9803921568627451,1,ok
se__tte,3,306,0.9803921568627451,1,ok
Sea_mn_pn,3,306,0.9803921568627451,1,ok
seagullsoba,3,306,0.9803921568627451,1,ok
sei_tsuto,3,306,0.9803921568627451,1,ok
sekizui_sub,3,306,0.9803921568627451,1,ok
selily_01,3,306,0.9803921568627451,1,ok
sen22,3,306,0.9803921568627451,1,ok
sengan_nico,3,306,0.9803921568627451,1,ok
serikotanoshi,3,306,0.9803921568627451,1,ok
SeriMaxiRis,3,306,0.9803921568627451,1,ok
serisu9,3,306,0.9803921568627451,1,ok
setiGr1126,3,306,0.9803921568627451,1,ok
Setnai_Leafeon,3,306,0.9803921568627451,1,ok
ShanaYoring,3,306,0.9803921568627451,1,ok
Shaw_hirano,3,306,0.9803921568627451,1,ok
shel,3,306,0.9803921568627451,1,ok
shhiyo15,3,306,0.9803921568627451,1,ok
shiina0822_1,3,306,0.9803921568627451,1,ok
shikon11,3,306,0.9803921568627451,1,ok
shimamuradachi,3,306,0.9803921568627451,1,ok
shimisao1226,3,306,0.9803921568627451,1,ok
shin_SK,3,306,0.9803921568627451,1,ok
shink_1007,3,306,0.9803921568627451,1,ok
shinobu831,3,306,0.9803921568627451,1,ok
shiodomenokaze,3,306,0.9803921568627451,1,ok
Shioorrtey,3,306,0.9803921568627451,1,ok
shirakawa,3,306,0.9803921568627451,1,ok
Shiranuii_1210,3,306,0.9803921568627451,1,ok
Shiro_kobo,3,306,0.9803921568627451,1,ok
shiwasu_p,3,306,0.9803921568627451,1,ok
shizum0111,3,306,0.9803921568627451,1,ok
sho_mimokichi_1,3,306,0.9803921568627451,1,ok
shotandkarippi,3,306,0.9803921568627451,1,ok
showchick,3,306,0.9803921568627451,1,ok
shroud39,3,306,0.9803921568627451,1,ok
shu___O728,3,306,0.9803921568627451,1,ok
Shumo_dev,3,306,0.9803921568627451,1,ok
shun0552_nan,3,306,0.9803921568627451,1,ok
sicofuwa,3,306,0.9803921568627451,1,ok
sidem0420,3,306,0.9803921568627451,1,ok
siduma,3,306,0.9803921568627451,1,ok
sira_adustam,3,306,0.9803921568627451,1,ok
sirobu,3,306,0.9803921568627451,1,ok
siroling_,3,306,0.9803921568627451,1,ok
Sk32210k,3,306,0.9803921568627451,1,ok
ska_846,3,306,0.9803921568627451,1,ok
skudo3,3,306,0.9803921568627451,1,ok
sky_kingdom,3,306,0.9803921568627451,1,ok
smile8888,3,306,0.9803921568627451,1,ok
snowmillion625,3,306,0.9803921568627451,1,ok
sobo_ava,3,306,0.9803921568627451,1,ok
soda_Maaya,3,306,0.9803921568627451,1,ok
solabest,3,306,0.9803921568627451,1,ok
solara115,3,306,0.9803921568627451,1,ok
soma3cunning,3,306,0.9803921568627451,1,ok
songforyou0403,3,306,0.9803921568627451,1,ok
soo,3,306,0.9803921568627451,1,ok
soraironoalice,3,306,0.9803921568627451,1,ok
sosui1341,3,306,0.9803921568627451,1,ok
sosui_1341,3,306,0.9803921568627451,1,ok
sphere1293,3,306,0.9803921568627451,1,ok
Sphere_0314,3,306,0.9803921568627451,1,ok
sphere_765,3,306,0.9803921568627451,1,ok
sppnwd,3,306,0.9803921568627451,1,ok
springwind0311,3,306,0.9803921568627451,1,ok
SSR_,3,306,0.9803921568627451,1,ok
star_ry_,3,306,0.9803921568627451,1,ok
StarB,3,306,0.9803921568627451,1,ok
StarStorm358,3,306,0.9803921568627451,1,ok
startngot0X,3,306,0.9803921568627451,1,ok
STD_Y01,3,306,0.9803921568627451,1,ok
STEALTH021,3,306,0.9803921568627451,1,ok
straight7010,3,306,0.9803921568627451,1,ok
subarunex,3,306,0.9803921568627451,1,ok
suchan__13,3,306,0.9803921568627451,1,ok
sugarbraight,3,306,0.9803921568627451,1,ok
sugarsyrup_sky,3,306,0.9803921568627451,1,ok
sugashigeyasu,3,306,0.9803921568627451,1,ok
suisei_tenchan,3,306,0.9803921568627451,1,ok
sukepchan,3,306,0.9803921568627451,1,ok
sumipeimp,3,306,0.9803921568627451,1,ok
sumoman999,3,306,0.9803921568627451,1,ok
Suna_,3,306,0.9803921568627451,1,ok
super_burory,3,306,0.9803921568627451,1,ok
supersuper0908,3,306,0.9803921568627451,1,ok
susansasan1030,3,306,0.9803921568627451,1,ok
sutepo0408,3,306,0.9803921568627451,1,ok
suwakira7love,3,306,0.9803921568627451,1,ok
SuwasuwaniShite,3,306,0.9803921568627451,1,ok
suzuhono1072,3,306,0.9803921568627451,1,ok
suzuking1122,3,306,0.9803921568627451,1,ok
suzuno_kurokawa,3,306,0.9803921568627451,1,ok
suzuuuu1804,3,306,0.9803921568627451,1,ok
SweilanP_770,3,306,0.9803921568627451,1,ok
syokutakumajin,3,306,0.9803921568627451,1,ok
Syosk8_hey,3,306,0.9803921568627451,1,ok
syuko_82,3,306,0.9803921568627451,1,ok
syuya2206,3,306,0.9803921568627451,1,ok
t0pophilia,3,306,0.9803921568627451,1,ok
t1227,3,306,0.9803921568627451,1,ok
T_Hosi_P,3,306,0.9803921568627451,1,ok
ta43n,3,306,0.9803921568627451,1,ok
ta_,3,306,0.9803921568627451,1,ok
Tachyon_nagi,3,306,0.9803921568627451,1,ok
tade66,3,306,0.9803921568627451,1,ok
taiga,3,306,0.9803921568627451,1,ok
taishou0129,3,306,0.9803921568627451,1,ok
taiyaki_nusa,3,306,0.9803921568627451,1,ok
taka_140102,3,306,0.9803921568627451,1,ok
Takeuma_VFR,3,306,0.9803921568627451,1,ok
takeyavu,3,306,0.9803921568627451,1,ok
takuasu1,3,306,0.9803921568627451,1,ok
takuuub,3,306,0.9803921568627451,1,ok
tamana48,3,306,0.9803921568627451,1,ok
Tamu03A,3,306,0.9803921568627451,1,ok
TaNaa_KITANS,3,306,0.9803921568627451,1,ok
tanasho_LL,3,306,0.9803921568627451,1,ok
Tanoshi_Pinnick,3,306,0.9803921568627451,1,ok
tao,3,306,0.9803921568627451,1,ok
Tapioka_sushi,3,306,0.9803921568627451,1,ok
tarabastar,3,306,0.9803921568627451,1,ok
taro28taro,3,306,0.9803921568627451,1,ok
tarot_ruta,3,306,0.9803921568627451,1,ok
taroumaru_,3,306,0.9803921568627451,1,ok
tarutaru,3,306,0.9803921568627451,1,ok
tautauto,3,306,0.9803921568627451,1,ok
tea_kuma_tan_1,3,306,0.9803921568627451,1,ok
tea_MG,3,306,0.9803921568627451,1,ok
telesa5,3,306,0.9803921568627451,1,ok
terrymantexas,3,306,0.9803921568627451,1,ok
tetsuroFsBc,3,306,0.9803921568627451,1,ok
Tetta_Nori,3,306,0.9803921568627451,1,ok
tgabuishi,3,306,0.9803921568627451,1,ok
TGin33,3,306,0.9803921568627451,1,ok
TH3CHARLie,3,306,0.9803921568627451,1,ok
ThePentagona,3,306,0.9803921568627451,1,ok
TheWarpGate,3,306,0.9803921568627451,1,ok
threepitch,3,306,0.9803921568627451,1,ok
tiancong__,3,306,0.9803921568627451,1,ok
tiffanycolombia,3,306,0.9803921568627451,1,ok
timp.wotax1,3,306,0.9803921568627451,1,ok
tintirota_so,3,306,0.9803921568627451,1,ok
tkmy122519981,3,306,0.9803921568627451,1,ok
tknkysrkyurk,3,306,0.9803921568627451,1,ok
tnk_san_desu,3,306,0.9803921568627451,1,ok
tnnm0512,3,306,0.9803921568627451,1,ok
togechuu_nt,3,306,0.9803921568627451,1,ok
toiletbakansu,3,306,0.9803921568627451,1,ok
toko1216,3,306,0.9803921568627451,1,ok
tomatsu0204,3,306,0.9803921568627451,1,ok
tomlivenyan,3,306,0.9803921568627451,1,ok
tommymenma,3,306,0.9803921568627451,1,ok
tomocad,3,306,0.9803921568627451,1,ok
tomoti0402,3,306,0.9803921568627451,1,ok
tomyan_com,3,306,0.9803921568627451,1,ok
toraecell1996,3,306,0.9803921568627451,1,ok
torokerukajitsu,3,306,0.9803921568627451,1,ok
torPed_000,3,306,0.9803921568627451,1,ok
toru1003,3,306,0.9803921568627451,1,ok
toyo2_sound,3,306,0.9803921568627451,1,ok
toyosaki1028,3,306,0.9803921568627451,1,ok
transam_arino,3,306,0.9803921568627451,1,ok
trapper_trapper,3,306,0.9803921568627451,1,ok
truth_jake,3,306,0.9803921568627451,1,ok
TrySailSphere94,3,306,0.9803921568627451,1,ok
tsksk_0817,3,306,0.9803921568627451,1,ok
tsumaranhito,3,306,0.9803921568627451,1,ok
tsuntsun_y,3,306,0.9803921568627451,1,ok
tungsten7481,3,306,0.9803921568627451,1,ok
tw0517tw,3,306,0.9803921568627451,1,ok
tyapaken610,3,306,0.9803921568627451,1,ok
U_K_U_R_A_I_N_A,3,306,0.9803921568627451,1,ok
uchakis,3,306,0.9803921568627451,1,ok
ui_,3,306,0.9803921568627451,1,ok
ukon7687,3,306,0.9803921568627451,1,ok
umai_renkon,3,306,0.9803921568627451,1,ok
umatya,3,306,0.9803921568627451,1,ok
umigoeitaityou,3,306,0.9803921568627451,1,ok
umisora_CUE,3,306,0.9803921568627451,1,ok
un_central,3,306,0.9803921568627451,1,ok
ununu,3,306,0.9803921568627451,1,ok
usagi_sagi,3,306,0.9803921568627451,1,ok
utakun3,3,306,0.9803921568627451,1,ok
utatane_nerune,3,306,0.9803921568627451,1,ok
Utiazn,3,306,0.9803921568627451,1,ok
uzuki_shikaco,3,306,0.9803921568627451,1,ok
Uzura_yatu,3,306,0.9803921568627451,1,ok
victorl_nsbr,3,306,0.9803921568627451,1,ok
virgimiao,3,306,0.9803921568627451,1,ok
vivid_aoba,3,306,0.9803921568627451,1,ok
vk28,3,306,0.9803921568627451,1,ok
voltex,3,306,0.9803921568627451,1,ok
vulture1965,3,306,0.9803921568627451,1,ok
VzMNQO0Wx4khUJK,3,306,0.9803921568627451,1,ok
wabe417,3,306,0.9803921568627451,1,ok
waiwaiproject,3,306,0.9803921568627451,1,ok
wakiyaku40,3,306,0.9803921568627451,1,ok
wasabi,3,306,0.9803921568627451,1,ok
waxwing320,3,306,0.9803921568627451,1,ok
wchTTwch,3,306,0.9803921568627451,1,ok
wcross,3,306,0.9803921568627451,1,ok
Wee,3,306,0.9803921568627451,1,ok
Will_Will369,3,306,0.9803921568627451,1,ok
willowscity,3,306,0.9803921568627451,1,ok
wing5536,3,306,0.9803921568627451,1,ok
wing8111,3,306,0.9803921568627451,1,ok
wiznarykills,3,306,0.9803921568627451,1,ok
wood,3,306,0.9803921568627451,1,ok
wyw545141657,3,306,0.9803921568627451,1,ok
xenotopia_jolno,3,306,0.9803921568627451,1,ok
XOeec,3,306,0.9803921568627451,1,ok
XVZFGrW5828W4E5,3,306,0.9803921568627451,1,ok
xxchip_,3,306,0.9803921568627451,1,ok
y_,3,306,0.9803921568627451,1,ok
y_vsp,3,306,0.9803921568627451,1,ok
yaaaan_02,3,306,0.9803921568627451,1,ok
yacchan0324,3,306,0.9803921568627451,1,ok
yadokarin_tou,3,306,0.9803921568627451,1,ok
Yakuto_0223,3,306,0.9803921568627451,1,ok
yamatak70,3,306,0.9803921568627451,1,ok
yami_nf,3,306,0.9803921568627451,1,ok
yanny5555,3,306,0.9803921568627451,1,ok
yaoTR480,3,306,0.9803921568627451,1,ok
yaraityou,3,306,0.9803921568627451,1,ok
Yawataji,3,306,0.9803921568627451,1,ok
ycwei982,3,306,0.9803921568627451,1,ok
YellowBench,3,306,0.9803921568627451,1,ok
yesinliliana,3,306,0.9803921568627451,1,ok
yeskurmtgj,3,306,0.9803921568627451,1,ok
yiz_mi,3,306,0.9803921568627451,1,ok
yk_archaist,3,306,0.9803921568627451,1,ok
YK_KHR_,3,306,0.9803921568627451,1,ok
ykmk_2026,3,306,0.9803921568627451,1,ok
ym_m0stella,3,306,0.9803921568627451,1,ok
yme_aa,3,306,0.9803921568627451,1,ok
ymknkwtn,3,306,0.9803921568627451,1,ok
yo_pitan,3,306,0.9803921568627451,1,ok
yoeee32,3,306,0.9803921568627451,1,ok
yoko09147,3,306,0.9803921568627451,1,ok
yometomonori,3,306,0.9803921568627451,1,ok
yomi7re,3,306,0.9803921568627451,1,ok
you0829ww,3,306,0.9803921568627451,1,ok
you627jkm,3,306,0.9803921568627451,1,ok
you_USGCwHW,3,306,0.9803921568627451,1,ok
youcan_voices,3,306,0.9803921568627451,1,ok
yt,3,306,0.9803921568627451,1,ok
ytyatwtr,3,306,0.9803921568627451,1,ok
yu57913,3,306,0.9803921568627451,1,ok
YU_O831,3,306,0.9803921568627451,1,ok
yu_YukinoLove,3,306,0.9803921568627451,1,ok
yui_ery_3,3,306,0.9803921568627451,1,ok
yukari_nyuyua,3,306,0.9803921568627451,1,ok
yuki03010417,3,306,0.9803921568627451,1,ok
yuki_im,3,306,0.9803921568627451,1,ok
yuki_u_n,3,306,0.9803921568627451,1,ok
yukihasu0215,3,306,0.9803921568627451,1,ok
yukinko_katorea,3,306,0.9803921568627451,1,ok
yukinosun,3,306,0.9803921568627451,1,ok
yumam,3,306,0.9803921568627451,1,ok
yumei_kibo,3,306,0.9803921568627451,1,ok
yuno4126,3,306,0.9803921568627451,1,ok
yunon_VLA,3,306,0.9803921568627451,1,ok
Yunzeeeee,3,306,0.9803921568627451,1,ok
yuri5_inc,3,306,0.9803921568627451,1,ok
yusa_colors,3,306,0.9803921568627451,1,ok
yusyaou,3,306,0.9803921568627451,1,ok
yutasyun_1119,3,306,0.9803921568627451,1,ok
yutyan09azusa_1,3,306,0.9803921568627451,1,ok
yuuki_f0304,3,306,0.9803921568627451,1,ok
yuukikouji,3,306,0.9803921568627451,1,ok
yuumari23,3,306,0.9803921568627451,1,ok
yuuuuma,3,306,0.9803921568627451,1,ok
yuysis9029,3,306,0.9803921568627451,1,ok
yuzupon0525,3,306,0.9803921568627451,1,ok
yuzutaso_san,3,306,0.9803921568627451,1,ok
yxz_ss,3,306,0.9803921568627451,1,ok
yyyzjsjdg,3,306,0.9803921568627451,1,ok
yzy314159,3,306,0.9803921568627451,1,ok
z660vivio,3,306,0.9803921568627451,1,ok
zaki373,3,306,0.9803921568627451,1,ok
zakixzaki,3,306,0.9803921568627451,1,ok
zealot612,3,306,0.9803921568627451,1,ok
zeroofground,3,306,0.9803921568627451,1,ok
zeru_mltri,3,306,0.9803921568627451,1,ok
zgmfx19a86,3,306,0.9803921568627451,1,ok
ZongYT320,3,306,0.9803921568627451,1,ok
zooparadaise,3,306,0.9803921568627451,1,ok
ynwa0805,2,306,0.6535947712418301,3,ok
agrs8238,2,306,0.6535947712418301,2,ok
Cartelet_Ydrive,2,306,0.6535947712418301,2,ok
farkon654,2,306,0.6535947712418301,2,ok
healthy_bob,2,306,0.6535947712418301,2,ok
hidenoshin_ysd,2,306,0.6535947712418301,2,ok
izumilky0821,2,306,0.6535947712418301,2,ok
kklulu3,2,306,0.6535947712418301,2,ok
Lemon_aru,2,306,0.6535947712418301,2,ok
maggyo_mmrn,2,306,0.6535947712418301,2,ok
magonaosamansa,2,306,0.6535947712418301,2,ok
masayume0122,2,306,0.6535947712418301,2,ok
mast_h_evn,2,306,0.6535947712418301,2,ok
mesia_,2,306,0.6535947712418301,2,ok
nayuhi7,2,306,0.6535947712418301,2,ok
nym_ms,2,306,0.6535947712418301,2,ok
OvO_628,2,306,0.6535947712418301,2,ok
sgindy907,2,306,0.6535947712418301,2,ok
spheret3k1,2,306,0.6535947712418301,2,ok
suke_0121,2,306,0.6535947712418301,2,ok
takahi___,2,306,0.6535947712418301,2,ok
tsumumin1019,2,306,0.6535947712418301,2,ok
ug3,2,306,0.6535947712418301,2,ok
Wakaizu0821,2,306,0.6535947712418301,2,ok
wasa_ssa,2,306,0.6535947712418301,2,ok
wcm011032,2,306,0.6535947712418301,2,ok
y_takahashi24,2,306,0.6535947712418301,2,ok
zan49217,2,306,0.6535947712418301,2,ok
000_7s,2,306,0.6535947712418301,1,ok
0131akisan,2,306,0.6535947712418301,1,ok
0321Stn,2,306,0.6535947712418301,1,ok
05_K_RINNNNNNN_,2,306,0.6535947712418301,1,ok
0721tv,2,306,0.6535947712418301,1,ok
0817Flumpool,2,306,0.6535947712418301,1,ok
0902_2238,2,306,0.6535947712418301,1,ok
0918_karashi,2,306,0.6535947712418301,1,ok
09Trxi,2,306,0.6535947712418301,1,ok
0astrogation0,2,306,0.6535947712418301,1,ok
0k_20050706,2,306,0.6535947712418301,1,ok
0taku_kn,2,306,0.6535947712418301,1,ok
0y3k2s0,2,306,0.6535947712418301,1,ok
10KC1,2,306,0.6535947712418301,1,ok
10nuts,2,306,0.6535947712418301,1,ok
111,2,306,0.6535947712418301,1,ok
1140YUN,2,306,0.6535947712418301,1,ok
116Legion,2,306,0.6535947712418301,1,ok
1220729,2,306,0.6535947712418301,1,ok
123keion,2,306,0.6535947712418301,1,ok
12w_ch,2,306,0.6535947712418301,1,ok
172,2,306,0.6535947712418301,1,ok
178inaya,2,306,0.6535947712418301,1,ok
197034,2,306,0.6535947712418301,1,ok
1971_kazuya,2,306,0.6535947712418301,1,ok
197508,2,306,0.6535947712418301,1,ok
198OO421,2,306,0.6535947712418301,1,ok
19dorara,2,306,0.6535947712418301,1,ok
1_isphere,2,306,0.6535947712418301,1,ok
1_Ronaldinho0,2,306,0.6535947712418301,1,ok
227abcde,2,306,0.6535947712418301,1,ok
2650_R,2,306,0.6535947712418301,1,ok
28i_99star,2,306,0.6535947712418301,1,ok
29kalubi,2,306,0.6535947712418301,1,ok
2_y_g,2,306,0.6535947712418301,1,ok
2ndside81K,2,306,0.6535947712418301,1,ok
2rara_Black,2,306,0.6535947712418301,1,ok
2ry_52,2,306,0.6535947712418301,1,ok
2w_yf_,2,306,0.6535947712418301,1,ok
301kaigyou,2,306,0.6535947712418301,1,ok
310hare,2,306,0.6535947712418301,1,ok
317Rescue,2,306,0.6535947712418301,1,ok
3464696394U,2,306,0.6535947712418301,1,ok
375ym901217,2,306,0.6535947712418301,1,ok
3__c_,2,306,0.6535947712418301,1,ok
3Ag760,2,306,0.6535947712418301,1,ok
3x12aq,2,306,0.6535947712418301,1,ok
410unshiu,2,306,0.6535947712418301,1,ok
46white_,2,306,0.6535947712418301,1,ok
4869_ny,2,306,0.6535947712418301,1,ok
4hown,2,306,0.6535947712418301,1,ok
4KGRoid,2,306,0.6535947712418301,1,ok
4ku4,2,306,0.6535947712418301,1,ok
4north9,2,306,0.6535947712418301,1,ok
4vivaazzuri5,2,306,0.6535947712418301,1,ok
4zuk1,2,306,0.6535947712418301,1,ok
5121shoutai,2,306,0.6535947712418301,1,ok
5SNVGX5,2,306,0.6535947712418301,1,ok
61012211,2,306,0.6535947712418301,1,ok
6c69109fc175463,2,306,0.6535947712418301,1,ok
6qpdb9,2,306,0.6535947712418301,1,ok
70mtt2,2,306,0.6535947712418301,1,ok
72saikyou,2,306,0.6535947712418301,1,ok
765_pro_765,2,306,0.6535947712418301,1,ok
765ttn_1,2,306,0.6535947712418301,1,ok
77yanagi,2,306,0.6535947712418301,1,ok
7_Aoki,2,306,0.6535947712418301,1,ok
7greentea_,2,306,0.6535947712418301,1,ok
7ingMA_777,2,306,0.6535947712418301,1,ok
7tcs___1,2,306,0.6535947712418301,1,ok
7Xhiro,2,306,0.6535947712418301,1,ok
832n_bee,2,306,0.6535947712418301,1,ok
83u_P,2,306,0.6535947712418301,1,ok
86_hal_,2,306,0.6535947712418301,1,ok
8O7yT7904zEVKZp,2,306,0.6535947712418301,1,ok
8ruk_ryo_se_,2,306,0.6535947712418301,1,ok
912i117,2,306,0.6535947712418301,1,ok
954ne889,2,306,0.6535947712418301,1,ok
96th_molamola,2,306,0.6535947712418301,1,ok
991997nt,2,306,0.6535947712418301,1,ok
9Bi522gz0NlaOpw,2,306,0.6535947712418301,1,ok
9qu1,2,306,0.6535947712418301,1,ok
_00u_u00,2,306,0.6535947712418301,1,ok
_0519t,2,306,0.6535947712418301,1,ok
_1O18_,2,306,0.6535947712418301,1,ok
__123ny__,2,306,0.6535947712418301,1,ok
_____,2,306,0.6535947712418301,1,ok
____kaori___,2,306,0.6535947712418301,1,ok
___xxxCR,2,306,0.6535947712418301,1,ok
__aomaru__,2,306,0.6535947712418301,1,ok
__chanyuri__,2,306,0.6535947712418301,1,ok
__dajo,2,306,0.6535947712418301,1,ok
__knyn23,2,306,0.6535947712418301,1,ok
__koneko,2,306,0.6535947712418301,1,ok
__ktnys_aki,2,306,0.6535947712418301,1,ok
__kznt,2,306,0.6535947712418301,1,ok
__sgsh00,2,306,0.6535947712418301,1,ok
__Shibasakiroka,2,306,0.6535947712418301,1,ok
__sumire0x0__,2,306,0.6535947712418301,1,ok
__tomotomo__,2,306,0.6535947712418301,1,ok
_aishite1203__,2,306,0.6535947712418301,1,ok
_aji_sai,2,306,0.6535947712418301,1,ok
_ale44,2,306,0.6535947712418301,1,ok
_at_next_nest_,2,306,0.6535947712418301,1,ok
_aykmy_,2,306,0.6535947712418301,1,ok
_berserk_,2,306,0.6535947712418301,1,ok
_buren_,2,306,0.6535947712418301,1,ok
_c_luv_r_lik,2,306,0.6535947712418301,1,ok
_chomaG,2,306,0.6535947712418301,1,ok
_dr2t,2,306,0.6535947712418301,1,ok
_EIL_,2,306,0.6535947712418301,1,ok
_emu,2,306,0.6535947712418301,1,ok
_fujiyan,2,306,0.6535947712418301,1,ok
_gbgb21_,2,306,0.6535947712418301,1,ok
_GunD,2,306,0.6535947712418301,1,ok
_Ichigo_Kitty_,2,306,0.6535947712418301,1,ok
_IL_N_E_G_I_,2,306,0.6535947712418301,1,ok
_im_ms_ka_sho,2,306,0.6535947712418301,1,ok
_kaedesushi,2,306,0.6535947712418301,1,ok
_Kingdompeople,2,306,0.6535947712418301,1,ok
_laufet_,2,306,0.6535947712418301,1,ok
_mimosachi_,2,306,0.6535947712418301,1,ok
_mocho_,2,306,0.6535947712418301,1,ok
_Mp_chan,2,306,0.6535947712418301,1,ok
_n_e_o,2,306,0.6535947712418301,1,ok
_nagi84,2,306,0.6535947712418301,1,ok
_naka_tsuntsun,2,306,0.6535947712418301,1,ok
_ohanabatake___,2,306,0.6535947712418301,1,ok
_oiiiii_,2,306,0.6535947712418301,1,ok
_sinen,2,306,0.6535947712418301,1,ok
_sinkerghost_,2,306,0.6535947712418301,1,ok
_smnxaaa,2,306,0.6535947712418301,1,ok
_symelt,2,306,0.6535947712418301,1,ok
_tojimaru_,2,306,0.6535947712418301,1,ok
_VU_RA_N,2,306,0.6535947712418301,1,ok
_wkasCK_,2,306,0.6535947712418301,1,ok
_xluvlux_,2,306,0.6535947712418301,1,ok
_xx58,2,306,0.6535947712418301,1,ok
_y__t__a__,2,306,0.6535947712418301,1,ok
_yatsune_,2,306,0.6535947712418301,1,ok
_yzr920_,2,306,0.6535947712418301,1,ok
_zikan_,2,306,0.6535947712418301,1,ok
a3mber,2,306,0.6535947712418301,1,ok
a83_sho,2,306,0.6535947712418301,1,ok
a_,2,306,0.6535947712418301,1,ok
A_connect_Z,2,306,0.6535947712418301,1,ok
a_lulu7,2,306,0.6535947712418301,1,ok
A_ROSE_86,2,306,0.6535947712418301,1,ok
A_tukihI,2,306,0.6535947712418301,1,ok
AARON_430,2,306,0.6535947712418301,1,ok
abc_jyamjyam1,2,306,0.6535947712418301,1,ok
abcde0417,2,306,0.6535947712418301,1,ok
abe_he,2,306,0.6535947712418301,1,ok
above_blue,2,306,0.6535947712418301,1,ok
abruptliver,2,306,0.6535947712418301,1,ok
accidental2135,2,306,0.6535947712418301,1,ok
achaumi08_26,2,306,0.6535947712418301,1,ok
Acht_235,2,306,0.6535947712418301,1,ok
adgjmptw,2,306,0.6535947712418301,1,ok
adwhin,2,306,0.6535947712418301,1,ok
agpaeeee,2,306,0.6535947712418301,1,ok
Agrin_Nanamin,2,306,0.6535947712418301,1,ok
agu_okayu,2,306,0.6535947712418301,1,ok
Aheshu23,2,306,0.6535947712418301,1,ok
ahnot1,2,306,0.6535947712418301,1,ok
Ahooooni,2,306,0.6535947712418301,1,ok
aice0227,2,306,0.6535947712418301,1,ok
Ailes__Grises,2,306,0.6535947712418301,1,ok
aimon36,2,306,0.6535947712418301,1,ok
AiouriP,2,306,0.6535947712418301,1,ok
airair_air,2,306,0.6535947712418301,1,ok
airon_unigmo,2,306,0.6535947712418301,1,ok
airu_zero4,2,306,0.6535947712418301,1,ok
aishite_kii,2,306,0.6535947712418301,1,ok
aisianikni,2,306,0.6535947712418301,1,ok
aito_show29,2,306,0.6535947712418301,1,ok
ak98KONm,2,306,0.6535947712418301,1,ok
akane__iro,2,306,0.6535947712418301,1,ok
akane_game18,2,306,0.6535947712418301,1,ok
akaris1102n0712,2,306,0.6535947712418301,1,ok
akaritan777,2,306,0.6535947712418301,1,ok
aki_east,2,306,0.6535947712418301,1,ok
Aki_efu,2,306,0.6535947712418301,1,ok
aki_sphere1011,2,306,0.6535947712418301,1,ok
akiharuminaaya,2,306,0.6535947712418301,1,ok
akihosafmii3196,2,306,0.6535947712418301,1,ok
Akilatte11,2,306,0.6535947712418301,1,ok
Akisame_Zensen,2,306,0.6535947712418301,1,ok
akita_rico,2,306,0.6535947712418301,1,ok
akki_mas,2,306,0.6535947712418301,1,ok
Akowingg,2,306,0.6535947712418301,1,ok
akuan696,2,306,0.6535947712418301,1,ok
AL_dente23,2,306,0.6535947712418301,1,ok
Albelt_Eight,2,306,0.6535947712418301,1,ok
algocanopus,2,306,0.6535947712418301,1,ok
allen1394,2,306,0.6535947712418301,1,ok
allsize150yen,2,306,0.6535947712418301,1,ok
AlphonseLitvyak,2,306,0.6535947712418301,1,ok
Altair_Celebram,2,306,0.6535947712418301,1,ok
Altvieln,2,306,0.6535947712418301,1,ok
alty0222,2,306,0.6535947712418301,1,ok
alva_nijisis,2,306,0.6535947712418301,1,ok
amadamu333,2,306,0.6535947712418301,1,ok
amairo_yune,2,306,0.6535947712418301,1,ok
amajyo,2,306,0.6535947712418301,1,ok
amane_0811,2,306,0.6535947712418301,1,ok
amane_mobamas,2,306,0.6535947712418301,1,ok
amashinono,2,306,0.6535947712418301,1,ok
amdamt,2,306,0.6535947712418301,1,ok
amefuling,2,306,0.6535947712418301,1,ok
ammySora_YT,2,306,0.6535947712418301,1,ok
andre30496,2,306,0.6535947712418301,1,ok
Andrei_uoooo,2,306,0.6535947712418301,1,ok
AndStar13,2,306,0.6535947712418301,1,ok
andy1230812,2,306,0.6535947712418301,1,ok
Angel0765orz,2,306,0.6535947712418301,1,ok
Angelic_Sora,2,306,0.6535947712418301,1,ok
animeojisan,2,306,0.6535947712418301,1,ok
anisoku01,2,306,0.6535947712418301,1,ok
anju_is_No1,2,306,0.6535947712418301,1,ok
ankou_10,2,306,0.6535947712418301,1,ok
anonKC,2,306,0.6535947712418301,1,ok
anosonoe,2,306,0.6535947712418301,1,ok
anosoraemukatte,2,306,0.6535947712418301,1,ok
anrin130,2,306,0.6535947712418301,1,ok
AO____tya,2,306,0.6535947712418301,1,ok
ao_galaxia,2,306,0.6535947712418301,1,ok
AoiAoiAoiYuki,2,306,0.6535947712418301,1,ok
aomaru_fuwasata,2,306,0.6535947712418301,1,ok
aomi_85,2,306,0.6535947712418301,1,ok
aomqt,2,306,0.6535947712418301,1,ok
aotaroooooooo,2,306,0.6535947712418301,1,ok
Apina_0726,2,306,0.6535947712418301,1,ok
App_lause,2,306,0.6535947712418301,1,ok
appletw95,2,306,0.6535947712418301,1,ok
apz39,2,306,0.6535947712418301,1,ok
aqery.chang,2,306,0.6535947712418301,1,ok
aqusesu,2,306,0.6535947712418301,1,ok
AR87004700,2,306,0.6535947712418301,1,ok
ar_isn,2,306,0.6535947712418301,1,ok
ArcheClain,2,306,0.6535947712418301,1,ok
Area51Katsuya,2,306,0.6535947712418301,1,ok
arehatetameido,2,306,0.6535947712418301,1,ok
aria774123,2,306,0.6535947712418301,1,ok
ariga__,2,306,0.6535947712418301,1,ok
ARIJIGOKU,2,306,0.6535947712418301,1,ok
Ark_625,2,306,0.6535947712418301,1,ok
armani11078,2,306,0.6535947712418301,1,ok
ArmeriA24sw,2,306,0.6535947712418301,1,ok
arotei_s,2,306,0.6535947712418301,1,ok
arpn0710,2,306,0.6535947712418301,1,ok
arrkei110,2,306,0.6535947712418301,1,ok
arsenalmegane,2,306,0.6535947712418301,1,ok
aruma_minazuki,2,306,0.6535947712418301,1,ok
as_0811_r,2,306,0.6535947712418301,1,ok
as_aspii,2,306,0.6535947712418301,1,ok
Asa66_3510,2,306,0.6535947712418301,1,ok
asa_miku,2,306,0.6535947712418301,1,ok
asai_koji,2,306,0.6535947712418301,1,ok
asakami31,2,306,0.6535947712418301,1,ok
asakaras_tomo,2,306,0.6535947712418301,1,ok
asapin00,2,306,0.6535947712418301,1,ok
asary_xxx,2,306,0.6535947712418301,1,ok
ase0101.masa1030,2,306,0.6535947712418301,1,ok
ase_XV,2,306,0.6535947712418301,1,ok
Ash_mnmrrk,2,306,0.6535947712418301,1,ok
ashibera,2,306,0.6535947712418301,1,ok
asiuranome,2,306,0.6535947712418301,1,ok
askrborderline,2,306,0.6535947712418301,1,ok
asmeeee33,2,306,0.6535947712418301,1,ok
asphones,2,306,0.6535947712418301,1,ok
ass7lt,2,306,0.6535947712418301,1,ok
asterisk_rica,2,306,0.6535947712418301,1,ok
Aston_Rin,2,306,0.6535947712418301,1,ok
AstrayH2nd,2,306,0.6535947712418301,1,ok
Astrogation_nm7,2,306,0.6535947712418301,1,ok
asukara_color,2,306,0.6535947712418301,1,ok
at5cm,2,306,0.6535947712418301,1,ok
at_thing,2,306,0.6535947712418301,1,ok
atapon_P,2,306,0.6535947712418301,1,ok
AtkEffect,2,306,0.6535947712418301,1,ok
atomic_blonde,2,306,0.6535947712418301,1,ok
atosiiiii_0324,2,306,0.6535947712418301,1,ok
Avant_title,2,306,0.6535947712418301,1,ok
avoidbumb,2,306,0.6535947712418301,1,ok
avuthi,2,306,0.6535947712418301,1,ok
Axzurro1,2,306,0.6535947712418301,1,ok
ay_yr,2,306,0.6535947712418301,1,ok
aya_applemint,2,306,0.6535947712418301,1,ok
aya_dake,2,306,0.6535947712418301,1,ok
ayahi106_25,2,306,0.6535947712418301,1,ok
ayanel0129,2,306,0.6535947712418301,1,ok
ayase_yue,2,306,0.6535947712418301,1,ok
ayataka955,2,306,0.6535947712418301,1,ok
ayataka_akaneya,2,306,0.6535947712418301,1,ok
ayato_rion,2,306,0.6535947712418301,1,ok
aycn___,2,306,0.6535947712418301,1,ok
ayk7159,2,306,0.6535947712418301,1,ok
Ayk_Now,2,306,0.6535947712418301,1,ok
ayleihcle,2,306,0.6535947712418301,1,ok
aynlsk,2,306,0.6535947712418301,1,ok
ayoan20,2,306,0.6535947712418301,1,ok
azarashi_ts,2,306,0.6535947712418301,1,ok
azu6taka_,2,306,0.6535947712418301,1,ok
azuazu47,2,306,0.6535947712418301,1,ok
azucat0116,2,306,0.6535947712418301,1,ok
azul_carnation,2,306,0.6535947712418301,1,ok
azur_lapin,2,306,0.6535947712418301,1,ok
b00kskr,2,306,0.6535947712418301,1,ok
babee1192,2,306,0.6535947712418301,1,ok
badman,2,306,0.6535947712418301,1,ok
badtea_at_66,2,306,0.6535947712418301,1,ok
bairof_1011,2,306,0.6535947712418301,1,ok
bakuryu39,2,306,0.6535947712418301,1,ok
bambi__mk,2,306,0.6535947712418301,1,ok
barnl0,2,306,0.6535947712418301,1,ok
Bateathon,2,306,0.6535947712418301,1,ok
BB_avgca,2,306,0.6535947712418301,1,ok
bbpf89,2,306,0.6535947712418301,1,ok
Be_Formation,2,306,0.6535947712418301,1,ok
BE_SU_TR,2,306,0.6535947712418301,1,ok
beagle_chanp,2,306,0.6535947712418301,1,ok
Bean_binbin,2,306,0.6535947712418301,1,ok
Behindbeldam,2,306,0.6535947712418301,1,ok
bel_otaku,2,306,0.6535947712418301,1,ok
bellday,2,306,0.6535947712418301,1,ok
bemani_2dx,2,306,0.6535947712418301,1,ok
Benjamin,2,306,0.6535947712418301,1,ok
Bergamotxx,2,306,0.6535947712418301,1,ok
Berry25252,2,306,0.6535947712418301,1,ok
BertVanmeir,2,306,0.6535947712418301,1,ok
bigm_mart17,2,306,0.6535947712418301,1,ok
bio0076,2,306,0.6535947712418301,1,ok
bishojodaisuki,2,306,0.6535947712418301,1,ok
biskodeath,2,306,0.6535947712418301,1,ok
bisya_2040,2,306,0.6535947712418301,1,ok
BitingPoint,2,306,0.6535947712418301,1,ok
BksDL,2,306,0.6535947712418301,1,ok
black_pepper_9s,2,306,0.6535947712418301,1,ok
black_tani,2,306,0.6535947712418301,1,ok
block0044,2,306,0.6535947712418301,1,ok
bloody_meary,2,306,0.6535947712418301,1,ok
bloomint_,2,306,0.6535947712418301,1,ok
Blue_chelsea414,2,306,0.6535947712418301,1,ok
bluen_jp,2,306,0.6535947712418301,1,ok
bluetears31,2,306,0.6535947712418301,1,ok
bm_shootingstar,2,306,0.6535947712418301,1,ok
boat_kaede,2,306,0.6535947712418301,1,ok
bob_riv,2,306,0.6535947712418301,1,ok
bon_voyage,2,306,0.6535947712418301,1,ok
bondhinu0426,2,306,0.6535947712418301,1,ok
book_n2,2,306,0.6535947712418301,1,ok
books12345maki,2,306,0.6535947712418301,1,ok
born_snatch,2,306,0.6535947712418301,1,ok
boxer_engine014,2,306,0.6535947712418301,1,ok
BPR_138,2,306,0.6535947712418301,1,ok
brighthope_fp,2,306,0.6535947712418301,1,ok
brightstream121,2,306,0.6535947712418301,1,ok
brightstream377,2,306,0.6535947712418301,1,ok
brsj0651,2,306,0.6535947712418301,1,ok
btncl_mnrn,2,306,0.6535947712418301,1,ok
budou3,2,306,0.6535947712418301,1,ok
buffaloswallow,2,306,0.6535947712418301,1,ok
bukiyakun1,2,306,0.6535947712418301,1,ok
burachan48,2,306,0.6535947712418301,1,ok
busaiku_thunder,2,306,0.6535947712418301,1,ok
buscycle,2,306,0.6535947712418301,1,ok
bushiharu0601,2,306,0.6535947712418301,1,ok
buta_tezy,2,306,0.6535947712418301,1,ok
butadora3,2,306,0.6535947712418301,1,ok
cafe765,2,306,0.6535947712418301,1,ok
calami_lain,2,306,0.6535947712418301,1,ok
calp_spl,2,306,0.6535947712418301,1,ok
canpii2,2,306,0.6535947712418301,1,ok
canwata_YY,2,306,0.6535947712418301,1,ok
Capetit8810,2,306,0.6535947712418301,1,ok
cappuccino_tanu,2,306,0.6535947712418301,1,ok
caramel_minto,2,306,0.6535947712418301,1,ok
Caraming,2,306,0.6535947712418301,1,ok
caronono_WUG,2,306,0.6535947712418301,1,ok
carrot_3,2,306,0.6535947712418301,1,ok
Casekcidre,2,306,0.6535947712418301,1,ok
cassiopeia_jp,2,306,0.6535947712418301,1,ok
CataractYu1117,2,306,0.6535947712418301,1,ok
catl0920sw,2,306,0.6535947712418301,1,ok
ce_drst,2,306,0.6535947712418301,1,ok
Celicanan,2,306,0.6535947712418301,1,ok
cerfeel,2,306,0.6535947712418301,1,ok
cf_kz,2,306,0.6535947712418301,1,ok
cglmppsttx7777,2,306,0.6535947712418301,1,ok
ch483167,2,306,0.6535947712418301,1,ok
cha_cha151,2,306,0.6535947712418301,1,ok
cha_n_co,2,306,0.6535947712418301,1,ok
Chall_alter,2,306,0.6535947712418301,1,ok
chan_t_san,2,306,0.6535947712418301,1,ok
charlotte_2021,2,306,0.6535947712418301,1,ok
charlotte_yuka,2,306,0.6535947712418301,1,ok
CHASE_353,2,306,0.6535947712418301,1,ok
CheerFate,2,306,0.6535947712418301,1,ok
cheeseokaki_P,2,306,0.6535947712418301,1,ok
Cheetos_3104,2,306,0.6535947712418301,1,ok
cherriq0917,2,306,0.6535947712418301,1,ok
CherryPear0912_1,2,306,0.6535947712418301,1,ok
chiaki_hnmr,2,306,0.6535947712418301,1,ok
ChiakingJPY,2,306,0.6535947712418301,1,ok
Chiba_Lottkey01,2,306,0.6535947712418301,1,ok
chichan_morgen,2,306,0.6535947712418301,1,ok
chichiyoyo,2,306,0.6535947712418301,1,ok
Chiguhagu_photo,2,306,0.6535947712418301,1,ok
chigwa_,2,306,0.6535947712418301,1,ok
chikuwa_dog5,2,306,0.6535947712418301,1,ok
chimfr,2,306,0.6535947712418301,1,ok
chimuu,2,306,0.6535947712418301,1,ok
chisayoshi444,2,306,0.6535947712418301,1,ok
chitatsu68,2,306,0.6535947712418301,1,ok
Chiwawa120Fg,2,306,0.6535947712418301,1,ok
cho_deadheat,2,306,0.6535947712418301,1,ok
chocochip1126,2,306,0.6535947712418301,1,ok
choconosa,2,306,0.6535947712418301,1,ok
chopstick_07,2,306,0.6535947712418301,1,ok
choro_ts_tpd,2,306,0.6535947712418301,1,ok
chotune2,2,306,0.6535947712418301,1,ok
chowwmaww,2,306,0.6535947712418301,1,ok
chr329,2,306,0.6535947712418301,1,ok
chrisfungky,2,306,0.6535947712418301,1,ok
ciasoMs,2,306,0.6535947712418301,1,ok
Cisneko,2,306,0.6535947712418301,1,ok
citrus,2,306,0.6535947712418301,1,ok
citrus_league,2,306,0.6535947712418301,1,ok
citrus_NaCl,2,306,0.6535947712418301,1,ok
civarize628,2,306,0.6535947712418301,1,ok
CK_Lapislazuli,2,306,0.6535947712418301,1,ok
cla_nagi,2,306,0.6535947712418301,1,ok
clan_Key_,2,306,0.6535947712418301,1,ok
ClarinQ3A07,2,306,0.6535947712418301,1,ok
ClariS1219,2,306,0.6535947712418301,1,ok
ClariS_0812,2,306,0.6535947712418301,1,ok
clock_off,2,306,0.6535947712418301,1,ok
cmxm_,2,306,0.6535947712418301,1,ok
cocoel34,2,306,0.6535947712418301,1,ok
cod_not_magic,2,306,0.6535947712418301,1,ok
codersz,2,306,0.6535947712418301,1,ok
colomisaki,2,306,0.6535947712418301,1,ok
connneko_kraken,2,306,0.6535947712418301,1,ok
contact674,2,306,0.6535947712418301,1,ok
Coolish_OC,2,306,0.6535947712418301,1,ok
corodora,2,306,0.6535947712418301,1,ok
CoronaExtra1222,2,306,0.6535947712418301,1,ok
cotoshowdowteki,2,306,0.6535947712418301,1,ok
CQM2RnYPJSXOznp,2,306,0.6535947712418301,1,ok
cr0le,2,306,0.6535947712418301,1,ok
crab_stick_hk,2,306,0.6535947712418301,1,ok
creamsoda1515,2,306,0.6535947712418301,1,ok
crimsonsky918,2,306,0.6535947712418301,1,ok
CRKDYYHMR,2,306,0.6535947712418301,1,ok
CROISSANT,2,306,0.6535947712418301,1,ok
cronos_custom,2,306,0.6535947712418301,1,ok
Crux_Rin,2,306,0.6535947712418301,1,ok
Crystal_116,2,306,0.6535947712418301,1,ok
cs014074,2,306,0.6535947712418301,1,ok
csp_as,2,306,0.6535947712418301,1,ok
Culte0214,2,306,0.6535947712418301,1,ok
cycycy911,2,306,0.6535947712418301,1,ok
d___0430,2,306,0.6535947712418301,1,ok
d_ke,2,306,0.6535947712418301,1,ok
D_Ru25,2,306,0.6535947712418301,1,ok
Daidol_YA,2,306,0.6535947712418301,1,ok
daigo_daigoo,2,306,0.6535947712418301,1,ok
daikij,2,306,0.6535947712418301,1,ok
Daiotsu_ck,2,306,0.6535947712418301,1,ok
daison_1010,2,306,0.6535947712418301,1,ok
daiwa510,2,306,0.6535947712418301,1,ok
daki_3332,2,306,0.6535947712418301,1,ok
dandango3,2,306,0.6535947712418301,1,ok
dango_inorin,2,306,0.6535947712418301,1,ok
darken0133,2,306,0.6535947712418301,1,ok
dddu_mio,2,306,0.6535947712418301,1,ok
deadly666deadly,2,306,0.6535947712418301,1,ok
deadmonster_sss,2,306,0.6535947712418301,1,ok
death_bubb,2,306,0.6535947712418301,1,ok
dena86221,2,306,0.6535947712418301,1,ok
DENchu_PRO,2,306,0.6535947712418301,1,ok
dengenwokira,2,306,0.6535947712418301,1,ok
denpaaaaaaaaash,2,306,0.6535947712418301,1,ok
dest,2,306,0.6535947712418301,1,ok
devibutyo,2,306,0.6535947712418301,1,ok
devillakebama,2,306,0.6535947712418301,1,ok
devilman0312,2,306,0.6535947712418301,1,ok
DEVUstreamer,2,306,0.6535947712418301,1,ok
Dhanow,2,306,0.6535947712418301,1,ok
DiCE_nm7,2,306,0.6535947712418301,1,ok
dickyhod,2,306,0.6535947712418301,1,ok
Dj1Bb,2,306,0.6535947712418301,1,ok
dmasumasu,2,306,0.6535947712418301,1,ok
dododo_t7s,2,306,0.6535947712418301,1,ok
dohentai007,2,306,0.6535947712418301,1,ok
dokkiridoctor,2,306,0.6535947712418301,1,ok
dongsankawaii,2,306,0.6535947712418301,1,ok
donguri0126,2,306,0.6535947712418301,1,ok
donkatu22644,2,306,0.6535947712418301,1,ok
DooZone,2,306,0.6535947712418301,1,ok
dopamn,2,306,0.6535947712418301,1,ok
dora7568,2,306,0.6535947712418301,1,ok
doranayu,2,306,0.6535947712418301,1,ok
doyahi,2,306,0.6535947712418301,1,ok
dragon_you,2,306,0.6535947712418301,1,ok
dragonmeteor,2,306,0.6535947712418301,1,ok
dragons4541,2,306,0.6535947712418301,1,ok
DRAMATIC_SideA,2,306,0.6535947712418301,1,ok
dreamymoon_OxO,2,306,0.6535947712418301,1,ok
Drop_and_Drop,2,306,0.6535947712418301,1,ok
Drop_inorin,2,306,0.6535947712418301,1,ok
drrrrrrrrrrrrrn,2,306,0.6535947712418301,1,ok
drum_sho1706,2,306,0.6535947712418301,1,ok
dslcharge,2,306,0.6535947712418301,1,ok
duck_sky731,2,306,0.6535947712418301,1,ok
dudu_duck,2,306,0.6535947712418301,1,ok
Duke_SAS,2,306,0.6535947712418301,1,ok
dwapm_91,2,306,0.6535947712418301,1,ok
dwmi025,2,306,0.6535947712418301,1,ok
Dyaran_ask,2,306,0.6535947712418301,1,ok
E_miae,2,306,0.6535947712418301,1,ok
e_su_ne,2,306,0.6535947712418301,1,ok
e_yh,2,306,0.6535947712418301,1,ok
eantp,2,306,0.6535947712418301,1,ok
eastsaitama2,2,306,0.6535947712418301,1,ok
ebizuki_rion,2,306,0.6535947712418301,1,ok
echalote_,2,306,0.6535947712418301,1,ok
egina33699307,2,306,0.6535947712418301,1,ok
eha_601,2,306,0.6535947712418301,1,ok
EightWema,2,306,0.6535947712418301,1,ok
eins_nicochu,2,306,0.6535947712418301,1,ok
eisyuu,2,306,0.6535947712418301,1,ok
eitoku,2,306,0.6535947712418301,1,ok
EKU_REA_13,2,306,0.6535947712418301,1,ok
eku_san,2,306,0.6535947712418301,1,ok
electric_sail,2,306,0.6535947712418301,1,ok
Elichika_Kaguya,2,306,0.6535947712418301,1,ok
elirin10211101,2,306,0.6535947712418301,1,ok
elma_nkdm,2,306,0.6535947712418301,1,ok
Emame3625,2,306,0.6535947712418301,1,ok
Emdq_,2,306,0.6535947712418301,1,ok
emiladamas,2,306,0.6535947712418301,1,ok
EmiRiaX,2,306,0.6535947712418301,1,ok
emomariaaa,2,306,0.6535947712418301,1,ok
emu_iwa,2,306,0.6535947712418301,1,ok
emuclock,2,306,0.6535947712418301,1,ok
emutsuu_CC_,2,306,0.6535947712418301,1,ok
encore_pieces,2,306,0.6535947712418301,1,ok
engeki0524,2,306,0.6535947712418301,1,ok
enmusubi,2,306,0.6535947712418301,1,ok
ensui386,2,306,0.6535947712418301,1,ok
er1120,2,306,0.6535947712418301,1,ok
Er4b1e,2,306,0.6535947712418301,1,ok
erehpsomta,2,306,0.6535947712418301,1,ok
eremitalpa,2,306,0.6535947712418301,1,ok
ErikaSendou,2,306,0.6535947712418301,1,ok
eringi,2,306,0.6535947712418301,1,ok
ery_azalea,2,306,0.6535947712418301,1,ok
escapecircuit,2,306,0.6535947712418301,1,ok
ese_kichiku,2,306,0.6535947712418301,1,ok
eseamuro,2,306,0.6535947712418301,1,ok
ESNTYY,2,306,0.6535947712418301,1,ok
esora819,2,306,0.6535947712418301,1,ok
EsuKu0815_SZk,2,306,0.6535947712418301,1,ok
ETERNAL_UNDINE,2,306,0.6535947712418301,1,ok
Ethics,2,306,0.6535947712418301,1,ok
etie_mas,2,306,0.6535947712418301,1,ok
etudemon,2,306,0.6535947712418301,1,ok
eu_sheep,2,306,0.6535947712418301,1,ok
euqirotciv,2,306,0.6535947712418301,1,ok
eva_F_nta,2,306,0.6535947712418301,1,ok
evoru0223,2,306,0.6535947712418301,1,ok
ex_akkun,2,306,0.6535947712418301,1,ok
Exeggutor_774,2,306,0.6535947712418301,1,ok
ExpSoyokaze,2,306,0.6535947712418301,1,ok
eyezlove,2,306,0.6535947712418301,1,ok
EZ30specHDR,2,306,0.6535947712418301,1,ok
EzosikaP,2,306,0.6535947712418301,1,ok
f_22__raptor,2,306,0.6535947712418301,1,ok
faeeaevh,2,306,0.6535947712418301,1,ok
FairyMinami,2,306,0.6535947712418301,1,ok
fairyosuke.tail17.tennis,2,306,0.6535947712418301,1,ok
fals_T,2,306,0.6535947712418301,1,ok
fata_r2,2,306,0.6535947712418301,1,ok
fb_tyu,2,306,0.6535947712418301,1,ok
fcbloveshinya,2,306,0.6535947712418301,1,ok
FEELING_AROUND,2,306,0.6535947712418301,1,ok
fehwk,2,306,0.6535947712418301,1,ok
feltz_100,2,306,0.6535947712418301,1,ok
femto16,2,306,0.6535947712418301,1,ok
ff_akssphr,2,306,0.6535947712418301,1,ok
fffpr,2,306,0.6535947712418301,1,ok
fgm09185,2,306,0.6535947712418301,1,ok
fhanapple,2,306,0.6535947712418301,1,ok
fin0112_op,2,306,0.6535947712418301,1,ok
finger_arts,2,306,0.6535947712418301,1,ok
firon_52,2,306,0.6535947712418301,1,ok
fish_01kk,2,306,0.6535947712418301,1,ok
fjun2347,2,306,0.6535947712418301,1,ok
fkbc_0622,2,306,0.6535947712418301,1,ok
FKM058,2,306,0.6535947712418301,1,ok
fky_tw,2,306,0.6535947712418301,1,ok
Flame_Wolf,2,306,0.6535947712418301,1,ok
fLiSAim73,2,306,0.6535947712418301,1,ok
flower_voice28,2,306,0.6535947712418301,1,ok
flowing_float,2,306,0.6535947712418301,1,ok
foiypaa,2,306,0.6535947712418301,1,ok
Foiypaa203,2,306,0.6535947712418301,1,ok
fokok138,2,306,0.6535947712418301,1,ok
fotta_SLC,2,306,0.6535947712418301,1,ok
Fox44444,2,306,0.6535947712418301,1,ok
fpsamuraigkai,2,306,0.6535947712418301,1,ok
Fracture765pro,2,306,0.6535947712418301,1,ok
frag12271,2,306,0.6535947712418301,1,ok
Fragaria7,2,306,0.6535947712418301,1,ok
frcmn947,2,306,0.6535947712418301,1,ok
freedom_red,2,306,0.6535947712418301,1,ok
freedoro,2,306,0.6535947712418301,1,ok
fresh4551,2,306,0.6535947712418301,1,ok
frink1220,2,306,0.6535947712418301,1,ok
frl_yukarin,2,306,0.6535947712418301,1,ok
frying_pan333,2,306,0.6535947712418301,1,ok
fslope,2,306,0.6535947712418301,1,ok
ftft_ft,2,306,0.6535947712418301,1,ok
FUBUKI19961217,2,306,0.6535947712418301,1,ok
fubuki_1217,2,306,0.6535947712418301,1,ok
fufuriver,2,306,0.6535947712418301,1,ok
fuji110010,2,306,0.6535947712418301,1,ok
fuku_row,2,306,0.6535947712418301,1,ok
fukuen_m,2,306,0.6535947712418301,1,ok
Fukukichi,2,306,0.6535947712418301,1,ok
fukutamanyanko,2,306,0.6535947712418301,1,ok
fukuyui_C8,2,306,0.6535947712418301,1,ok
fullcolorprogra,2,306,0.6535947712418301,1,ok
FungJoshy,2,306,0.6535947712418301,1,ok
funyu_knmr,2,306,0.6535947712418301,1,ok
furain7suddenly,2,306,0.6535947712418301,1,ok
furann1122,2,306,0.6535947712418301,1,ok
futakiatsusuke,2,306,0.6535947712418301,1,ok
future0827,2,306,0.6535947712418301,1,ok
FuuraiHaryuu,2,306,0.6535947712418301,1,ok
fuuun_ji,2,306,0.6535947712418301,1,ok
fuyu_ir,2,306,0.6535947712418301,1,ok
FuzitaSaki,2,306,0.6535947712418301,1,ok
gaaaarne10,2,306,0.6535947712418301,1,ok
gachirin2,2,306,0.6535947712418301,1,ok
Gagappe,2,306,0.6535947712418301,1,ok
GalaRia0227,2,306,0.6535947712418301,1,ok
GANMAX,2,306,0.6535947712418301,1,ok
ganzu,2,306,0.6535947712418301,1,ok
gao_0624,2,306,0.6535947712418301,1,ok
GARIoftheyear,2,306,0.6535947712418301,1,ok
garlicNin29,2,306,0.6535947712418301,1,ok
Gatahama,2,306,0.6535947712418301,1,ok
gatepanzer,2,306,0.6535947712418301,1,ok
gbgblessQ,2,306,0.6535947712418301,1,ok
gbn21_k,2,306,0.6535947712418301,1,ok
ge_illust,2,306,0.6535947712418301,1,ok
ge_nami73,2,306,0.6535947712418301,1,ok
GEASS_r2,2,306,0.6535947712418301,1,ok
GEBOWEEN,2,306,0.6535947712418301,1,ok
generic_ikeda,2,306,0.6535947712418301,1,ok
genesis8205,2,306,0.6535947712418301,1,ok
GenkiWw,2,306,0.6535947712418301,1,ok
german_rainbow,2,306,0.6535947712418301,1,ok
GIGANTO,2,306,0.6535947712418301,1,ok
gillyuhna,2,306,0.6535947712418301,1,ok
Giroud_WUGner,2,306,0.6535947712418301,1,ok
gita_sato,2,306,0.6535947712418301,1,ok
Gitlas,2,306,0.6535947712418301,1,ok
give_take_fanta,2,306,0.6535947712418301,1,ok
glassesctake,2,306,0.6535947712418301,1,ok
Glorious__Break,2,306,0.6535947712418301,1,ok
GN05_,2,306,0.6535947712418301,1,ok
gochime24,2,306,0.6535947712418301,1,ok
gochiusapyon,2,306,0.6535947712418301,1,ok
godseiyuwug,2,306,0.6535947712418301,1,ok
golbat_bab,2,306,0.6535947712418301,1,ok
Gold_kaeru,2,306,0.6535947712418301,1,ok
gomaliver,2,306,0.6535947712418301,1,ok
gomazou21,2,306,0.6535947712418301,1,ok
gome0515,2,306,0.6535947712418301,1,ok
gonaa303,2,306,0.6535947712418301,1,ok
gopherball,2,306,0.6535947712418301,1,ok
goriko7188,2,306,0.6535947712418301,1,ok
GORIRASEIJIN,2,306,0.6535947712418301,1,ok
goshi26,2,306,0.6535947712418301,1,ok
gothique_lapin,2,306,0.6535947712418301,1,ok
Gr_and_martis,2,306,0.6535947712418301,1,ok
green_1912,2,306,0.6535947712418301,1,ok
grndstar,2,306,0.6535947712418301,1,ok
grnk_uu,2,306,0.6535947712418301,1,ok
gry_you,2,306,0.6535947712418301,1,ok
gs4qh7,2,306,0.6535947712418301,1,ok
gsgs223,2,306,0.6535947712418301,1,ok
gu_tara77,2,306,0.6535947712418301,1,ok
guchio178,2,306,0.6535947712418301,1,ok
Guilty_Lily_009,2,306,0.6535947712418301,1,ok
gulfstream1002,2,306,0.6535947712418301,1,ok
guren929,2,306,0.6535947712418301,1,ok
guuuta31,2,306,0.6535947712418301,1,ok
gyara_1125,2,306,0.6535947712418301,1,ok
gyogenki,2,306,0.6535947712418301,1,ok
h1sano1,2,306,0.6535947712418301,1,ok
h_and_mc,2,306,0.6535947712418301,1,ok
H_N_K_R_K_0326,2,306,0.6535947712418301,1,ok
haccyori66b_1,2,306,0.6535947712418301,1,ok
hachi8P,2,306,0.6535947712418301,1,ok
haduki16,2,306,0.6535947712418301,1,ok
hadukichikun,2,306,0.6535947712418301,1,ok
HaEun,2,306,0.6535947712418301,1,ok
hagezuc,2,306,0.6535947712418301,1,ok
hagiwara_shina,2,306,0.6535947712418301,1,ok
haipa2000,2,306,0.6535947712418301,1,ok
Hakamada_kazuki,2,306,0.6535947712418301,1,ok
hakumyou537,2,306,0.6535947712418301,1,ok
hakuro1,2,306,0.6535947712418301,1,ok
hal_cyon32,2,306,0.6535947712418301,1,ok
halatosama,2,306,0.6535947712418301,1,ok
hamahama_nozo,2,306,0.6535947712418301,1,ok
hamanasu34,2,306,0.6535947712418301,1,ok
hamhamcity,2,306,0.6535947712418301,1,ok
hane_chan,2,306,0.6535947712418301,1,ok
hanetkro,2,306,0.6535947712418301,1,ok
hanhan0921,2,306,0.6535947712418301,1,ok
HanikaHan,2,306,0.6535947712418301,1,ok
harbor773,2,306,0.6535947712418301,1,ok
harmless,2,306,0.6535947712418301,1,ok
haru10436,2,306,0.6535947712418301,1,ok
haru_sola,2,306,0.6535947712418301,1,ok
haru_yuyuyu,2,306,0.6535947712418301,1,ok
haruheyasouji,2,306,0.6535947712418301,1,ok
Harujion11,2,306,0.6535947712418301,1,ok
haruka__yozora,2,306,0.6535947712418301,1,ok
haruka_o_o_o,2,306,0.6535947712418301,1,ok
harukamatata_,2,306,0.6535947712418301,1,ok
harukas_nk025,2,306,0.6535947712418301,1,ok
harukas_phere,2,306,0.6535947712418301,1,ok
Harumi2142,2,306,0.6535947712418301,1,ok
harurun_himagiP,2,306,0.6535947712418301,1,ok
harutti1626,2,306,0.6535947712418301,1,ok
hase_22,2,306,0.6535947712418301,1,ok
hasire,2,306,0.6535947712418301,1,ok
hassy2821,2,306,0.6535947712418301,1,ok
hat_hat_11,2,306,0.6535947712418301,1,ok
hatarakitaku21,2,306,0.6535947712418301,1,ok
HATENAISORAieie,2,306,0.6535947712418301,1,ok
hatohatosan,2,306,0.6535947712418301,1,ok
hattyan_0724,2,306,0.6535947712418301,1,ok
hawk178504,2,306,0.6535947712418301,1,ok
haya_tks,2,306,0.6535947712418301,1,ok
hayami_n1,2,306,0.6535947712418301,1,ok
hayaminanime,2,306,0.6535947712418301,1,ok
hd_xx_2,2,306,0.6535947712418301,1,ok
Heart1y0s6Song,2,306,0.6535947712418301,1,ok
heisen038,2,306,0.6535947712418301,1,ok
heketter,2,306,0.6535947712418301,1,ok
Hemoaaaaaaa,2,306,0.6535947712418301,1,ok
HesitationSnow2,2,306,0.6535947712418301,1,ok
hetare_yuriboy,2,306,0.6535947712418301,1,ok
hhogoshaR,2,306,0.6535947712418301,1,ok
hi_ro_1x2x,2,306,0.6535947712418301,1,ok
hibiki_answerP,2,306,0.6535947712418301,1,ok
hidamariExp,2,306,0.6535947712418301,1,ok
hide1107yui,2,306,0.6535947712418301,1,ok
hide_spoon,2,306,0.6535947712418301,1,ok
HIDUKI522,2,306,0.6535947712418301,1,ok
hige_daruma,2,306,0.6535947712418301,1,ok
higherground_9,2,306,0.6535947712418301,1,ok
higuma_lvsmp,2,306,0.6535947712418301,1,ok
hihumin_365,2,306,0.6535947712418301,1,ok
hijiri1104,2,306,0.6535947712418301,1,ok
hikari0621,2,306,0.6535947712418301,1,ok
hikidasinoneko,2,306,0.6535947712418301,1,ok
hiko_P15,2,306,0.6535947712418301,1,ok
hikohsen1,2,306,0.6535947712418301,1,ok
hikonyann9714,2,306,0.6535947712418301,1,ok
hikousen_nknk,2,306,0.6535947712418301,1,ok
hina_kureha,2,306,0.6535947712418301,1,ok
hinano,2,306,0.6535947712418301,1,ok
HinaRinPana,2,306,0.6535947712418301,1,ok
HinataHuto,2,306,0.6535947712418301,1,ok
hineko1021,2,306,0.6535947712418301,1,ok
Hineri,2,306,0.6535947712418301,1,ok
hinoki131,2,306,0.6535947712418301,1,ok
HIRATAKAAAAA,2,306,0.6535947712418301,1,ok
hiro,2,306,0.6535947712418301,1,ok
hiro77FT,2,306,0.6535947712418301,1,ok
hiro_21th,2,306,0.6535947712418301,1,ok
hirohosokawa,2,306,0.6535947712418301,1,ok
hirokazu_fue,2,306,0.6535947712418301,1,ok
HirokoxLOVER,2,306,0.6535947712418301,1,ok
HirotoS225,2,306,0.6535947712418301,1,ok
HiRottE_OTB,2,306,0.6535947712418301,1,ok
hisha,2,306,0.6535947712418301,1,ok
hisui_kaisoku,2,306,0.6535947712418301,1,ok
HITSUJIHane,2,306,0.6535947712418301,1,ok
hmt_tbs_tmk,2,306,0.6535947712418301,1,ok
hmtbsak,2,306,0.6535947712418301,1,ok
hnt710,2,306,0.6535947712418301,1,ok
hokutom1,2,306,0.6535947712418301,1,ok
homepie,2,306,0.6535947712418301,1,ok
Homulilly__,2,306,0.6535947712418301,1,ok
homuramandayo,2,306,0.6535947712418301,1,ok
homurapo,2,306,0.6535947712418301,1,ok
homuraya86,2,306,0.6535947712418301,1,ok
honeyWugBs50,2,306,0.6535947712418301,1,ok
honkon0910,2,306,0.6535947712418301,1,ok
Hono9ma_,2,306,0.6535947712418301,1,ok
honoka2718,2,306,0.6535947712418301,1,ok
honotun1121,2,306,0.6535947712418301,1,ok
hosaka_1122,2,306,0.6535947712418301,1,ok
hoshi_0911,2,306,0.6535947712418301,1,ok
hossiy256GB,2,306,0.6535947712418301,1,ok
houjyou6,2,306,0.6535947712418301,1,ok
howling__dog,2,306,0.6535947712418301,1,ok
hp230071,2,306,0.6535947712418301,1,ok
hr_riot,2,306,0.6535947712418301,1,ok
hryk_kobachi,2,306,0.6535947712418301,1,ok
hs_tekeriri,2,306,0.6535947712418301,1,ok
hsa_De000,2,306,0.6535947712418301,1,ok
hsum__,2,306,0.6535947712418301,1,ok
htm_ktr,2,306,0.6535947712418301,1,ok
htsm0so,2,306,0.6535947712418301,1,ok
httttt,2,306,0.6535947712418301,1,ok
huckfinnv,2,306,0.6535947712418301,1,ok
hyak,2,306,0.6535947712418301,1,ok
Hysdtkys,2,306,0.6535947712418301,1,ok
HZgmf,2,306,0.6535947712418301,1,ok
i_am_yucho,2,306,0.6535947712418301,1,ok
I_K,2,306,0.6535947712418301,1,ok
I_love_Hayate,2,306,0.6535947712418301,1,ok
i_Ris__0320,2,306,0.6535947712418301,1,ok
iamnokyin,2,306,0.6535947712418301,1,ok
ice_cream,2,306,0.6535947712418301,1,ok
ice_cream_eupho,2,306,0.6535947712418301,1,ok
icosahedronred,2,306,0.6535947712418301,1,ok
ID_idea,2,306,0.6535947712418301,1,ok
ienista062003,2,306,0.6535947712418301,1,ok
iGaMiN0,2,306,0.6535947712418301,1,ok
iguru1430,2,306,0.6535947712418301,1,ok
iitomo0213,2,306,0.6535947712418301,1,ok
ikashinji,2,306,0.6535947712418301,1,ok
ikeike_1331,2,306,0.6535947712418301,1,ok
ikekuso,2,306,0.6535947712418301,1,ok
ikke13xxx,2,306,0.6535947712418301,1,ok
ikke_lily30,2,306,0.6535947712418301,1,ok
IKUMI_0130,2,306,0.6535947712418301,1,ok
ikuzim7,2,306,0.6535947712418301,1,ok
imas_YuriMikkuP,2,306,0.6535947712418301,1,ok
immortal795121,2,306,0.6535947712418301,1,ok
imokenP821,2,306,0.6535947712418301,1,ok
imoki0822,2,306,0.6535947712418301,1,ok
imsgzd138,2,306,0.6535947712418301,1,ok
Imymoco_,2,306,0.6535947712418301,1,ok
inakanotaicyou,2,306,0.6535947712418301,1,ok
inAoaSLnlojn,2,306,0.6535947712418301,1,ok
index_ani,2,306,0.6535947712418301,1,ok
IndexFate,2,306,0.6535947712418301,1,ok
infourkey0712,2,306,0.6535947712418301,1,ok
Inno_Mina_Nao,2,306,0.6535947712418301,1,ok
inomaaya_momo23,2,306,0.6535947712418301,1,ok
inori1202,2,306,0.6535947712418301,1,ok
inori_fan_ria,2,306,0.6535947712418301,1,ok
inori_sakur,2,306,0.6535947712418301,1,ok
inori_tk17,2,306,0.6535947712418301,1,ok
inorinmajitensi,2,306,0.6535947712418301,1,ok
inorisuzuko,2,306,0.6535947712418301,1,ok
inoshika_yuki,2,306,0.6535947712418301,1,ok
inrn_curry,2,306,0.6535947712418301,1,ok
INVERTED,2,306,0.6535947712418301,1,ok
ioioio777,2,306,0.6535947712418301,1,ok
iomarun,2,306,0.6535947712418301,1,ok
ir_ohana,2,306,0.6535947712418301,1,ok
irdr_x,2,306,0.6535947712418301,1,ok
iRis_kotone,2,306,0.6535947712418301,1,ok
irmoreta,2,306,0.6535947712418301,1,ok
iropist_,2,306,0.6535947712418301,1,ok
irrationaln1387,2,306,0.6535947712418301,1,ok
ishi_chun,2,306,0.6535947712418301,1,ok
island_mulberry,2,306,0.6535947712418301,1,ok
issei1008,2,306,0.6535947712418301,1,ok
isuisu_78,2,306,0.6535947712418301,1,ok
itabridge,2,306,0.6535947712418301,1,ok
itokon_3stars,2,306,0.6535947712418301,1,ok
itokon_idol,2,306,0.6535947712418301,1,ok
ITppoo,2,306,0.6535947712418301,1,ok
its_kishow_time,2,306,0.6535947712418301,1,ok
iwao_poke,2,306,0.6535947712418301,1,ok
iwasa_ss,2,306,0.6535947712418301,1,ok
iytsuuwua,2,306,0.6535947712418301,1,ok
j4213zu56,2,306,0.6535947712418301,1,ok
ja,2,306,0.6535947712418301,1,ok
jackyjol333,2,306,0.6535947712418301,1,ok
JAILigc,2,306,0.6535947712418301,1,ok
jannedaarc_1013,2,306,0.6535947712418301,1,ok
janpa58,2,306,0.6535947712418301,1,ok
jashin_ice,2,306,0.6535947712418301,1,ok
jemej765,2,306,0.6535947712418301,1,ok
JESUSwra,2,306,0.6535947712418301,1,ok
jian_silent,2,306,0.6535947712418301,1,ok
jidora,2,306,0.6535947712418301,1,ok
jiikoji_p,2,306,0.6535947712418301,1,ok
jim_furukawa,2,306,0.6535947712418301,1,ok
jimoai_saikou,2,306,0.6535947712418301,1,ok
jin08100,2,306,0.6535947712418301,1,ok
jin_sunrize,2,306,0.6535947712418301,1,ok
Jinmen,2,306,0.6535947712418301,1,ok
Jir_,2,306,0.6535947712418301,1,ok
jjaajn,2,306,0.6535947712418301,1,ok
jk,2,306,0.6535947712418301,1,ok
jlrtvx,2,306,0.6535947712418301,1,ok
jnkm,2,306,0.6535947712418301,1,ok
jnoyoshi_15,2,306,0.6535947712418301,1,ok
Joker_s46,2,306,0.6535947712418301,1,ok
joltways,2,306,0.6535947712418301,1,ok
joppi_joestar,2,306,0.6535947712418301,1,ok
JoruriMiya99,2,306,0.6535947712418301,1,ok
jouki_panda,2,306,0.6535947712418301,1,ok
ju_km,2,306,0.6535947712418301,1,ok
jubeat_rky,2,306,0.6535947712418301,1,ok
juininvserise,2,306,0.6535947712418301,1,ok
jumb0_9000,2,306,0.6535947712418301,1,ok
JunjoEmotional,2,306,0.6535947712418301,1,ok
junjun07,2,306,0.6535947712418301,1,ok
jurarumins,2,306,0.6535947712418301,1,ok
jX1sT8KdbZsfB2Z,2,306,0.6535947712418301,1,ok
jyukk_Lunatic,2,306,0.6535947712418301,1,ok
K10701,2,306,0.6535947712418301,1,ok
K2Mk2,2,306,0.6535947712418301,1,ok
k2sama1030_1,2,306,0.6535947712418301,1,ok
k4hr1ns,2,306,0.6535947712418301,1,ok
k_110,2,306,0.6535947712418301,1,ok
k_9_ah,2,306,0.6535947712418301,1,ok
k_blue025,2,306,0.6535947712418301,1,ok
K_K,2,306,0.6535947712418301,1,ok
K_Ken0331,2,306,0.6535947712418301,1,ok
K_S275,2,306,0.6535947712418301,1,ok
k_tamomo,2,306,0.6535947712418301,1,ok
K_zuki0203,2,306,0.6535947712418301,1,ok
kabekabediver,2,306,0.6535947712418301,1,ok
kabochanicomi,2,306,0.6535947712418301,1,ok
kaede_1120,2,306,0.6535947712418301,1,ok
kaede_24JU,2,306,0.6535947712418301,1,ok
kagamix,2,306,0.6535947712418301,1,ok
kagari_ryou,2,306,0.6535947712418301,1,ok
Kai_0210,2,306,0.6535947712418301,1,ok
KAITO,2,306,0.6535947712418301,1,ok
kaito.kaito0827,2,306,0.6535947712418301,1,ok
kaito9523,2,306,0.6535947712418301,1,ok
Kaizaa_dam,2,306,0.6535947712418301,1,ok
kak1_gohri,2,306,0.6535947712418301,1,ok
kakubutu,2,306,0.6535947712418301,1,ok
kamataku31,2,306,0.6535947712418301,1,ok
kamex38,2,306,0.6535947712418301,1,ok
kamiya4423,2,306,0.6535947712418301,1,ok
kamofly,2,306,0.6535947712418301,1,ok
kamouboko,2,306,0.6535947712418301,1,ok
kamu2lemon,2,306,0.6535947712418301,1,ok
kamyuveronica,2,306,0.6535947712418301,1,ok
kan_P_ai,2,306,0.6535947712418301,1,ok
kanade_bang,2,306,0.6535947712418301,1,ok
kanai6274,2,306,0.6535947712418301,1,ok
kanai_hk_yt,2,306,0.6535947712418301,1,ok
kanbara1201,2,306,0.6535947712418301,1,ok
kani30,2,306,0.6535947712418301,1,ok
kanoenn,2,306,0.6535947712418301,1,ok
kanreitiGM,2,306,0.6535947712418301,1,ok
kanta_sebu,2,306,0.6535947712418301,1,ok
karen_kimo_otak,2,306,0.6535947712418301,1,ok
karimohu4,2,306,0.6535947712418301,1,ok
karma_bluebird,2,306,0.6535947712418301,1,ok
karubo07,2,306,0.6535947712418301,1,ok
karuki14,2,306,0.6535947712418301,1,ok
Kassy_VW,2,306,0.6535947712418301,1,ok
Kasu_miko,2,306,0.6535947712418301,1,ok
kasumineton,2,306,0.6535947712418301,1,ok
katona_san,2,306,0.6535947712418301,1,ok
katyon_tyon,2,306,0.6535947712418301,1,ok
kawa_oy611,2,306,0.6535947712418301,1,ok
kawauso_346,2,306,0.6535947712418301,1,ok
kaze_toho,2,306,0.6535947712418301,1,ok
kazu53247,2,306,0.6535947712418301,1,ok
kazu_kazu1991,2,306,0.6535947712418301,1,ok
kazubotan,2,306,0.6535947712418301,1,ok
kbak2h6,2,306,0.6535947712418301,1,ok
KBT85867707,2,306,0.6535947712418301,1,ok
kbuild,2,306,0.6535947712418301,1,ok
KD_2nd,2,306,0.6535947712418301,1,ok
kdmt,2,306,0.6535947712418301,1,ok
ke14nn289,2,306,0.6535947712418301,1,ok
keemau21,2,306,0.6535947712418301,1,ok
keep_sn,2,306,0.6535947712418301,1,ok
kefia_taso,2,306,0.6535947712418301,1,ok
kei1833,2,306,0.6535947712418301,1,ok
keima_,2,306,0.6535947712418301,1,ok
keion_fhana,2,306,0.6535947712418301,1,ok
keita800,2,306,0.6535947712418301,1,ok
keito_gmn,2,306,0.6535947712418301,1,ok
kemy_311162,2,306,0.6535947712418301,1,ok
ken0526,2,306,0.6535947712418301,1,ok
ken7typemoon,2,306,0.6535947712418301,1,ok
ken_igu44,2,306,0.6535947712418301,1,ok
ken_milky0126,2,306,0.6535947712418301,1,ok
kenntomaronn,2,306,0.6535947712418301,1,ok
kentim666,2,306,0.6535947712418301,1,ok
kesai_P,2,306,0.6535947712418301,1,ok
keshigome,2,306,0.6535947712418301,1,ok
key3193,2,306,0.6535947712418301,1,ok
Keykanon1127,2,306,0.6535947712418301,1,ok
kfoorin,2,306,0.6535947712418301,1,ok
kG4fIGcO5ZcPlmH,2,306,0.6535947712418301,1,ok
kibaP777,2,306,0.6535947712418301,1,ok
kicodadada,2,306,0.6535947712418301,1,ok
Kihono,2,306,0.6535947712418301,1,ok
kikurin515,2,306,0.6535947712418301,1,ok
kiniro5555,2,306,0.6535947712418301,1,ok
kinkikona,2,306,0.6535947712418301,1,ok
kinokinoko,2,306,0.6535947712418301,1,ok
kinpira_4,2,306,0.6535947712418301,1,ok
KiRaSen18,2,306,0.6535947712418301,1,ok
kiria_w13,2,306,0.6535947712418301,1,ok
KIRIN0N,2,306,0.6535947712418301,1,ok
kiriya_0825_,2,306,0.6535947712418301,1,ok
kirokira,2,306,0.6535947712418301,1,ok
Kiryu_722,2,306,0.6535947712418301,1,ok
KishimenGold,2,306,0.6535947712418301,1,ok
kishin_1107,2,306,0.6535947712418301,1,ok
kittar_nanairo,2,306,0.6535947712418301,1,ok
kiyo_sora,2,306,0.6535947712418301,1,ok
kiyockiyoc,2,306,0.6535947712418301,1,ok
kiyomaroP,2,306,0.6535947712418301,1,ok
kiyu4qimas,2,306,0.6535947712418301,1,ok
kk_hokkori,2,306,0.6535947712418301,1,ok
kkcdisk000,2,306,0.6535947712418301,1,ok
kkkkk_82,2,306,0.6535947712418301,1,ok
kkrotk28,2,306,0.6535947712418301,1,ok
km000327xx,2,306,0.6535947712418301,1,ok
kmdk_you,2,306,0.6535947712418301,1,ok
kmknsh11,2,306,0.6535947712418301,1,ok
kmtsh_y,2,306,0.6535947712418301,1,ok
knd_kiryu,2,306,0.6535947712418301,1,ok
knitaro,2,306,0.6535947712418301,1,ok
knktot,2,306,0.6535947712418301,1,ok
knt__mnm,2,306,0.6535947712418301,1,ok
Kobakuri,2,306,0.6535947712418301,1,ok
kobalt0709,2,306,0.6535947712418301,1,ok
Kobato0419,2,306,0.6535947712418301,1,ok
kobe_sz_liar,2,306,0.6535947712418301,1,ok
kocha_spender,2,306,0.6535947712418301,1,ok
koeda,2,306,0.6535947712418301,1,ok
koepota1001,2,306,0.6535947712418301,1,ok
kohi404,2,306,0.6535947712418301,1,ok
koisitadod,2,306,0.6535947712418301,1,ok
kojikojirowwww,2,306,0.6535947712418301,1,ok
kokewug,2,306,0.6535947712418301,1,ok
kokodottsh_HF,2,306,0.6535947712418301,1,ok
KokoroTowano,2,306,0.6535947712418301,1,ok
kokozou_,2,306,0.6535947712418301,1,ok
koku_too,2,306,0.6535947712418301,1,ok
koma229,2,306,0.6535947712418301,1,ok
koma_d1,2,306,0.6535947712418301,1,ok
KOME_DAY_SONG,2,306,0.6535947712418301,1,ok
komekaru,2,306,0.6535947712418301,1,ok
Konakona,2,306,0.6535947712418301,1,ok
Konata,2,306,0.6535947712418301,1,ok
kondoru_wa,2,306,0.6535947712418301,1,ok
kondosangane,2,306,0.6535947712418301,1,ok
konn234,2,306,0.6535947712418301,1,ok
konrad2658,2,306,0.6535947712418301,1,ok
konta1990,2,306,0.6535947712418301,1,ok
kooomakoma,2,306,0.6535947712418301,1,ok
Kopfhorer_,2,306,0.6535947712418301,1,ok
koroazu0124,2,306,0.6535947712418301,1,ok
koromo0822,2,306,0.6535947712418301,1,ok
kosaka_kou,2,306,0.6535947712418301,1,ok
kotani.5209,2,306,0.6535947712418301,1,ok
KotoneMM_P,2,306,0.6535947712418301,1,ok
kotoriarisu,2,306,0.6535947712418301,1,ok
kotorinsky,2,306,0.6535947712418301,1,ok
kouki_tin,2,306,0.6535947712418301,1,ok
kourei22,2,306,0.6535947712418301,1,ok
kousi05,2,306,0.6535947712418301,1,ok
kouyou0611,2,306,0.6535947712418301,1,ok
kowakepoteti,2,306,0.6535947712418301,1,ok
kowappaKAZU,2,306,0.6535947712418301,1,ok
Koya_Maiya,2,306,0.6535947712418301,1,ok
Koyoko_to3,2,306,0.6535947712418301,1,ok
krelia,2,306,0.6535947712418301,1,ok
krg,2,306,0.6535947712418301,1,ok
krkrkrkr5656,2,306,0.6535947712418301,1,ok
krock_kotoka,2,306,0.6535947712418301,1,ok
ks930101,2,306,0.6535947712418301,1,ok
KSG_FIN,2,306,0.6535947712418301,1,ok
ksk_reiz01,2,306,0.6535947712418301,1,ok
ksks_channel,2,306,0.6535947712418301,1,ok
kt1bn,2,306,0.6535947712418301,1,ok
ktgn5,2,306,0.6535947712418301,1,ok
ktn5209,2,306,0.6535947712418301,1,ok
ktpnff,2,306,0.6535947712418301,1,ok
ktrk_d,2,306,0.6535947712418301,1,ok
ktz6247,2,306,0.6535947712418301,1,ok
kugamin,2,306,0.6535947712418301,1,ok
kuku_ss,2,306,0.6535947712418301,1,ok
kularika,2,306,0.6535947712418301,1,ok
kuma_1125,2,306,0.6535947712418301,1,ok
kumakumagon,2,306,0.6535947712418301,1,ok
kumatta,2,306,0.6535947712418301,1,ok
kumi_sy,2,306,0.6535947712418301,1,ok
kumiko_mlml,2,306,0.6535947712418301,1,ok
kunkun_4colors,2,306,0.6535947712418301,1,ok
kunst1080,2,306,0.6535947712418301,1,ok
kuonjisosui,2,306,0.6535947712418301,1,ok
kurashit,2,306,0.6535947712418301,1,ok
kurenii04,2,306,0.6535947712418301,1,ok
kuri,2,306,0.6535947712418301,1,ok
Kuro_FlameHaze,2,306,0.6535947712418301,1,ok
KUROBA0813,2,306,0.6535947712418301,1,ok
Kurobon_,2,306,0.6535947712418301,1,ok
Kurocha_NANOHA,2,306,0.6535947712418301,1,ok
kuroma_ru,2,306,0.6535947712418301,1,ok
kuroneko22p,2,306,0.6535947712418301,1,ok
KUROSAKINAO,2,306,0.6535947712418301,1,ok
KUROUorKUROBA,2,306,0.6535947712418301,1,ok
kurulingrin,2,306,0.6535947712418301,1,ok
KURURUprpr,2,306,0.6535947712418301,1,ok
kusad_otaku,2,306,0.6535947712418301,1,ok
kusoiruca,2,306,0.6535947712418301,1,ok
kusotery,2,306,0.6535947712418301,1,ok
kusurugasys,2,306,0.6535947712418301,1,ok
kuupmpm,2,306,0.6535947712418301,1,ok
kuuut18mistake,2,306,0.6535947712418301,1,ok
kuwa,2,306,0.6535947712418301,1,ok
kuwekcm91,2,306,0.6535947712418301,1,ok
kxn4t,2,306,0.6535947712418301,1,ok
KXtreme6421,2,306,0.6535947712418301,1,ok
KYf,2,306,0.6535947712418301,1,ok
kyktigers,2,306,0.6535947712418301,1,ok
Kyle_Murray,2,306,0.6535947712418301,1,ok
kyon76573,2,306,0.6535947712418301,1,ok
kyonana,2,306,0.6535947712418301,1,ok
Kyotoanime_1,2,306,0.6535947712418301,1,ok
kyu_104,2,306,0.6535947712418301,1,ok
kyu_ta,2,306,0.6535947712418301,1,ok
kz21yuki,2,306,0.6535947712418301,1,ok
kzgissy,2,306,0.6535947712418301,1,ok
L__cc7,2,306,0.6535947712418301,1,ok
lahtoyobou,2,306,0.6535947712418301,1,ok
LAMY,2,306,0.6535947712418301,1,ok
langsomt17,2,306,0.6535947712418301,1,ok
last1let,2,306,0.6535947712418301,1,ok
lastar_gmdf,2,306,0.6535947712418301,1,ok
Latte_RuLu,2,306,0.6535947712418301,1,ok
LE_Yn,2,306,0.6535947712418301,1,ok
Lefty_Try,2,306,0.6535947712418301,1,ok
legend1206,2,306,0.6535947712418301,1,ok
lego2077,2,306,0.6535947712418301,1,ok
Lehk_noha,2,306,0.6535947712418301,1,ok
Leiber_Nozomi,2,306,0.6535947712418301,1,ok
Leoten_R,2,306,0.6535947712418301,1,ok
leu_ve,2,306,0.6535947712418301,1,ok
lgsh0831,2,306,0.6535947712418301,1,ok
LiA_Air,2,306,0.6535947712418301,1,ok
Lia_chan1007,2,306,0.6535947712418301,1,ok
libra_aki_,2,306,0.6535947712418301,1,ok
Libra_SS,2,306,0.6535947712418301,1,ok
lidejia,2,306,0.6535947712418301,1,ok
liden2927,2,306,0.6535947712418301,1,ok
ligerrz,2,306,0.6535947712418301,1,ok
light_blue_1122,2,306,0.6535947712418301,1,ok
Lilisy_Danta,2,306,0.6535947712418301,1,ok
lilly_DCFC,2,306,0.6535947712418301,1,ok
lingtinchung,2,306,0.6535947712418301,1,ok
linsama31,2,306,0.6535947712418301,1,ok
lisa_love1221,2,306,0.6535947712418301,1,ok
lisa_risris,2,306,0.6535947712418301,1,ok
LittleLightsky,2,306,0.6535947712418301,1,ok
Live_for_Mocho,2,306,0.6535947712418301,1,ok
livefes417,2,306,0.6535947712418301,1,ok
ll_m_k_r,2,306,0.6535947712418301,1,ok
lllli_283,2,306,0.6535947712418301,1,ok
lmcnmyn,2,306,0.6535947712418301,1,ok
lno911,2,306,0.6535947712418301,1,ok
localghost_w,2,306,0.6535947712418301,1,ok
Lohengramm_nm7,2,306,0.6535947712418301,1,ok
lol3_2,2,306,0.6535947712418301,1,ok
lollipop,2,306,0.6535947712418301,1,ok
Longarch00,2,306,0.6535947712418301,1,ok
lopithecus_not,2,306,0.6535947712418301,1,ok
lostage99,2,306,0.6535947712418301,1,ok
love_key,2,306,0.6535947712418301,1,ok
love_pekopeko,2,306,0.6535947712418301,1,ok
lovelive616,2,306,0.6535947712418301,1,ok
Lovelive_mari,2,306,0.6535947712418301,1,ok
LoveLive_PIA,2,306,0.6535947712418301,1,ok
lovelovelove,2,306,0.6535947712418301,1,ok
lovemomoka520,2,306,0.6535947712418301,1,ok
loveroadwalk,2,306,0.6535947712418301,1,ok
ls16270j,2,306,0.6535947712418301,1,ok
Lucca_kke,2,306,0.6535947712418301,1,ok
luckypool7188,2,306,0.6535947712418301,1,ok
LuckyStriker72,2,306,0.6535947712418301,1,ok
Luna7_T,2,306,0.6535947712418301,1,ok
luseo29,2,306,0.6535947712418301,1,ok
Luxuryseo,2,306,0.6535947712418301,1,ok
lvcisann,2,306,0.6535947712418301,1,ok
LvTTvI,2,306,0.6535947712418301,1,ok
lyy_water,2,306,0.6535947712418301,1,ok
m0714master,2,306,0.6535947712418301,1,ok
m0_0c,2,306,0.6535947712418301,1,ok
m6m6_t,2,306,0.6535947712418301,1,ok
m___oxy,2,306,0.6535947712418301,1,ok
m__curiosity,2,306,0.6535947712418301,1,ok
m_ao_n,2,306,0.6535947712418301,1,ok
m_hatsuki,2,306,0.6535947712418301,1,ok
m_hr17,2,306,0.6535947712418301,1,ok
m_i_i_YT,2,306,0.6535947712418301,1,ok
M_Otaku,2,306,0.6535947712418301,1,ok
ma_wa3_,2,306,0.6535947712418301,1,ok
maaadoc,2,306,0.6535947712418301,1,ok
Maaya_LOV,2,306,0.6535947712418301,1,ok
maaya_taso44,2,306,0.6535947712418301,1,ok
MaayaU_SV,2,306,0.6535947712418301,1,ok
macaronholiday,2,306,0.6535947712418301,1,ok
machikado,2,306,0.6535947712418301,1,ok
mackey13,2,306,0.6535947712418301,1,ok
mado_01,2,306,0.6535947712418301,1,ok
maeken8241,2,306,0.6535947712418301,1,ok
maerchenmaroon,2,306,0.6535947712418301,1,ok
magi_on,2,306,0.6535947712418301,1,ok
mahhun1919,2,306,0.6535947712418301,1,ok
mahiroP_841,2,306,0.6535947712418301,1,ok
maiku_5392,2,306,0.6535947712418301,1,ok
maimaipoyooo,2,306,0.6535947712418301,1,ok
makichi528,2,306,0.6535947712418301,1,ok
makiri_ama,2,306,0.6535947712418301,1,ok
makiri_rkh,2,306,0.6535947712418301,1,ok
makiriko1184,2,306,0.6535947712418301,1,ok
makki_1221,2,306,0.6535947712418301,1,ok
makki_makimaki,2,306,0.6535947712418301,1,ok
makkoro0,2,306,0.6535947712418301,1,ok
MAKO_M_infoK_1,2,306,0.6535947712418301,1,ok
makuryer,2,306,0.6535947712418301,1,ok
mama_miria,2,306,0.6535947712418301,1,ok
mamana_mk2,2,306,0.6535947712418301,1,ok
mame1107,2,306,0.6535947712418301,1,ok
mamelive,2,306,0.6535947712418301,1,ok
manakajiyuu,2,306,0.6535947712418301,1,ok
manakuma0906,2,306,0.6535947712418301,1,ok
maniac_anime,2,306,0.6535947712418301,1,ok
ManiacsM9,2,306,0.6535947712418301,1,ok
maniki_HT,2,306,0.6535947712418301,1,ok
mankai,2,306,0.6535947712418301,1,ok
manygrape,2,306,0.6535947712418301,1,ok
MapleReturn,2,306,0.6535947712418301,1,ok
mappy124,2,306,0.6535947712418301,1,ok
marano8716,2,306,0.6535947712418301,1,ok
marble_choko,2,306,0.6535947712418301,1,ok
march_st,2,306,0.6535947712418301,1,ok
marchparrot,2,306,0.6535947712418301,1,ok
mari_7P,2,306,0.6535947712418301,1,ok
mari_TrySail77,2,306,0.6535947712418301,1,ok
marine_sky8,2,306,0.6535947712418301,1,ok
MarineElfs_1,2,306,0.6535947712418301,1,ok
maro725578,2,306,0.6535947712418301,1,ok
marotan_korotan,2,306,0.6535947712418301,1,ok
mars_teniru_3,2,306,0.6535947712418301,1,ok
maru1213252,2,306,0.6535947712418301,1,ok
maru_____02,2,306,0.6535947712418301,1,ok
maruchang,2,306,0.6535947712418301,1,ok
maruchi0123,2,306,0.6535947712418301,1,ok
mas__2303,2,306,0.6535947712418301,1,ok
masa_k0209,2,306,0.6535947712418301,1,ok
masa_res,2,306,0.6535947712418301,1,ok
masa_se,2,306,0.6535947712418301,1,ok
Masaaa_a,2,306,0.6535947712418301,1,ok
Masakichi717,2,306,0.6535947712418301,1,ok
masamiwax320,2,306,0.6535947712418301,1,ok
masaPiroGiants,2,306,0.6535947712418301,1,ok
masaru1004P,2,306,0.6535947712418301,1,ok
masayoshisaikou,2,306,0.6535947712418301,1,ok
mashiro0010415,2,306,0.6535947712418301,1,ok
mashiro_hime,2,306,0.6535947712418301,1,ok
masibaT_AOUS,2,306,0.6535947712418301,1,ok
masibaT_SAYT,2,306,0.6535947712418301,1,ok
mass137,2,306,0.6535947712418301,1,ok
Mast777nm,2,306,0.6535947712418301,1,ok
masternovels,2,306,0.6535947712418301,1,ok
masumi999,2,306,0.6535947712418301,1,ok
masuminare,2,306,0.6535947712418301,1,ok
matcha_p,2,306,0.6535947712418301,1,ok
matchanofficial,2,306,0.6535947712418301,1,ok
matsu80322,2,306,0.6535947712418301,1,ok
matsuba_railgun,2,306,0.6535947712418301,1,ok
matsukai54,2,306,0.6535947712418301,1,ok
matsuri_1221,2,306,0.6535947712418301,1,ok
matsuri_tkn,2,306,0.6535947712418301,1,ok
mattiy_ranran,2,306,0.6535947712418301,1,ok
maxim_564,2,306,0.6535947712418301,1,ok
maya_SEED,2,306,0.6535947712418301,1,ok
maybe0819,2,306,0.6535947712418301,1,ok
MAYNJAMP,2,306,0.6535947712418301,1,ok
mayoi27,2,306,0.6535947712418301,1,ok
mayu_1021712,2,306,0.6535947712418301,1,ok
MayuC_NyanNyan,2,306,0.6535947712418301,1,ok
mayuri_an,2,306,0.6535947712418301,1,ok
mazing_star,2,306,0.6535947712418301,1,ok
mbs,2,306,0.6535947712418301,1,ok
mcla39,2,306,0.6535947712418301,1,ok
MDSadmiral,2,306,0.6535947712418301,1,ok
mech_konbu,2,306,0.6535947712418301,1,ok
medius_EO,2,306,0.6535947712418301,1,ok
meeeeei_24,2,306,0.6535947712418301,1,ok
meg__10d,2,306,0.6535947712418301,1,ok
megaman_0602,2,306,0.6535947712418301,1,ok
meigetsu_toki,2,306,0.6535947712418301,1,ok
mellow_rabbit,2,306,0.6535947712418301,1,ok
melon_star,2,306,0.6535947712418301,1,ok
melon_walk,2,306,0.6535947712418301,1,ok
menn,2,306,0.6535947712418301,1,ok
meranium8389,2,306,0.6535947712418301,1,ok
merry_TWU,2,306,0.6535947712418301,1,ok
met_muscle,2,306,0.6535947712418301,1,ok
metairiP,2,306,0.6535947712418301,1,ok
metal_badges,2,306,0.6535947712418301,1,ok
Methuselah0402,2,306,0.6535947712418301,1,ok
mewtex,2,306,0.6535947712418301,1,ok
mezzo_p,2,306,0.6535947712418301,1,ok
MHB1515565615,2,306,0.6535947712418301,1,ok
mi10103,2,306,0.6535947712418301,1,ok
mi_ya_kooooooo,2,306,0.6535947712418301,1,ok
MI_ZA_LY,2,306,0.6535947712418301,1,ok
mianmian48,2,306,0.6535947712418301,1,ok
michi_do_art,2,306,0.6535947712418301,1,ok
micule1718,2,306,0.6535947712418301,1,ok
mies2you,2,306,0.6535947712418301,1,ok
mifa_ts,2,306,0.6535947712418301,1,ok
MiharuEndoh,2,306,0.6535947712418301,1,ok
mihuyuchan,2,306,0.6535947712418301,1,ok
miichope,2,306,0.6535947712418301,1,ok
miii_yale,2,306,0.6535947712418301,1,ok
miiku_1012,2,306,0.6535947712418301,1,ok
miikun003,2,306,0.6535947712418301,1,ok
miina_Fo_SS,2,306,0.6535947712418301,1,ok
mikana_guimauve,2,306,0.6535947712418301,1,ok
mikasa1017,2,306,0.6535947712418301,1,ok
mikku_honda,2,306,0.6535947712418301,1,ok
miKOYukarI,2,306,0.6535947712418301,1,ok
miku_1012_,2,306,0.6535947712418301,1,ok
miku_at_com,2,306,0.6535947712418301,1,ok
mikuru76,2,306,0.6535947712418301,1,ok
milchre1s,2,306,0.6535947712418301,1,ok
MILKIAN_0510,2,306,0.6535947712418301,1,ok
milktunk,2,306,0.6535947712418301,1,ok
milkyblue_love,2,306,0.6535947712418301,1,ok
mimei,2,306,0.6535947712418301,1,ok
mimiho0522,2,306,0.6535947712418301,1,ok
mimo_gamu,2,306,0.6535947712418301,1,ok
Mina1311mori,2,306,0.6535947712418301,1,ok
minaduki__nm7,2,306,0.6535947712418301,1,ok
minanagiTWd,2,306,0.6535947712418301,1,ok
minashiroyuki,2,306,0.6535947712418301,1,ok
minasujol,2,306,0.6535947712418301,1,ok
minato3341,2,306,0.6535947712418301,1,ok
minatsuki_umi,2,306,0.6535947712418301,1,ok
mino_eo,2,306,0.6535947712418301,1,ok
mintia7012,2,306,0.6535947712418301,1,ok
minute1201,2,306,0.6535947712418301,1,ok
minyapun,2,306,0.6535947712418301,1,ok
mioKo,2,306,0.6535947712418301,1,ok
mipmip,2,306,0.6535947712418301,1,ok
mirageAccel,2,306,0.6535947712418301,1,ok
mirahura,2,306,0.6535947712418301,1,ok
miraiDays,2,306,0.6535947712418301,1,ok
mirimarumaru,2,306,0.6535947712418301,1,ok
misnm7,2,306,0.6535947712418301,1,ok
miso_uye1111,2,306,0.6535947712418301,1,ok
misopea,2,306,0.6535947712418301,1,ok
misopii_tommy,2,306,0.6535947712418301,1,ok
misotako_yuka,2,306,0.6535947712418301,1,ok
Mistersiiihjjjo,2,306,0.6535947712418301,1,ok
misuzu_desuyo,2,306,0.6535947712418301,1,ok
mitihara48,2,306,0.6535947712418301,1,ok
miumiu_fam,2,306,0.6535947712418301,1,ok
miwa227tarou,2,306,0.6535947712418301,1,ok
mix_yasai,2,306,0.6535947712418301,1,ok
miya025,2,306,0.6535947712418301,1,ok
miyabi_7,2,306,0.6535947712418301,1,ok
MiyaChamps,2,306,0.6535947712418301,1,ok
Miyachan_0129,2,306,0.6535947712418301,1,ok
MIYAKO_ymsn,2,306,0.6535947712418301,1,ok
miyamori_9,2,306,0.6535947712418301,1,ok
Miyaranranran,2,306,0.6535947712418301,1,ok
miyaruchi1007,2,306,0.6535947712418301,1,ok
miyaTb,2,306,0.6535947712418301,1,ok
miyu3,2,306,0.6535947712418301,1,ok
miyu_fugu,2,306,0.6535947712418301,1,ok
miyu_mayu_love,2,306,0.6535947712418301,1,ok
MIZOkey,2,306,0.6535947712418301,1,ok
mjliveandswitch,2,306,0.6535947712418301,1,ok
mkb32ki,2,306,0.6535947712418301,1,ok
mkn_muno,2,306,0.6535947712418301,1,ok
mkPrism22,2,306,0.6535947712418301,1,ok
mktmk39,2,306,0.6535947712418301,1,ok
mm_4moer07,2,306,0.6535947712418301,1,ok
mmrn_chai,2,306,0.6535947712418301,1,ok
mmrn_kei,2,306,0.6535947712418301,1,ok
mmrs489,2,306,0.6535947712418301,1,ok
mn_syochan,2,306,0.6535947712418301,1,ok
mo29ex,2,306,0.6535947712418301,1,ok
mo_ri_1098,2,306,0.6535947712418301,1,ok
mocchan_inorin,2,306,0.6535947712418301,1,ok
mochi_adnap2,2,306,0.6535947712418301,1,ok
mocko_227,2,306,0.6535947712418301,1,ok
Moftamine,2,306,0.6535947712418301,1,ok
Mogu_1115,2,306,0.6535947712418301,1,ok
mokkun_shadow,2,306,0.6535947712418301,1,ok
moleseerddt,2,306,0.6535947712418301,1,ok
molmono_denden,2,306,0.6535947712418301,1,ok
mome0128_vo,2,306,0.6535947712418301,1,ok
MOMO_beku,2,306,0.6535947712418301,1,ok
momoironeko72,2,306,0.6535947712418301,1,ok
momolove625,2,306,0.6535947712418301,1,ok
momredsp,2,306,0.6535947712418301,1,ok
mona,2,306,0.6535947712418301,1,ok
moncsmar,2,306,0.6535947712418301,1,ok
mone_ppp,2,306,0.6535947712418301,1,ok
mono_421,2,306,0.6535947712418301,1,ok
mora_1227,2,306,0.6535947712418301,1,ok
moriwashimax,2,306,0.6535947712418301,1,ok
Moriya_ma,2,306,0.6535947712418301,1,ok
mornimou,2,306,0.6535947712418301,1,ok
morningside,2,306,0.6535947712418301,1,ok
morocoshi_san,2,306,0.6535947712418301,1,ok
moscoaaa,2,306,0.6535947712418301,1,ok
motena34,2,306,0.6535947712418301,1,ok
mother_copy,2,306,0.6535947712418301,1,ok
motors11039,2,306,0.6535947712418301,1,ok
Motsu829,2,306,0.6535947712418301,1,ok
mottsurini,2,306,0.6535947712418301,1,ok
MOU2315,2,306,0.6535947712418301,1,ok
mountcat_mfmf,2,306,0.6535947712418301,1,ok
Move11985,2,306,0.6535947712418301,1,ok
moyyayat,2,306,0.6535947712418301,1,ok
mpsgkssk,2,306,0.6535947712418301,1,ok
MR_third,2,306,0.6535947712418301,1,ok
mrid0,2,306,0.6535947712418301,1,ok
mrk_0225,2,306,0.6535947712418301,1,ok
MrTe5aytgme5,2,306,0.6535947712418301,1,ok
mrumilky,2,306,0.6535947712418301,1,ok
mrymraemer,2,306,0.6535947712418301,1,ok
mskw,2,306,0.6535947712418301,1,ok
msn_ML,2,306,0.6535947712418301,1,ok
msnssmcyn,2,306,0.6535947712418301,1,ok
mss04724,2,306,0.6535947712418301,1,ok
mss0918,2,306,0.6535947712418301,1,ok
MU27_Hfc,2,306,0.6535947712418301,1,ok
mucchu_stream,2,306,0.6535947712418301,1,ok
mulesan,2,306,0.6535947712418301,1,ok
mun_ds,2,306,0.6535947712418301,1,ok
muramasa122,2,306,0.6535947712418301,1,ok
muro_0660,2,306,0.6535947712418301,1,ok
musa728,2,306,0.6535947712418301,1,ok
musibane0,2,306,0.6535947712418301,1,ok
mussan0909,2,306,0.6535947712418301,1,ok
mutsuki501,2,306,0.6535947712418301,1,ok
muucyo98,2,306,0.6535947712418301,1,ok
muushin1,2,306,0.6535947712418301,1,ok
myabi_jing,2,306,0.6535947712418301,1,ok
myb_0304,2,306,0.6535947712418301,1,ok
mycl_rosier,2,306,0.6535947712418301,1,ok
mycm0530,2,306,0.6535947712418301,1,ok
mynameisdove3,2,306,0.6535947712418301,1,ok
myun_SIF,2,306,0.6535947712418301,1,ok
myye_sound,2,306,0.6535947712418301,1,ok
mzk_DX_3528,2,306,0.6535947712418301,1,ok
n11_nyu,2,306,0.6535947712418301,1,ok
n4__6k,2,306,0.6535947712418301,1,ok
N_201,2,306,0.6535947712418301,1,ok
n_____eko,2,306,0.6535947712418301,1,ok
n_a_80,2,306,0.6535947712418301,1,ok
n_m_923,2,306,0.6535947712418301,1,ok
N_sny0219,2,306,0.6535947712418301,1,ok
n_titippai,2,306,0.6535947712418301,1,ok
NA2CpoWqT11JCtV,2,306,0.6535947712418301,1,ok
na_mi_p,2,306,0.6535947712418301,1,ok
na_mo813,2,306,0.6535947712418301,1,ok
Na_Yu,2,306,0.6535947712418301,1,ok
Nabata_imas,2,306,0.6535947712418301,1,ok
naca_nyan,2,306,0.6535947712418301,1,ok
naga_LTW,2,306,0.6535947712418301,1,ok
nagadon21,2,306,0.6535947712418301,1,ok
nagamatsu104,2,306,0.6535947712418301,1,ok
nagame_tsuki,2,306,0.6535947712418301,1,ok
Nagisap_im,2,306,0.6535947712418301,1,ok
nagisayukarin,2,306,0.6535947712418301,1,ok
nagomin_210,2,306,0.6535947712418301,1,ok
nahcnuj_,2,306,0.6535947712418301,1,ok
nai_Pace_e_Bene,2,306,0.6535947712418301,1,ok
nakaichomin,2,306,0.6535947712418301,1,ok
nakataf91,2,306,0.6535947712418301,1,ok
nakatak_,2,306,0.6535947712418301,1,ok
nama_bi_chan,2,306,0.6535947712418301,1,ok
namaco43,2,306,0.6535947712418301,1,ok
namagome1,2,306,0.6535947712418301,1,ok
nameko_238,2,306,0.6535947712418301,1,ok
nan_nan_38,2,306,0.6535947712418301,1,ok
nana219,2,306,0.6535947712418301,1,ok
nana_0519,2,306,0.6535947712418301,1,ok
nanajigen,2,306,0.6535947712418301,1,ok
Nanako_wug,2,306,0.6535947712418301,1,ok
nanaya1974,2,306,0.6535947712418301,1,ok
nanayukarin,2,306,0.6535947712418301,1,ok
Nannchan_1,2,306,0.6535947712418301,1,ok
nannnotame,2,306,0.6535947712418301,1,ok
nanodayo77,2,306,0.6535947712418301,1,ok
nanomehere,2,306,0.6535947712418301,1,ok
nao_396_kaya,2,306,0.6535947712418301,1,ok
Naofuri_yryr,2,306,0.6535947712418301,1,ok
naog28,2,306,0.6535947712418301,1,ok
narakoutu_main,2,306,0.6535947712418301,1,ok
nario_ne,2,306,0.6535947712418301,1,ok
naru_kudryavka,2,306,0.6535947712418301,1,ok
naruchan_9107,2,306,0.6535947712418301,1,ok
narukane17191,2,306,0.6535947712418301,1,ok
narunau,2,306,0.6535947712418301,1,ok
nasubin_,2,306,0.6535947712418301,1,ok
nasukasky,2,306,0.6535947712418301,1,ok
NATSU_PLT,2,306,0.6535947712418301,1,ok
natsuki0072,2,306,0.6535947712418301,1,ok
natsuki0818,2,306,0.6535947712418301,1,ok
natuki_hapirapi,2,306,0.6535947712418301,1,ok
natuomo,2,306,0.6535947712418301,1,ok
navi_yy,2,306,0.6535947712418301,1,ok
nayuc_P,2,306,0.6535947712418301,1,ok
Nazaa1,2,306,0.6535947712418301,1,ok
nbr17,2,306,0.6535947712418301,1,ok
nc_ay107,2,306,0.6535947712418301,1,ok
ndk_89,2,306,0.6535947712418301,1,ok
ndkipe,2,306,0.6535947712418301,1,ok
nebou_yu,2,306,0.6535947712418301,1,ok
Negicha0227,2,306,0.6535947712418301,1,ok
negicola,2,306,0.6535947712418301,1,ok
neiro11201222,2,306,0.6535947712418301,1,ok
nek72,2,306,0.6535947712418301,1,ok
neko_yozora,2,306,0.6535947712418301,1,ok
nekotower,2,306,0.6535947712418301,1,ok
NeLLwinwin,2,306,0.6535947712418301,1,ok
NeLLwinwin2,2,306,0.6535947712418301,1,ok
nelnel0718,2,306,0.6535947712418301,1,ok
nemashu___,2,306,0.6535947712418301,1,ok
nerinesia,2,306,0.6535947712418301,1,ok
neu_BPM199,2,306,0.6535947712418301,1,ok
nevergi13550100,2,306,0.6535947712418301,1,ok
newhora509,2,306,0.6535947712418301,1,ok
neyager3,2,306,0.6535947712418301,1,ok
nezumi_0000,2,306,0.6535947712418301,1,ok
ngsk66,2,306,0.6535947712418301,1,ok
NHK610NY,2,306,0.6535947712418301,1,ok
nic5252,2,306,0.6535947712418301,1,ok
nigerion,2,306,0.6535947712418301,1,ok
Night_I4th,2,306,0.6535947712418301,1,ok
nightskystar7,2,306,0.6535947712418301,1,ok
nigiri333,2,306,0.6535947712418301,1,ok
nijo29,2,306,0.6535947712418301,1,ok
nike_yu_floflo,2,306,0.6535947712418301,1,ok
niki_2nd,2,306,0.6535947712418301,1,ok
nikonifanclud,2,306,0.6535947712418301,1,ok
nikoyazawa0826,2,306,0.6535947712418301,1,ok
nikukyu_pon,2,306,0.6535947712418301,1,ok
NiMH009,2,306,0.6535947712418301,1,ok
NinjaExpress,2,306,0.6535947712418301,1,ok
ninomana617,2,306,0.6535947712418301,1,ok
nisenise888,2,306,0.6535947712418301,1,ok
NISHITANI01,2,306,0.6535947712418301,1,ok
nisusoso,2,306,0.6535947712418301,1,ok
nitarane,2,306,0.6535947712418301,1,ok
niwa__shagala,2,306,0.6535947712418301,1,ok
niwakachou00,2,306,0.6535947712418301,1,ok
njy8eycshd_0216,2,306,0.6535947712418301,1,ok
nk14nh,2,306,0.6535947712418301,1,ok
nk_ayat,2,306,0.6535947712418301,1,ok
nknk7000,2,306,0.6535947712418301,1,ok
nkxxy,2,306,0.6535947712418301,1,ok
nkzn_NECO,2,306,0.6535947712418301,1,ok
nm7_kakky,2,306,0.6535947712418301,1,ok
nm_yy35fnys,2,306,0.6535947712418301,1,ok
nnnn__,2,306,0.6535947712418301,1,ok
nnnn_m,2,306,0.6535947712418301,1,ok
No_Name_250506,2,306,0.6535947712418301,1,ok
no_tamurasan,2,306,0.6535947712418301,1,ok
nok0via15,2,306,0.6535947712418301,1,ok
nokotaruto,2,306,0.6535947712418301,1,ok
nomoretears_rh,2,306,0.6535947712418301,1,ok
nonano___,2,306,0.6535947712418301,1,ok
nonneee,2,306,0.6535947712418301,1,ok
nop757,2,306,0.6535947712418301,1,ok
Norakuro,2,306,0.6535947712418301,1,ok
nosancho_,2,306,0.6535947712418301,1,ok
Nota2222,2,306,0.6535947712418301,1,ok
noutan0506,2,306,0.6535947712418301,1,ok
nozo_live,2,306,0.6535947712418301,1,ok
NP_evt,2,306,0.6535947712418301,1,ok
Npori22,2,306,0.6535947712418301,1,ok
nrino,2,306,0.6535947712418301,1,ok
nui_10314,2,306,0.6535947712418301,1,ok
nukorush,2,306,0.6535947712418301,1,ok
numa_224,2,306,0.6535947712418301,1,ok
nuo_nuo_,2,306,0.6535947712418301,1,ok
Nuxtra_,2,306,0.6535947712418301,1,ok
nv_alk,2,306,0.6535947712418301,1,ok
ny7099ny,2,306,0.6535947712418301,1,ok
ny996488,2,306,0.6535947712418301,1,ok
nyaraele,2,306,0.6535947712418301,1,ok
nyoronyoro1211,2,306,0.6535947712418301,1,ok
nyororium,2,306,0.6535947712418301,1,ok
nyyasth07,2,306,0.6535947712418301,1,ok
O4l4O,2,306,0.6535947712418301,1,ok
o93o_s2,2,306,0.6535947712418301,1,ok
ocd_cjnv__kkY_R,2,306,0.6535947712418301,1,ok
octy0910,2,306,0.6535947712418301,1,ok
oden10210919,2,306,0.6535947712418301,1,ok
ohashimiku0625,2,306,0.6535947712418301,1,ok
OiDon_PaP,2,306,0.6535947712418301,1,ok
OimoyaM,2,306,0.6535947712418301,1,ok
okabe_3,2,306,0.6535947712418301,1,ok
okapa_future,2,306,0.6535947712418301,1,ok
okaryo_5strings,2,306,0.6535947712418301,1,ok
okayu_nabe,2,306,0.6535947712418301,1,ok
okayunosuke,2,306,0.6535947712418301,1,ok
okiraku64,2,306,0.6535947712418301,1,ok
okitat,2,306,0.6535947712418301,1,ok
okkiy,2,306,0.6535947712418301,1,ok
okoabc,2,306,0.6535947712418301,1,ok
okometteiina,2,306,0.6535947712418301,1,ok
omahc_chamo,2,306,0.6535947712418301,1,ok
omega.1412.4869,2,306,0.6535947712418301,1,ok
omelet_25,2,306,0.6535947712418301,1,ok
omen_am,2,306,0.6535947712418301,1,ok
omltric53,2,306,0.6535947712418301,1,ok
omtb72,2,306,0.6535947712418301,1,ok
OniAi,2,306,0.6535947712418301,1,ok
oochan1108,2,306,0.6535947712418301,1,ok
Oooooga_,2,306,0.6535947712418301,1,ok
ootorimonaha,2,306,0.6535947712418301,1,ok
open2002,2,306,0.6535947712418301,1,ok
opt000,2,306,0.6535947712418301,1,ok
opus_nmthk,2,306,0.6535947712418301,1,ok
orippe708,2,306,0.6535947712418301,1,ok
osgt1990,2,306,0.6535947712418301,1,ok
oshiAOnon,2,306,0.6535947712418301,1,ok
otaglefis,2,306,0.6535947712418301,1,ok
otaku_cocotama,2,306,0.6535947712418301,1,ok
Otaku_ga_Kirai,2,306,0.6535947712418301,1,ok
otaku_otakudes,2,306,0.6535947712418301,1,ok
otokomichi841,2,306,0.6535947712418301,1,ok
otsukenn,2,306,0.6535947712418301,1,ok
otto_tnsj,2,306,0.6535947712418301,1,ok
Ouka_0173,2,306,0.6535947712418301,1,ok
OXYGEN1184,2,306,0.6535947712418301,1,ok
oyadosu,2,306,0.6535947712418301,1,ok
oyasuminasan_,2,306,0.6535947712418301,1,ok
OzayutaZZ,2,306,0.6535947712418301,1,ok
ozoz0724,2,306,0.6535947712418301,1,ok
OZSFtx7BUuydIrM,2,306,0.6535947712418301,1,ok
ozubonbon,2,306,0.6535947712418301,1,ok
P0EMp2,2,306,0.6535947712418301,1,ok
p0T0q_15,2,306,0.6535947712418301,1,ok
p4696q,2,306,0.6535947712418301,1,ok
P60158533,2,306,0.6535947712418301,1,ok
P_Carami,2,306,0.6535947712418301,1,ok
P_FUJIS,2,306,0.6535947712418301,1,ok
p_fuso,2,306,0.6535947712418301,1,ok
p_rbiim_,2,306,0.6535947712418301,1,ok
P_tan27,2,306,0.6535947712418301,1,ok
PadIzayoi,2,306,0.6535947712418301,1,ok
paiguchi_nk18,2,306,0.6535947712418301,1,ok
pamchanp,2,306,0.6535947712418301,1,ok
pancake_sukip,2,306,0.6535947712418301,1,ok
pannnyaman,2,306,0.6535947712418301,1,ok
panshiva15,2,306,0.6535947712418301,1,ok
pantu_panty,2,306,0.6535947712418301,1,ok
papichirun,2,306,0.6535947712418301,1,ok
parade828,2,306,0.6535947712418301,1,ok
paragasu_yryr,2,306,0.6535947712418301,1,ok
Pastel_hh,2,306,0.6535947712418301,1,ok
pbt_1024,2,306,0.6535947712418301,1,ok
pcrlotpR7yC3zS6,2,306,0.6535947712418301,1,ok
PCS_pyonkichi,2,306,0.6535947712418301,1,ok
peace_lovelive,2,306,0.6535947712418301,1,ok
pegasus1109,2,306,0.6535947712418301,1,ok
pekopekorincho,2,306,0.6535947712418301,1,ok
penpenpenpenmac,2,306,0.6535947712418301,1,ok
PerfectGreen7,2,306,0.6535947712418301,1,ok
persona1990,2,306,0.6535947712418301,1,ok
phantasia_lpql,2,306,0.6535947712418301,1,ok
pier_cast_7183,2,306,0.6535947712418301,1,ok
pikapikapikalin,2,306,0.6535947712418301,1,ok
pikkarigoke,2,306,0.6535947712418301,1,ok
Pikselek_LL,2,306,0.6535947712418301,1,ok
pirakuma_aya,2,306,0.6535947712418301,1,ok
pirosail,2,306,0.6535947712418301,1,ok
pisuko1228,2,306,0.6535947712418301,1,ok
pitororon344,2,306,0.6535947712418301,1,ok
pkeiwu,2,306,0.6535947712418301,1,ok
Pks,2,306,0.6535947712418301,1,ok
pksk11111,2,306,0.6535947712418301,1,ok
plan150,2,306,0.6535947712418301,1,ok
plushana_,2,306,0.6535947712418301,1,ok
plzza_techrori,2,306,0.6535947712418301,1,ok
pmsr16y,2,306,0.6535947712418301,1,ok
pnuts_nori,2,306,0.6535947712418301,1,ok
po_sato,2,306,0.6535947712418301,1,ok
pochi0352,2,306,0.6535947712418301,1,ok
poipoyo,2,306,0.6535947712418301,1,ok
poison211,2,306,0.6535947712418301,1,ok
polaris77_,2,306,0.6535947712418301,1,ok
polcadotstingry,2,306,0.6535947712418301,1,ok
pom3_fiva,2,306,0.6535947712418301,1,ok
pon0619__,2,306,0.6535947712418301,1,ok
pon15th,2,306,0.6535947712418301,1,ok
pon_aityan,2,306,0.6535947712418301,1,ok
ponponpon_,2,306,0.6535947712418301,1,ok
pontoropu,2,306,0.6535947712418301,1,ok
pooh983jp,2,306,0.6535947712418301,1,ok
poorside,2,306,0.6535947712418301,1,ok
pope_003,2,306,0.6535947712418301,1,ok
pope_003_1,2,306,0.6535947712418301,1,ok
popopon1958,2,306,0.6535947712418301,1,ok
PoRin125,2,306,0.6535947712418301,1,ok
poruxporu,2,306,0.6535947712418301,1,ok
poter0104,2,306,0.6535947712418301,1,ok
ppanda96,2,306,0.6535947712418301,1,ok
ppp__n,2,306,0.6535947712418301,1,ok
pq146,2,306,0.6535947712418301,1,ok
prailskno,2,306,0.6535947712418301,1,ok
prayerstown,2,306,0.6535947712418301,1,ok
Prd_Himekawa,2,306,0.6535947712418301,1,ok
princesscurepea,2,306,0.6535947712418301,1,ok
princessrose_yu,2,306,0.6535947712418301,1,ok
PriparaToon,2,306,0.6535947712418301,1,ok
producefuck,2,306,0.6535947712418301,1,ok
pru_kun,2,306,0.6535947712418301,1,ok
psgameDX,2,306,0.6535947712418301,1,ok
psyche_konkon,2,306,0.6535947712418301,1,ok
ptitsa00,2,306,0.6535947712418301,1,ok
PTRS_1941,2,306,0.6535947712418301,1,ok
ptsize21,2,306,0.6535947712418301,1,ok
pu_ll_shit,2,306,0.6535947712418301,1,ok
putinekokkv2,2,306,0.6535947712418301,1,ok
pyonpyonchino,2,306,0.6535947712418301,1,ok
Pyxis_party,2,306,0.6535947712418301,1,ok
qhrxe,2,306,0.6535947712418301,1,ok
QmaKoh,2,306,0.6535947712418301,1,ok
qurumboon,2,306,0.6535947712418301,1,ok
R0mance_Kiss,2,306,0.6535947712418301,1,ok
r1e8M,2,306,0.6535947712418301,1,ok
R3nt0,2,306,0.6535947712418301,1,ok
R_e_a_v_e,2,306,0.6535947712418301,1,ok
r_i_a_tota,2,306,0.6535947712418301,1,ok
R_O_colrS,2,306,0.6535947712418301,1,ok
R_TanakaP,2,306,0.6535947712418301,1,ok
ra_s_417,2,306,0.6535947712418301,1,ok
rain_clatto,2,306,0.6535947712418301,1,ok
rainbowdolltoo,2,306,0.6535947712418301,1,ok
Raiser_lvlv_gd,2,306,0.6535947712418301,1,ok
Raisingxlion,2,306,0.6535947712418301,1,ok
raito1867,2,306,0.6535947712418301,1,ok
Rakko_SO,2,306,0.6535947712418301,1,ok
rakkyo,2,306,0.6535947712418301,1,ok
RallyGoRound,2,306,0.6535947712418301,1,ok
ramosusomar,2,306,0.6535947712418301,1,ok
rashumite,2,306,0.6535947712418301,1,ok
rasio12,2,306,0.6535947712418301,1,ok
raul07_ds,2,306,0.6535947712418301,1,ok
Rayn_Inc114,2,306,0.6535947712418301,1,ok
rbbex,2,306,0.6535947712418301,1,ok
Rea_f,2,306,0.6535947712418301,1,ok
Realize_aoki_RR,2,306,0.6535947712418301,1,ok
rec_support,2,306,0.6535947712418301,1,ok
Red_bear004,2,306,0.6535947712418301,1,ok
Redmorkn0222,2,306,0.6535947712418301,1,ok
regor_812,2,306,0.6535947712418301,1,ok
rein_579,2,306,0.6535947712418301,1,ok
Rek__zp,2,306,0.6535947712418301,1,ok
relaije,2,306,0.6535947712418301,1,ok
Releng2,2,306,0.6535947712418301,1,ok
REmikoto__style,2,306,0.6535947712418301,1,ok
Remikoto_Style,2,306,0.6535947712418301,1,ok
remuslai212,2,306,0.6535947712418301,1,ok
ren_jak,2,306,0.6535947712418301,1,ok
Renato39live,2,306,0.6535947712418301,1,ok
renken9050,2,306,0.6535947712418301,1,ok
retara_9531,2,306,0.6535947712418301,1,ok
retirement0612,2,306,0.6535947712418301,1,ok
retosu,2,306,0.6535947712418301,1,ok
rexirisa,2,306,0.6535947712418301,1,ok
rge_wug,2,306,0.6535947712418301,1,ok
rhino7hornet,2,306,0.6535947712418301,1,ok
rht_hymn,2,306,0.6535947712418301,1,ok
ri_gao_ren,2,306,0.6535947712418301,1,ok
ri_o_ohana,2,306,0.6535947712418301,1,ok
ria_0213nk,2,306,0.6535947712418301,1,ok
ricefarmer07,2,306,0.6535947712418301,1,ok
Riesrip,2,306,0.6535947712418301,1,ok
riji_otoge,2,306,0.6535947712418301,1,ok
Rika_PinkBerry,2,306,0.6535947712418301,1,ok
RikaJougasaki_P,2,306,0.6535947712418301,1,ok
Rikuri_kujo,2,306,0.6535947712418301,1,ok
rin_sun36,2,306,0.6535947712418301,1,ok
rinanyan818,2,306,0.6535947712418301,1,ok
ringo_guhuhu,2,306,0.6535947712418301,1,ok
rinsyan_bb,2,306,0.6535947712418301,1,ok
riri0801ana,2,306,0.6535947712418301,1,ok
rise_rakuten10,2,306,0.6535947712418301,1,ok
rivoruhahonoki1,2,306,0.6535947712418301,1,ok
Riza_don06,2,306,0.6535947712418301,1,ok
rmmgogurayui,2,306,0.6535947712418301,1,ok
ro_kashii,2,306,0.6535947712418301,1,ok
Robertopure,2,306,0.6535947712418301,1,ok
robo3456,2,306,0.6535947712418301,1,ok
rockohenyan,2,306,0.6535947712418301,1,ok
rockstarxx7,2,306,0.6535947712418301,1,ok
Roki_oumsn,2,306,0.6535947712418301,1,ok
rokudou_ss,2,306,0.6535947712418301,1,ok
romel_0315umi,2,306,0.6535947712418301,1,ok
roronasensei,2,306,0.6535947712418301,1,ok
routrick,2,306,0.6535947712418301,1,ok
roxas00,2,306,0.6535947712418301,1,ok
Royalty_5S,2,306,0.6535947712418301,1,ok
rozinfo0601,2,306,0.6535947712418301,1,ok
RPGuser,2,306,0.6535947712418301,1,ok
Rs53W,2,306,0.6535947712418301,1,ok
rsbJACK1,2,306,0.6535947712418301,1,ok
Rt427,2,306,0.6535947712418301,1,ok
rtwl0811,2,306,0.6535947712418301,1,ok
RufiNa_1228,2,306,0.6535947712418301,1,ok
ruka4989,2,306,0.6535947712418301,1,ok
rumraisin_kyoko,2,306,0.6535947712418301,1,ok
run_mk2,2,306,0.6535947712418301,1,ok
running_moyashi,2,306,0.6535947712418301,1,ok
rurikr,2,306,0.6535947712418301,1,ok
rurun_elu,2,306,0.6535947712418301,1,ok
rutoneasfpc,2,306,0.6535947712418301,1,ok
Rxx1xxD,2,306,0.6535947712418301,1,ok
ry_ma440k,2,306,0.6535947712418301,1,ok
ryo1202inr,2,306,0.6535947712418301,1,ok
ryo1__0323,2,306,0.6535947712418301,1,ok
ryo5963,2,306,0.6535947712418301,1,ok
ryo_666_,2,306,0.6535947712418301,1,ok
ryoh2krse,2,306,0.6535947712418301,1,ok
ryotaro_meikose,2,306,0.6535947712418301,1,ok
ryoujihage,2,306,0.6535947712418301,1,ok
Ryouma01222L,2,306,0.6535947712418301,1,ok
rysuv2,2,306,0.6535947712418301,1,ok
ryu_1762,2,306,0.6535947712418301,1,ok
ryu_mss7,2,306,0.6535947712418301,1,ok
ryu_seisei,2,306,0.6535947712418301,1,ok
ryu_tan1919,2,306,0.6535947712418301,1,ok
Ryuji_ARIA,2,306,0.6535947712418301,1,ok
Ryuka429,2,306,0.6535947712418301,1,ok
ryukition,2,306,0.6535947712418301,1,ok
ryuuu_wugner,2,306,0.6535947712418301,1,ok
Ryuzaki_mk,2,306,0.6535947712418301,1,ok
s1030xxx,2,306,0.6535947712418301,1,ok
S2pvd_mv,2,306,0.6535947712418301,1,ok
s2Ryo28,2,306,0.6535947712418301,1,ok
s331s_____xxx,2,306,0.6535947712418301,1,ok
S408,2,306,0.6535947712418301,1,ok
s_36ao,2,306,0.6535947712418301,1,ok
s__ana1,2,306,0.6535947712418301,1,ok
s_fdroeme,2,306,0.6535947712418301,1,ok
S_GENO,2,306,0.6535947712418301,1,ok
s_kaji,2,306,0.6535947712418301,1,ok
s_learn,2,306,0.6535947712418301,1,ok
s_mwml,2,306,0.6535947712418301,1,ok
sa___ra,2,306,0.6535947712418301,1,ok
sa_lucky_clover,2,306,0.6535947712418301,1,ok
sa_smdy_,2,306,0.6535947712418301,1,ok
saaachan1990,2,306,0.6535947712418301,1,ok
sababanbam,2,306,0.6535947712418301,1,ok
sabacoo,2,306,0.6535947712418301,1,ok
sachan1128,2,306,0.6535947712418301,1,ok
sachan_13,2,306,0.6535947712418301,1,ok
sacosaco32,2,306,0.6535947712418301,1,ok
Sada_prof,2,306,0.6535947712418301,1,ok
sadum33,2,306,0.6535947712418301,1,ok
saenaiHERO103,2,306,0.6535947712418301,1,ok
SageChan000,2,306,0.6535947712418301,1,ok
sail14_cho,2,306,0.6535947712418301,1,ok
Sailkawaii,2,306,0.6535947712418301,1,ok
saizou34345,2,306,0.6535947712418301,1,ok
Sakazukin_gay,2,306,0.6535947712418301,1,ok
sakincho0909,2,306,0.6535947712418301,1,ok
saktom,2,306,0.6535947712418301,1,ok
Sakukooooo,2,306,0.6535947712418301,1,ok
Sakura__Amamiya,2,306,0.6535947712418301,1,ok
sakura_umechiyo,2,306,0.6535947712418301,1,ok
sakurasizuka,2,306,0.6535947712418301,1,ok
sakurawomiro,2,306,0.6535947712418301,1,ok
sakusakuda,2,306,0.6535947712418301,1,ok
salad386,2,306,0.6535947712418301,1,ok
salicyruno,2,306,0.6535947712418301,1,ok
saliva_pocha,2,306,0.6535947712418301,1,ok
sama.silver.star,2,306,0.6535947712418301,1,ok
sama139iii,2,306,0.6535947712418301,1,ok
samalyn,2,306,0.6535947712418301,1,ok
samauti0819,2,306,0.6535947712418301,1,ok
SamMakP_,2,306,0.6535947712418301,1,ok
samuinaka,2,306,0.6535947712418301,1,ok
sanaconbu,2,306,0.6535947712418301,1,ok
Sandome3,2,306,0.6535947712418301,1,ok
saori_kaori,2,306,0.6535947712418301,1,ok
sappari_P_man_,2,306,0.6535947712418301,1,ok
sara_um12,2,306,0.6535947712418301,1,ok
saradana,2,306,0.6535947712418301,1,ok
sasa_mariri,2,306,0.6535947712418301,1,ok
Sasa_Melodic,2,306,0.6535947712418301,1,ok
sasaharashizuko,2,306,0.6535947712418301,1,ok
sasakama3939,2,306,0.6535947712418301,1,ok
sasakawata,2,306,0.6535947712418301,1,ok
sassy91110,2,306,0.6535947712418301,1,ok
sato9kado_sale,2,306,0.6535947712418301,1,ok
sato_imasan3104,2,306,0.6535947712418301,1,ok
Satoshi_Pokemon,2,306,0.6535947712418301,1,ok
saxist07,2,306,0.6535947712418301,1,ok
sayu2160,2,306,0.6535947712418301,1,ok
sayumayu,2,306,0.6535947712418301,1,ok
sazabi_demasu,2,306,0.6535947712418301,1,ok
sc0829c,2,306,0.6535947712418301,1,ok
ScharnShinyo,2,306,0.6535947712418301,1,ok
schedule,2,306,0.6535947712418301,1,ok
scsei,2,306,0.6535947712418301,1,ok
se_dragon_lll,2,306,0.6535947712418301,1,ok
sea_BBB,2,306,0.6535947712418301,1,ok
SEAL_DDR,2,306,0.6535947712418301,1,ok
seastar_117,2,306,0.6535947712418301,1,ok
segelnwu,2,306,0.6535947712418301,1,ok
SEIMEI1987,2,306,0.6535947712418301,1,ok
seiruru,2,306,0.6535947712418301,1,ok
seiu_0622,2,306,0.6535947712418301,1,ok
seiyu_is_virgin,2,306,0.6535947712418301,1,ok
sekdmgt,2,306,0.6535947712418301,1,ok
SempreSonhando_,2,306,0.6535947712418301,1,ok
senobi_wowowo,2,306,0.6535947712418301,1,ok
seounghyuk04,2,306,0.6535947712418301,1,ok
sepa_p,2,306,0.6535947712418301,1,ok
seribou_k,2,306,0.6535947712418301,1,ok
Seruyan_paopao,2,306,0.6535947712418301,1,ok
setsu_yuu,2,306,0.6535947712418301,1,ok
shahrih,2,306,0.6535947712418301,1,ok
shakiri02,2,306,0.6535947712418301,1,ok
shanghai_SAYMNZ,2,306,0.6535947712418301,1,ok
Shangri_La_53,2,306,0.6535947712418301,1,ok
shao46,2,306,0.6535947712418301,1,ok
sheep7203,2,306,0.6535947712418301,1,ok
sheepbeach23,2,306,0.6535947712418301,1,ok
sheliru_escape,2,306,0.6535947712418301,1,ok
sherooo,2,306,0.6535947712418301,1,ok
shevaclan,2,306,0.6535947712418301,1,ok
shi_nora,2,306,0.6535947712418301,1,ok
shibacchi06,2,306,0.6535947712418301,1,ok
shibafu_919,2,306,0.6535947712418301,1,ok
shichimirayu_yn,2,306,0.6535947712418301,1,ok
ShidoMeru,2,306,0.6535947712418301,1,ok
shiinayu,2,306,0.6535947712418301,1,ok
Shikami_suzu,2,306,0.6535947712418301,1,ok
shiki19951117,2,306,0.6535947712418301,1,ok
shilfol,2,306,0.6535947712418301,1,ok
shimacho_kun,2,306,0.6535947712418301,1,ok
SHIMONOHIRO421,2,306,0.6535947712418301,1,ok
Shindoi___Chan,2,306,0.6535947712418301,1,ok
shinesunkai,2,306,0.6535947712418301,1,ok
shingata_mira,2,306,0.6535947712418301,1,ok
shino_maaya,2,306,0.6535947712418301,1,ok
shinsuk41228836,2,306,0.6535947712418301,1,ok
Shiny_Yohane,2,306,0.6535947712418301,1,ok
shirogane2200,2,306,0.6535947712418301,1,ok
shironeko_38,2,306,0.6535947712418301,1,ok
shisoshisoP,2,306,0.6535947712418301,1,ok
shizuki,2,306,0.6535947712418301,1,ok
shobo_bon398,2,306,0.6535947712418301,1,ok
shochindayo,2,306,0.6535947712418301,1,ok
sholmes,2,306,0.6535947712418301,1,ok
shounenheroine,2,306,0.6535947712418301,1,ok
ShrineNon,2,306,0.6535947712418301,1,ok
shufasan,2,306,0.6535947712418301,1,ok
shuhei_inorin,2,306,0.6535947712418301,1,ok
shun_1218,2,306,0.6535947712418301,1,ok
shuttle1388,2,306,0.6535947712418301,1,ok
side_Moon,2,306,0.6535947712418301,1,ok
siga117612,2,306,0.6535947712418301,1,ok
sight_sk,2,306,0.6535947712418301,1,ok
sigunamu07,2,306,0.6535947712418301,1,ok
silicon_volley,2,306,0.6535947712418301,1,ok
sin_inori_yui,2,306,0.6535947712418301,1,ok
sinoyui87,2,306,0.6535947712418301,1,ok
sio_nacl,2,306,0.6535947712418301,1,ok
siochan42,2,306,0.6535947712418301,1,ok
sippo_A_yuzak,2,306,0.6535947712418301,1,ok
siratama_hakua,2,306,0.6535947712418301,1,ok
Sirius_Gianduja,2,306,0.6535947712418301,1,ok
sirokuro_cat7,2,306,0.6535947712418301,1,ok
sisirisu,2,306,0.6535947712418301,1,ok
sk_it2,2,306,0.6535947712418301,1,ok
skayiri,2,306,0.6535947712418301,1,ok
skeleton_1126,2,306,0.6535947712418301,1,ok
skm_os_re_lwa,2,306,0.6535947712418301,1,ok
SLAPPPH,2,306,0.6535947712418301,1,ok
slip0110,2,306,0.6535947712418301,1,ok
slms_ht,2,306,0.6535947712418301,1,ok
slot_ri,2,306,0.6535947712418301,1,ok
slotmoe8284,2,306,0.6535947712418301,1,ok
sm,2,306,0.6535947712418301,1,ok
Smiling_Maaya,2,306,0.6535947712418301,1,ok
SMUMinase,2,306,0.6535947712418301,1,ok
sn_tn,2,306,0.6535947712418301,1,ok
snkgad,2,306,0.6535947712418301,1,ok
snnk1018,2,306,0.6535947712418301,1,ok
snoopy_show,2,306,0.6535947712418301,1,ok
snoopy_thankyou,2,306,0.6535947712418301,1,ok
snow_pok,2,306,0.6535947712418301,1,ok
Snowman29,2,306,0.6535947712418301,1,ok
snowsakuya,2,306,0.6535947712418301,1,ok
snrotsn,2,306,0.6535947712418301,1,ok
so1_pp,2,306,0.6535947712418301,1,ok
SO421_,2,306,0.6535947712418301,1,ok
soar2718a,2,306,0.6535947712418301,1,ok
soccer310p,2,306,0.6535947712418301,1,ok
soda44875,2,306,0.6535947712418301,1,ok
soft_tmnyam,2,306,0.6535947712418301,1,ok
soisosu930,2,306,0.6535947712418301,1,ok
soleil_goro,2,306,0.6535947712418301,1,ok
some400zwei,2,306,0.6535947712418301,1,ok
sonoda_kotori,2,306,0.6535947712418301,1,ok
sontyotyo,2,306,0.6535947712418301,1,ok
sora_sun_7,2,306,0.6535947712418301,1,ok
sorairo2,2,306,0.6535947712418301,1,ok
sorairo_piece,2,306,0.6535947712418301,1,ok
SoranpRiA,2,306,0.6535947712418301,1,ok
soro_dq10fc,2,306,0.6535947712418301,1,ok
soroki00,2,306,0.6535947712418301,1,ok
sorutol_l,2,306,0.6535947712418301,1,ok
SoSeiji_touhoku,2,306,0.6535947712418301,1,ok
spemaha,2,306,0.6535947712418301,1,ok
sphere_htt,2,306,0.6535947712418301,1,ok
sphere_m2,2,306,0.6535947712418301,1,ok
Sphr7k,2,306,0.6535947712418301,1,ok
spirytus0772,2,306,0.6535947712418301,1,ok
spmyn,2,306,0.6535947712418301,1,ok
sport_game_gao,2,306,0.6535947712418301,1,ok
sr_chiro_Tr,2,306,0.6535947712418301,1,ok
sr_p030y,2,306,0.6535947712418301,1,ok
sryr398,2,306,0.6535947712418301,1,ok
ssss_00_00,2,306,0.6535947712418301,1,ok
ssvlace295,2,306,0.6535947712418301,1,ok
ssymnemeyps,2,306,0.6535947712418301,1,ok
St_1rounin,2,306,0.6535947712418301,1,ok
st__mn,2,306,0.6535947712418301,1,ok
st_p16c,2,306,0.6535947712418301,1,ok
st_simon1010,2,306,0.6535947712418301,1,ok
Star_____Divine,2,306,0.6535947712418301,1,ok
STAR_BEAT___,2,306,0.6535947712418301,1,ok
star_kirby,2,306,0.6535947712418301,1,ok
startaiI,2,306,0.6535947712418301,1,ok
stcan0103,2,306,0.6535947712418301,1,ok
stefami252521,2,306,0.6535947712418301,1,ok
stmebius,2,306,0.6535947712418301,1,ok
stoon_pin,2,306,0.6535947712418301,1,ok
storya14766,2,306,0.6535947712418301,1,ok
strawberry1522,2,306,0.6535947712418301,1,ok
straysheep_54,2,306,0.6535947712418301,1,ok
Strummer_1216,2,306,0.6535947712418301,1,ok
Stylrvalley,2,306,0.6535947712418301,1,ok
sugi_0503,2,306,0.6535947712418301,1,ok
sugiura132,2,306,0.6535947712418301,1,ok
sui_miy,2,306,0.6535947712418301,1,ok
suishin,2,306,0.6535947712418301,1,ok
Suito_Shuka,2,306,0.6535947712418301,1,ok
SUKYARU_,2,306,0.6535947712418301,1,ok
sun1019,2,306,0.6535947712418301,1,ok
sunao_min_min,2,306,0.6535947712418301,1,ok
sundai_omiya,2,306,0.6535947712418301,1,ok
sunlive_kiseki,2,306,0.6535947712418301,1,ok
supa_o,2,306,0.6535947712418301,1,ok
superkameyaman2,2,306,0.6535947712418301,1,ok
SuperLOVE_LIVE,2,306,0.6535947712418301,1,ok
superxnovaxxx,2,306,0.6535947712418301,1,ok
susususuarez,2,306,0.6535947712418301,1,ok
suu_0711,2,306,0.6535947712418301,1,ok
suzukin_uri,2,306,0.6535947712418301,1,ok
suzumaeri,2,306,0.6535947712418301,1,ok
SuzuNemoAiNa,2,306,0.6535947712418301,1,ok
suzuran1401,2,306,0.6535947712418301,1,ok
sweet__treasure,2,306,0.6535947712418301,1,ok
sws_wabi,2,306,0.6535947712418301,1,ok
syaba101,2,306,0.6535947712418301,1,ok
Syan_765P,2,306,0.6535947712418301,1,ok
syebgoadw,2,306,0.6535947712418301,1,ok
Syo_Ta_TEN,2,306,0.6535947712418301,1,ok
syoheis308,2,306,0.6535947712418301,1,ok
syouikusei,2,306,0.6535947712418301,1,ok
syu2,2,306,0.6535947712418301,1,ok
syu_go_nino,2,306,0.6535947712418301,1,ok
syupo0524,2,306,0.6535947712418301,1,ok
SyuraNyako,2,306,0.6535947712418301,1,ok
t.kazuhisa0814,2,306,0.6535947712418301,1,ok
t350gt,2,306,0.6535947712418301,1,ok
t_a_m_a_b_0_k_0,2,306,0.6535947712418301,1,ok
t_d_k_z,2,306,0.6535947712418301,1,ok
t_fjsk,2,306,0.6535947712418301,1,ok
t_tan_1227,2,306,0.6535947712418301,1,ok
T_vege,2,306,0.6535947712418301,1,ok
TA_NN_,2,306,0.6535947712418301,1,ok
tabo_qd,2,306,0.6535947712418301,1,ok
tadokorock,2,306,0.6535947712418301,1,ok
tagakagepuro,2,306,0.6535947712418301,1,ok
tagx4u2pn,2,306,0.6535947712418301,1,ok
taiga_azusa,2,306,0.6535947712418301,1,ok
TaihouSS,2,306,0.6535947712418301,1,ok
taiki_inori37,2,306,0.6535947712418301,1,ok
TAILW1ND,2,306,0.6535947712418301,1,ok
taja6blow,2,306,0.6535947712418301,1,ok
taka11_2,2,306,0.6535947712418301,1,ok
takabon0327,2,306,0.6535947712418301,1,ok
takacha34,2,306,0.6535947712418301,1,ok
Takafoi,2,306,0.6535947712418301,1,ok
takahashikun127,2,306,0.6535947712418301,1,ok
takak39269532,2,306,0.6535947712418301,1,ok
takap2,2,306,0.6535947712418301,1,ok
takatea,2,306,0.6535947712418301,1,ok
takeru855,2,306,0.6535947712418301,1,ok
Takeson1996,2,306,0.6535947712418301,1,ok
taketookski4010,2,306,0.6535947712418301,1,ok
Taketota_189,2,306,0.6535947712418301,1,ok
taki__nana__,2,306,0.6535947712418301,1,ok
takikun,2,306,0.6535947712418301,1,ok
takowasa_yk_1,2,306,0.6535947712418301,1,ok
takumi_P,2,306,0.6535947712418301,1,ok
takumin_Suprout,2,306,0.6535947712418301,1,ok
Takumiso0527,2,306,0.6535947712418301,1,ok
takuro_fk,2,306,0.6535947712418301,1,ok
tama_4792,2,306,0.6535947712418301,1,ok
tama_BOL,2,306,0.6535947712418301,1,ok
Tamashari,2,306,0.6535947712418301,1,ok
tamulin,2,306,0.6535947712418301,1,ok
tanabe114514,2,306,0.6535947712418301,1,ok
Tanashiri,2,306,0.6535947712418301,1,ok
Tancemamo,2,306,0.6535947712418301,1,ok
taniaxia,2,306,0.6535947712418301,1,ok
tanigawa_II,2,306,0.6535947712418301,1,ok
tanitanihambarg,2,306,0.6535947712418301,1,ok
tantakatana,2,306,0.6535947712418301,1,ok
tanu_0210,2,306,0.6535947712418301,1,ok
tarahuchan,2,306,0.6535947712418301,1,ok
tarbou_w,2,306,0.6535947712418301,1,ok
TaROooO__o,2,306,0.6535947712418301,1,ok
tarosuxx,2,306,0.6535947712418301,1,ok
tas_ive,2,306,0.6535947712418301,1,ok
tatsu__1129,2,306,0.6535947712418301,1,ok
Tatsuya_san_W,2,306,0.6535947712418301,1,ok
taucetus,2,306,0.6535947712418301,1,ok
te2tak_1010,2,306,0.6535947712418301,1,ok
tea07,2,306,0.6535947712418301,1,ok
teafal_,2,306,0.6535947712418301,1,ok
teahfl,2,306,0.6535947712418301,1,ok
Teaz_kiara8,2,306,0.6535947712418301,1,ok
tefez8,2,306,0.6535947712418301,1,ok
teketekesdream,2,306,0.6535947712418301,1,ok
tekitouotoko_02,2,306,0.6535947712418301,1,ok
Temall_hob,2,306,0.6535947712418301,1,ok
Ten_Amamiya,2,306,0.6535947712418301,1,ok
tennen_nuooo,2,306,0.6535947712418301,1,ok
tensfaqtory,2,306,0.6535947712418301,1,ok
tentimakai,2,306,0.6535947712418301,1,ok
terataku1004,2,306,0.6535947712418301,1,ok
Teresa4476,2,306,0.6535947712418301,1,ok
teryun_c,2,306,0.6535947712418301,1,ok
tetsu_it_11,2,306,0.6535947712418301,1,ok
tezibo_911,2,306,0.6535947712418301,1,ok
TF0117,2,306,0.6535947712418301,1,ok
th_mm,2,306,0.6535947712418301,1,ok
thankyou310,2,306,0.6535947712418301,1,ok
the_1st_song,2,306,0.6535947712418301,1,ok
the_rariho,2,306,0.6535947712418301,1,ok
thiscolor_good,2,306,0.6535947712418301,1,ok
TIHAYALOVE72,2,306,0.6535947712418301,1,ok
Tinkastel,2,306,0.6535947712418301,1,ok
TIRA_n_fantasia,2,306,0.6535947712418301,1,ok
tiuma0,2,306,0.6535947712418301,1,ok
tiyodasou,2,306,0.6535947712418301,1,ok
TJ_mm0127,2,306,0.6535947712418301,1,ok
Tjmvmaaya,2,306,0.6535947712418301,1,ok
tk2nd_,2,306,0.6535947712418301,1,ok
TK50501,2,306,0.6535947712418301,1,ok
tk77373,2,306,0.6535947712418301,1,ok
TK_fan821,2,306,0.6535947712418301,1,ok
tkd_ponta,2,306,0.6535947712418301,1,ok
TKK8637F,2,306,0.6535947712418301,1,ok
tkkryt1,2,306,0.6535947712418301,1,ok
tkmkeli,2,306,0.6535947712418301,1,ok
tky20131229,2,306,0.6535947712418301,1,ok
tm0_0tm,2,306,0.6535947712418301,1,ok
tmsay,2,306,0.6535947712418301,1,ok
tmt_juice8989,2,306,0.6535947712418301,1,ok
toby850817,2,306,0.6535947712418301,1,ok
toire_chan,2,306,0.6535947712418301,1,ok
toki27006475,2,306,0.6535947712418301,1,ok
tokky1205,2,306,0.6535947712418301,1,ok
toko811ym,2,306,0.6535947712418301,1,ok
tokuseikyokusen,2,306,0.6535947712418301,1,ok
Tokyo_hamu,2,306,0.6535947712418301,1,ok
tomcat_masa,2,306,0.6535947712418301,1,ok
tomo_hinaka,2,306,0.6535947712418301,1,ok
tomomei22,2,306,0.6535947712418301,1,ok
tomorilu,2,306,0.6535947712418301,1,ok
tomysozi,2,306,0.6535947712418301,1,ok
tonton_0428,2,306,0.6535947712418301,1,ok
tontontotossin,2,306,0.6535947712418301,1,ok
too_block,2,306,0.6535947712418301,1,ok
toramaru10,2,306,0.6535947712418301,1,ok
toranzamu,2,306,0.6535947712418301,1,ok
toranzamu007,2,306,0.6535947712418301,1,ok
Torenov,2,306,0.6535947712418301,1,ok
toroon_pad,2,306,0.6535947712418301,1,ok
Toshi_HERO_W,2,306,0.6535947712418301,1,ok
toshiamk2,2,306,0.6535947712418301,1,ok
toukaP_ryu,2,306,0.6535947712418301,1,ok
touma_raiku,2,306,0.6535947712418301,1,ok
tournament_of_N,2,306,0.6535947712418301,1,ok
towa_kagamin6,2,306,0.6535947712418301,1,ok
towakuro_key,2,306,0.6535947712418301,1,ok
toyu_taso,2,306,0.6535947712418301,1,ok
ToZ28715841,2,306,0.6535947712418301,1,ok
tri09gnal06,2,306,0.6535947712418301,1,ok
try_4031,2,306,0.6535947712418301,1,ok
tryangle_canvas,2,306,0.6535947712418301,1,ok
TrySota0112msn,2,306,0.6535947712418301,1,ok
ts1nanoha,2,306,0.6535947712418301,1,ok
tscruse,2,306,0.6535947712418301,1,ok
tshotatennis,2,306,0.6535947712418301,1,ok
tsoehghaucian,2,306,0.6535947712418301,1,ok
tspic,2,306,0.6535947712418301,1,ok
tsubajolno712,2,306,0.6535947712418301,1,ok
Tsubasa__1120_1,2,306,0.6535947712418301,1,ok
tsubotsu3,2,306,0.6535947712418301,1,ok
tsubu0228,2,306,0.6535947712418301,1,ok
TsuguKata,2,306,0.6535947712418301,1,ok
tsukirachan,2,306,0.6535947712418301,1,ok
Tsukushi_NoKo,2,306,0.6535947712418301,1,ok
tsuma_kate,2,306,0.6535947712418301,1,ok
Tsungekilove,2,306,0.6535947712418301,1,ok
tsuno_MAAK,2,306,0.6535947712418301,1,ok
tsurururu19,2,306,0.6535947712418301,1,ok
tsuyuzakura,2,306,0.6535947712418301,1,ok
TT_mhry,2,306,0.6535947712418301,1,ok
Tt_Rey9,2,306,0.6535947712418301,1,ok
ttsmkzu,2,306,0.6535947712418301,1,ok
tubo_tea,2,306,0.6535947712418301,1,ok
tuk1mine,2,306,0.6535947712418301,1,ok
tukibure_43,2,306,0.6535947712418301,1,ok
tunnelP218,2,306,0.6535947712418301,1,ok
turami,2,306,0.6535947712418301,1,ok
tuyuri_57,2,306,0.6535947712418301,1,ok
TuyuriKohane,2,306,0.6535947712418301,1,ok
tweet_boogiepop,2,306,0.6535947712418301,1,ok
twit_torepe,2,306,0.6535947712418301,1,ok
Two_Two7,2,306,0.6535947712418301,1,ok
tyaba_pm,2,306,0.6535947712418301,1,ok
tyndy_tofu,2,306,0.6535947712418301,1,ok
typeFS,2,306,0.6535947712418301,1,ok
U666RvbrO,2,306,0.6535947712418301,1,ok
u_dual_1,2,306,0.6535947712418301,1,ok
u_ron,2,306,0.6535947712418301,1,ok
U_UYU_,2,306,0.6535947712418301,1,ok
u_zeroxxx,2,306,0.6535947712418301,1,ok
uchida_oshi,2,306,0.6535947712418301,1,ok
uchiple,2,306,0.6535947712418301,1,ok
ueharamai,2,306,0.6535947712418301,1,ok
uemaitykcop,2,306,0.6535947712418301,1,ok
UEnaradu,2,306,0.6535947712418301,1,ok
ugen9607,2,306,0.6535947712418301,1,ok
uhho_hoi,2,306,0.6535947712418301,1,ok
uki_rinrin,2,306,0.6535947712418301,1,ok
ukihashiclaire,2,306,0.6535947712418301,1,ok
ukury,2,306,0.6535947712418301,1,ok
ULTRAMAAYA,2,306,0.6535947712418301,1,ok
umanami7701,2,306,0.6535947712418301,1,ok
umany,2,306,0.6535947712418301,1,ok
umbrella_Sunday,2,306,0.6535947712418301,1,ok
ume2940,2,306,0.6535947712418301,1,ok
umialpaca,2,306,0.6535947712418301,1,ok
umicho,2,306,0.6535947712418301,1,ok
umikaze77,2,306,0.6535947712418301,1,ok
umikaze98,2,306,0.6535947712418301,1,ok
umt_yuh,2,306,0.6535947712418301,1,ok
UMVEyeh,2,306,0.6535947712418301,1,ok
una12una12,2,306,0.6535947712418301,1,ok
unahal05,2,306,0.6535947712418301,1,ok
unciwilezed,2,306,0.6535947712418301,1,ok
unicorn_711,2,306,0.6535947712418301,1,ok
unippa,2,306,0.6535947712418301,1,ok
unkounkokko,2,306,0.6535947712418301,1,ok
unomatarie,2,306,0.6535947712418301,1,ok
unruly_coaster,2,306,0.6535947712418301,1,ok
ur303,2,306,0.6535947712418301,1,ok
ura_onikagura,2,306,0.6535947712418301,1,ok
urumax_ka,2,306,0.6535947712418301,1,ok
usa_gin,2,306,0.6535947712418301,1,ok
usada_j,2,306,0.6535947712418301,1,ok
UsakU_9,2,306,0.6535947712418301,1,ok
user_unknown0,2,306,0.6535947712418301,1,ok
ustes_ikes,2,306,0.6535947712418301,1,ok
uta_LiSA,2,306,0.6535947712418301,1,ok
UTA_TEN,2,306,0.6535947712418301,1,ok
utamaru0321,2,306,0.6535947712418301,1,ok
utnstn,2,306,0.6535947712418301,1,ok
uw8_aku,2,306,0.6535947712418301,1,ok
uzayabeam,2,306,0.6535947712418301,1,ok
vader_one1,2,306,0.6535947712418301,1,ok
vagan_chou,2,306,0.6535947712418301,1,ok
vaipar,2,306,0.6535947712418301,1,ok
valyu3,2,306,0.6535947712418301,1,ok
Vanillaff14,2,306,0.6535947712418301,1,ok
vector22643178,2,306,0.6535947712418301,1,ok
veruaju301,2,306,0.6535947712418301,1,ok
victorchuk622,2,306,0.6535947712418301,1,ok
vivid_ain,2,306,0.6535947712418301,1,ok
vivid_bitkey,2,306,0.6535947712418301,1,ok
vivid_blue3,2,306,0.6535947712418301,1,ok
vivio114,2,306,0.6535947712418301,1,ok
vivio_n,2,306,0.6535947712418301,1,ok
voiceactor_ani,2,306,0.6535947712418301,1,ok
vpv96,2,306,0.6535947712418301,1,ok
vv_dazur,2,306,0.6535947712418301,1,ok
vvknkkswkkvv,2,306,0.6535947712418301,1,ok
w_a__,2,306,0.6535947712418301,1,ok
w_PAPA_w,2,306,0.6535947712418301,1,ok
W_sb_ten,2,306,0.6535947712418301,1,ok
wachamin,2,306,0.6535947712418301,1,ok
waji_mmrn,2,306,0.6535947712418301,1,ok
WakeUpAlmn,2,306,0.6535947712418301,1,ok
wakuteka,2,306,0.6535947712418301,1,ok
waryuuryuu247,2,306,0.6535947712418301,1,ok
wassaaaa419,2,306,0.6535947712418301,1,ok
wasureruna_,2,306,0.6535947712418301,1,ok
watage_arterial,2,306,0.6535947712418301,1,ok
way_soyya,2,306,0.6535947712418301,1,ok
wearmusic,2,306,0.6535947712418301,1,ok
weatleweatle,2,306,0.6535947712418301,1,ok
west_seed,2,306,0.6535947712418301,1,ok
wh110crystal,2,306,0.6535947712418301,1,ok
wh_cozyboy,2,306,0.6535947712418301,1,ok
whitnnoswr2,2,306,0.6535947712418301,1,ok
will368,2,306,0.6535947712418301,1,ok
wilvenividivici,2,306,0.6535947712418301,1,ok
wingwingpin,2,306,0.6535947712418301,1,ok
winter_album_k,2,306,0.6535947712418301,1,ok
WiqBd,2,306,0.6535947712418301,1,ok
wiz_G_,2,306,0.6535947712418301,1,ok
wkatt_i,2,306,0.6535947712418301,1,ok
wnikuro1,2,306,0.6535947712418301,1,ok
WoodGlue0,2,306,0.6535947712418301,1,ok
Worldplplpl,2,306,0.6535947712418301,1,ok
wothn39,2,306,0.6535947712418301,1,ok
WSbot2,2,306,0.6535947712418301,1,ok
wsyume,2,306,0.6535947712418301,1,ok
wug_009,2,306,0.6535947712418301,1,ok
WUG_TZ_NANAMI,2,306,0.6535947712418301,1,ok
WUG_wug,2,306,0.6535947712418301,1,ok
wugchandesuyo1,2,306,0.6535947712418301,1,ok
wurm_Nova,2,306,0.6535947712418301,1,ok
wwy_6ary,2,306,0.6535947712418301,1,ok
x69_local,2,306,0.6535947712418301,1,ok
x_INTERSECT_x,2,306,0.6535947712418301,1,ok
xBUb2XW,2,306,0.6535947712418301,1,ok
xc_111,2,306,0.6535947712418301,1,ok
xCooki3ss,2,306,0.6535947712418301,1,ok
Xekkusu_Li,2,306,0.6535947712418301,1,ok
xenotopia628,2,306,0.6535947712418301,1,ok
xilch_road,2,306,0.6535947712418301,1,ok
xrnuxpp,2,306,0.6535947712418301,1,ok
XsHe5c_1,2,306,0.6535947712418301,1,ok
xx_ms93,2,306,0.6535947712418301,1,ok
xx_tk_pyon,2,306,0.6535947712418301,1,ok
xx_tkm_nj,2,306,0.6535947712418301,1,ok
xxxcowtsxx,2,306,0.6535947712418301,1,ok
Y2nixon,2,306,0.6535947712418301,1,ok
y_benjo,2,306,0.6535947712418301,1,ok
Y_deculture,2,306,0.6535947712418301,1,ok
y_syami,2,306,0.6535947712418301,1,ok
y_takahashi06,2,306,0.6535947712418301,1,ok
y_ucchy,2,306,0.6535947712418301,1,ok
Y_wA1k,2,306,0.6535947712418301,1,ok
Y_YAsukaFC,2,306,0.6535947712418301,1,ok
ya_amtthew,2,306,0.6535947712418301,1,ok
yahoo_mua,2,306,0.6535947712418301,1,ok
yaima1242,2,306,0.6535947712418301,1,ok
yaki_zakanaa,2,306,0.6535947712418301,1,ok
yama_pppppppp,2,306,0.6535947712418301,1,ok
yamada_atsuto,2,306,0.6535947712418301,1,ok
yamakita_takai,2,306,0.6535947712418301,1,ok
yamatatu84,2,306,0.6535947712418301,1,ok
yamatekyotanabe,2,306,0.6535947712418301,1,ok
yamayama0517,2,306,0.6535947712418301,1,ok
yamayanm,2,306,0.6535947712418301,1,ok
yamayc15,2,306,0.6535947712418301,1,ok
yaminchu402011,2,306,0.6535947712418301,1,ok
yammr1127,2,306,0.6535947712418301,1,ok
yamuyn,2,306,0.6535947712418301,1,ok
yanacotta29,2,306,0.6535947712418301,1,ok
yanbaru_otaku,2,306,0.6535947712418301,1,ok
yano3,2,306,0.6535947712418301,1,ok
yanyan1652,2,306,0.6535947712418301,1,ok
yaruohya_san,2,306,0.6535947712418301,1,ok
yasai_don,2,306,0.6535947712418301,1,ok
yashi_mu_im,2,306,0.6535947712418301,1,ok
yass_928,2,306,0.6535947712418301,1,ok
yassinary,2,306,0.6535947712418301,1,ok
yasuhara_taxi,2,306,0.6535947712418301,1,ok
yasuoyakkyoku,2,306,0.6535947712418301,1,ok
yazin,2,306,0.6535947712418301,1,ok
yellowstone7794,2,306,0.6535947712418301,1,ok
yggdrizzle,2,306,0.6535947712418301,1,ok
ygggggg_a,2,306,0.6535947712418301,1,ok
yh_yhbanshee,2,306,0.6535947712418301,1,ok
YhNtGnk,2,306,0.6535947712418301,1,ok
yk_kkr,2,306,0.6535947712418301,1,ok
YKC12_,2,306,0.6535947712418301,1,ok
ykchirista0114,2,306,0.6535947712418301,1,ok
ykchmso,2,306,0.6535947712418301,1,ok
ykm,2,306,0.6535947712418301,1,ok
ykrnhshs,2,306,0.6535947712418301,1,ok
ylyaiumsu,2,306,0.6535947712418301,1,ok
ym_765852,2,306,0.6535947712418301,1,ok
ymcf_K151,2,306,0.6535947712418301,1,ok
ymk_oO,2,306,0.6535947712418301,1,ok
yo_d1008,2,306,0.6535947712418301,1,ok
yodaka0318,2,306,0.6535947712418301,1,ok
yoiti1185,2,306,0.6535947712418301,1,ok
yokoline_1153,2,306,0.6535947712418301,1,ok
YomogiN,2,306,0.6535947712418301,1,ok
yomometa,2,306,0.6535947712418301,1,ok
yonta48,2,306,0.6535947712418301,1,ok
yoppi_cheese,2,306,0.6535947712418301,1,ok
yoshi04shiro,2,306,0.6535947712418301,1,ok
yoshidahisanori,2,306,0.6535947712418301,1,ok
yoshina9a,2,306,0.6535947712418301,1,ok
Yoshinooooooo,2,306,0.6535947712418301,1,ok
yoshirikoisgod,2,306,0.6535947712418301,1,ok
yoshitakovich,2,306,0.6535947712418301,1,ok
yoshiya1125,2,306,0.6535947712418301,1,ok
yosukenaito11,2,306,0.6535947712418301,1,ok
yosyuairi,2,306,0.6535947712418301,1,ok
you19750310,2,306,0.6535947712418301,1,ok
you66sa4989,2,306,0.6535947712418301,1,ok
youki_youki,2,306,0.6535947712418301,1,ok
youmuyoumu,2,306,0.6535947712418301,1,ok
youno717,2,306,0.6535947712418301,1,ok
YourNameIsMetan,2,306,0.6535947712418301,1,ok
yousorolover,2,306,0.6535947712418301,1,ok
yr330_,2,306,0.6535947712418301,1,ok
yrikifairytail,2,306,0.6535947712418301,1,ok
yrthyr2,2,306,0.6535947712418301,1,ok
yryrer1225,2,306,0.6535947712418301,1,ok
YSkyhigh,2,306,0.6535947712418301,1,ok
YSN_mugyu_KYN,2,306,0.6535947712418301,1,ok
yst,2,306,0.6535947712418301,1,ok
yt115yk13,2,306,0.6535947712418301,1,ok
yt__o914,2,306,0.6535947712418301,1,ok
ytmn228,2,306,0.6535947712418301,1,ok
yu128_imas,2,306,0.6535947712418301,1,ok
yu_0528_KM,2,306,0.6535947712418301,1,ok
yu_kano02_1,2,306,0.6535947712418301,1,ok
yu_ri_love01,2,306,0.6535947712418301,1,ok
yuatmil,2,306,0.6535947712418301,1,ok
Yubeshi7065,2,306,0.6535947712418301,1,ok
yucky_choiota,2,306,0.6535947712418301,1,ok
yui223s,2,306,0.6535947712418301,1,ok
yui_inori8600,2,306,0.6535947712418301,1,ok
yui_inori_,2,306,0.6535947712418301,1,ok
yui_love_0201,2,306,0.6535947712418301,1,ok
yui_try_____,2,306,0.6535947712418301,1,ok
YuiakiKuma,2,306,0.6535947712418301,1,ok
yuiamtm,2,306,0.6535947712418301,1,ok
yuiinori8600,2,306,0.6535947712418301,1,ok
yuikaori_0512,2,306,0.6535947712418301,1,ok
yuina0227,2,306,0.6535947712418301,1,ok
yuinyan01,2,306,0.6535947712418301,1,ok
YuiRisuzuko,2,306,0.6535947712418301,1,ok
yuiyuiRicca,2,306,0.6535947712418301,1,ok
yuk0shin,2,306,0.6535947712418301,1,ok
yuka_mmrn,2,306,0.6535947712418301,1,ok
yukanana_ny,2,306,0.6535947712418301,1,ok
yukarinm7,2,306,0.6535947712418301,1,ok
yukarinuki,2,306,0.6535947712418301,1,ok
yukasu___,2,306,0.6535947712418301,1,ok
Yuki7190,2,306,0.6535947712418301,1,ok
YuKI_1291,2,306,0.6535947712418301,1,ok
yuki_mon1201,2,306,0.6535947712418301,1,ok
yukiichigo15151,2,306,0.6535947712418301,1,ok
YuKimitsu_2525,2,306,0.6535947712418301,1,ok
yukimura0221,2,306,0.6535947712418301,1,ok
yukimuraeight,2,306,0.6535947712418301,1,ok
Yukin_muuun,2,306,0.6535947712418301,1,ok
yukine_souma422,2,306,0.6535947712418301,1,ok
Yukino_HJ,2,306,0.6535947712418301,1,ok
Yukino_SideM,2,306,0.6535947712418301,1,ok
yukirei1,2,306,0.6535947712418301,1,ok
yukisakana,2,306,0.6535947712418301,1,ok
yukitofooo,2,306,0.6535947712418301,1,ok
yukomi_sea,2,306,0.6535947712418301,1,ok
yum71943296,2,306,0.6535947712418301,1,ok
yuma_toi,2,306,0.6535947712418301,1,ok
yumettirin,2,306,0.6535947712418301,1,ok
YUN1287,2,306,0.6535947712418301,1,ok
yun82335209,2,306,0.6535947712418301,1,ok
yunnolik,2,306,0.6535947712418301,1,ok
yunohanomori,2,306,0.6535947712418301,1,ok
yurina17,2,306,0.6535947712418301,1,ok
yuriseiyu,2,306,0.6535947712418301,1,ok
yurishiina,2,306,0.6535947712418301,1,ok
yuriyuruyururi2,2,306,0.6535947712418301,1,ok
yushi_event,2,306,0.6535947712418301,1,ok
yusuke30927,2,306,0.6535947712418301,1,ok
yusuke310w,2,306,0.6535947712418301,1,ok
Yusuki,2,306,0.6535947712418301,1,ok
yutaroxxxx,2,306,0.6535947712418301,1,ok
yutoriotu01,2,306,0.6535947712418301,1,ok
yuuani,2,306,0.6535947712418301,1,ok
yuuri_1208,2,306,0.6535947712418301,1,ok
yuusariki,2,306,0.6535947712418301,1,ok
yuuu_,2,306,0.6535947712418301,1,ok
yuuya_0420,2,306,0.6535947712418301,1,ok
yux0526,2,306,0.6535947712418301,1,ok
yuyu_machi_,2,306,0.6535947712418301,1,ok
yuyu_r,2,306,0.6535947712418301,1,ok
yuyudrg777,2,306,0.6535947712418301,1,ok
yuyuscale,2,306,0.6535947712418301,1,ok
yuyuyuandanime,2,306,0.6535947712418301,1,ok
yuzu_u_,2,306,0.6535947712418301,1,ok
yuzuki194,2,306,0.6535947712418301,1,ok
yuzupon0728,2,306,0.6535947712418301,1,ok
yuzz_mm,2,306,0.6535947712418301,1,ok
Yy67041909Y,2,306,0.6535947712418301,1,ok
YY_S0J0,2,306,0.6535947712418301,1,ok
YYCSail,2,306,0.6535947712418301,1,ok
yyyashiiii,2,306,0.6535947712418301,1,ok
zack09955189,2,306,0.6535947712418301,1,ok
zaitakunorei,2,306,0.6535947712418301,1,ok
zaki_maaya,2,306,0.6535947712418301,1,ok
zakki_519,2,306,0.6535947712418301,1,ok
zakoshoot,2,306,0.6535947712418301,1,ok
zakurou396,2,306,0.6535947712418301,1,ok
zappy916,2,306,0.6535947712418301,1,ok
zawashan_m,2,306,0.6535947712418301,1,ok
zbd96268,2,306,0.6535947712418301,1,ok
Zcr77,2,306,0.6535947712418301,1,ok
zechs0822,2,306,0.6535947712418301,1,ok
zeke_monterey,2,306,0.6535947712418301,1,ok
zenza_i,2,306,0.6535947712418301,1,ok
zero_A,2,306,0.6535947712418301,1,ok
zeroaway152,2,306,0.6535947712418301,1,ok
Zerororo0,2,306,0.6535947712418301,1,ok
ZeTaBaiTo,2,306,0.6535947712418301,1,ok
zinzoseni,2,306,0.6535947712418301,1,ok
zkym52,2,306,0.6535947712418301,1,ok
zmsm_3930,2,306,0.6535947712418301,1,ok
zoro_cst,2,306,0.6535947712418301,1,ok
Zr5Th,2,306,0.6535947712418301,1,ok
zunndaman,2,306,0.6535947712418301,1,ok
zz0088229,2,306,0.6535947712418301,1,ok
Zzz_Inori,2,306,0.6535947712418301,1,ok
18_cottoncandy,1,306,0.32679738562091504,1,ok
3bird2,1,306,0.32679738562091504,1,ok
_uuyu,1,306,0.32679738562091504,1,ok
ari.ibys,1,306,0.32679738562091504,1,ok
BokuYabusaki,1,306,0.32679738562091504,1,ok
bontenmaru3510,1,306,0.32679738562091504,1,ok
ccretomy,1,306,0.32679738562091504,1,ok
chihojinnn,1,306,0.32679738562091504,1,ok
colorful_mckee,1,306,0.32679738562091504,1,ok
Dvx700Transgear,1,306,0.32679738562091504,1,ok
FEakatsuki01,1,306,0.32679738562091504,1,ok
glideas,1,306,0.32679738562091504,1,ok
hrnyan101,1,306,0.32679738562091504,1,ok
hydeist86,1,306,0.32679738562091504,1,ok
i_peche78,1,306,0.32679738562091504,1,ok
jaok1192890725,1,306,0.32679738562091504,1,ok
kamenseki,1,306,0.32679738562091504,1,ok
konoha_5020,1,306,0.32679738562091504,1,ok
m1m_Z,1,306,0.32679738562091504,1,ok
mikkuuuuuun,1,306,0.32679738562091504,1,ok
miyabi1010k,1,306,0.32679738562091504,1,ok
MoRikuma_0730,1,306,0.32679738562091504,1,ok
mutou_3001dl,1,306,0.32679738562091504,1,ok
mylolipony,1,306,0.32679738562091504,1,ok
NagaNoN,1,306,0.32679738562091504,1,ok
nozo_eli_1021,1,306,0.32679738562091504,1,ok
oshisukiii_tz,1,306,0.32679738562091504,1,ok
oyoyo_p,1,306,0.32679738562091504,1,ok
planet96sheep,1,306,0.32679738562091504,1,ok
Rikopin_suki,1,306,0.32679738562091504,1,ok
suneikusnake,1,306,0.32679738562091504,1,ok
suzuta_rinrin,1,306,0.32679738562091504,1,ok
thkmkmny,1,306,0.32679738562091504,1,ok
txtxublo,1,306,0.32679738562091504,1,ok
Xerxes_break,1,306,0.32679738562091504,1,ok
ydfmiku,1,306,0.32679738562091504,1,ok
yj_moonlight15,1,306,0.32679738562091504,1,ok
yocii,1,306,0.32679738562091504,1,ok
yugeyugeyu,1,306,0.32679738562091504,1,ok
yukitkr,1,306,0.32679738562091504,1,ok
yutabp5c,1,306,0.32679738562091504,1,ok
